# Clear-sky DIRECT-NORMAL solar spectral irradiance at the ground, air mass 1.5. Columns:
# wavelength in MICROMETRES, spectral irradiance in W m-2 um-1.
#
# STATUS: MODELLED, NOT MEASURED. Not ASTM G-173. The extraterrestrial input is the companion
# toa_planck_5778k.csv; the atmosphere is a clear-sky direct-beam band model --
#   * Rayleigh scattering, Bird & Riordan (1984) analytic optical depth
#   * Angstrom aerosol, beta = 0.03812, alpha = 1.14 (AOD 0.084 at 500 nm)
#   * ozone Chappuis band, 0.34 atm-cm
#   * the major water-vapour bands and the O2 A-band / CO2 bands as Gaussians in ln(lambda)
# Band CENTRES are spectroscopy. Band STRENGTHS carry one common water multiplier, fitted here to
# 0.093663 so that the AM1.5 integral is the 900.1 W m-2 that defines G-173's direct-normal
# reference. The integral is therefore NOT an independent check of this file; the checks that are
# independent are on shape -- 1.38 um and 1.87 um come out opaque, which is why a SWIR camera is
# blind there, and that was not fitted.
#
# Total: 900.10 W m-2. Transmittance at 1.38 um 0.0248, at 1.87 um 0.0082,
# at 1.06 um 0.9241, at 1.55 um 0.9441.
# Generated by scripts/generate_solar_spectra.py on 2026-09-15 (roadmap M11.3).
wavelength_um,irradiance_w_m2_um
0.3000,1.081816e+02
0.3020,1.166218e+02
0.3040,1.254246e+02
0.3060,1.345864e+02
0.3080,1.441027e+02
0.3100,1.539684e+02
0.3120,1.641773e+02
0.3140,1.747226e+02
0.3160,1.855968e+02
0.3180,1.967917e+02
0.3200,2.082984e+02
0.3220,2.201077e+02
0.3240,2.322095e+02
0.3260,2.445936e+02
0.3280,2.572491e+02
0.3300,2.701648e+02
0.3320,2.833293e+02
0.3340,2.967308e+02
0.3360,3.103572e+02
0.3380,3.241965e+02
0.3400,3.382361e+02
0.3420,3.524637e+02
0.3440,3.668666e+02
0.3460,3.814323e+02
0.3480,3.961482e+02
0.3500,4.110016e+02
0.3520,4.259800e+02
0.3540,4.410710e+02
0.3560,4.562621e+02
0.3580,4.715411e+02
0.3600,4.868959e+02
0.3620,5.023145e+02
0.3640,5.177853e+02
0.3660,5.332966e+02
0.3680,5.488371e+02
0.3700,5.643956e+02
0.3720,5.799615e+02
0.3740,5.955239e+02
0.3760,6.110725e+02
0.3780,6.265973e+02
0.3800,6.420883e+02
0.3820,6.575361e+02
0.3840,6.729315e+02
0.3860,6.882653e+02
0.3880,7.035290e+02
0.3900,7.187141e+02
0.3920,7.338126e+02
0.3940,7.488165e+02
0.3960,7.637185e+02
0.3980,7.785112e+02
0.4000,7.931876e+02
0.4020,8.077412e+02
0.4040,8.221656e+02
0.4060,8.364545e+02
0.4080,8.506022e+02
0.4100,8.646032e+02
0.4120,8.784521e+02
0.4140,8.921438e+02
0.4160,9.056736e+02
0.4180,9.190370e+02
0.4200,9.322296e+02
0.4220,9.452473e+02
0.4240,9.580865e+02
0.4260,9.707435e+02
0.4280,9.832149e+02
0.4300,9.954975e+02
0.4320,1.007589e+03
0.4340,1.019485e+03
0.4360,1.031185e+03
0.4380,1.042685e+03
0.4400,1.053984e+03
0.4420,1.065080e+03
0.4440,1.075971e+03
0.4460,1.086655e+03
0.4480,1.097131e+03
0.4500,1.107397e+03
0.4520,1.117453e+03
0.4540,1.127298e+03
0.4560,1.136931e+03
0.4580,1.146351e+03
0.4600,1.155558e+03
0.4620,1.164551e+03
0.4640,1.173330e+03
0.4660,1.181896e+03
0.4680,1.190249e+03
0.4700,1.198388e+03
0.4720,1.206314e+03
0.4740,1.214027e+03
0.4760,1.221529e+03
0.4780,1.228819e+03
0.4800,1.235899e+03
0.4820,1.242770e+03
0.4840,1.249433e+03
0.4860,1.255889e+03
0.4880,1.262139e+03
0.4900,1.268185e+03
0.4920,1.274029e+03
0.4940,1.279671e+03
0.4960,1.285114e+03
0.4980,1.290360e+03
0.5000,1.295411e+03
0.5020,1.300268e+03
0.5040,1.304935e+03
0.5060,1.309412e+03
0.5080,1.313703e+03
0.5100,1.317809e+03
0.5120,1.321735e+03
0.5140,1.325481e+03
0.5160,1.329050e+03
0.5180,1.332446e+03
0.5200,1.335672e+03
0.5220,1.338729e+03
0.5240,1.341621e+03
0.5260,1.344352e+03
0.5280,1.346923e+03
0.5300,1.349339e+03
0.5320,1.351601e+03
0.5340,1.353715e+03
0.5360,1.355682e+03
0.5380,1.357505e+03
0.5400,1.359189e+03
0.5420,1.360737e+03
0.5440,1.362151e+03
0.5460,1.363436e+03
0.5480,1.364593e+03
0.5500,1.365628e+03
0.5520,1.366542e+03
0.5540,1.367340e+03
0.5560,1.368024e+03
0.5580,1.368599e+03
0.5600,1.369066e+03
0.5620,1.369429e+03
0.5640,1.369691e+03
0.5660,1.369856e+03
0.5680,1.369926e+03
0.5700,1.369905e+03
0.5720,1.369795e+03
0.5740,1.369599e+03
0.5760,1.369320e+03
0.5780,1.368960e+03
0.5800,1.368523e+03
0.5820,1.368011e+03
0.5840,1.367426e+03
0.5860,1.366770e+03
0.5880,1.366047e+03
0.5900,1.365257e+03
0.5920,1.364404e+03
0.5940,1.363489e+03
0.5960,1.362515e+03
0.5980,1.361482e+03
0.6000,1.360393e+03
0.6020,1.359250e+03
0.6040,1.358053e+03
0.6060,1.356805e+03
0.6080,1.355506e+03
0.6100,1.354159e+03
0.6120,1.352763e+03
0.6140,1.351321e+03
0.6160,1.349833e+03
0.6180,1.348300e+03
0.6200,1.346723e+03
0.6220,1.345103e+03
0.6240,1.343440e+03
0.6260,1.341734e+03
0.6280,1.339988e+03
0.6300,1.338200e+03
0.6320,1.336371e+03
0.6340,1.334503e+03
0.6360,1.332594e+03
0.6380,1.330645e+03
0.6400,1.328656e+03
0.6420,1.326628e+03
0.6440,1.324561e+03
0.6460,1.322455e+03
0.6480,1.320309e+03
0.6500,1.318124e+03
0.6520,1.315900e+03
0.6540,1.313637e+03
0.6560,1.311334e+03
0.6580,1.308993e+03
0.6600,1.306612e+03
0.6620,1.304192e+03
0.6640,1.301733e+03
0.6660,1.299234e+03
0.6680,1.296697e+03
0.6700,1.294120e+03
0.6720,1.291504e+03
0.6740,1.288849e+03
0.6760,1.286155e+03
0.6780,1.283421e+03
0.6800,1.280649e+03
0.6820,1.277836e+03
0.6840,1.274980e+03
0.6860,1.272073e+03
0.6880,1.269098e+03
0.6900,1.266019e+03
0.6920,1.262766e+03
0.6940,1.259211e+03
0.6960,1.255149e+03
0.6980,1.250270e+03
0.7000,1.244166e+03
0.7020,1.236364e+03
0.7040,1.226422e+03
0.7060,1.214076e+03
0.7080,1.199401e+03
0.7100,1.182949e+03
0.7120,1.165778e+03
0.7140,1.149334e+03
0.7160,1.135208e+03
0.7180,1.124820e+03
0.7200,1.119117e+03
0.7220,1.118381e+03
0.7240,1.122176e+03
0.7260,1.129453e+03
0.7280,1.138781e+03
0.7300,1.148641e+03
0.7320,1.157708e+03
0.7340,1.165050e+03
0.7360,1.170200e+03
0.7380,1.173109e+03
0.7400,1.174020e+03
0.7420,1.173329e+03
0.7440,1.171442e+03
0.7460,1.168554e+03
0.7480,1.163622e+03
0.7500,1.149748e+03
0.7520,1.101580e+03
0.7540,9.665557e+02
0.7560,7.172389e+02
0.7580,4.443886e+02
0.7600,2.716014e+02
0.7620,2.187694e+02
0.7640,2.694589e+02
0.7660,4.359126e+02
0.7680,6.960787e+02
0.7700,9.324780e+02
0.7720,1.059407e+03
0.7740,1.101564e+03
0.7760,1.109012e+03
0.7780,1.107113e+03
0.7800,1.103395e+03
0.7820,1.099398e+03
0.7840,1.095342e+03
0.7860,1.091230e+03
0.7880,1.087030e+03
0.7900,1.082684e+03
0.7920,1.078112e+03
0.7940,1.073199e+03
0.7960,1.067800e+03
0.7980,1.061744e+03
0.8000,1.054854e+03
0.8020,1.046972e+03
0.8040,1.037998e+03
0.8060,1.027932e+03
0.8080,1.016913e+03
0.8100,1.005233e+03
0.8120,9.933343e+02
0.8140,9.817704e+02
0.8160,9.711437e+02
0.8180,9.620255e+02
0.8200,9.548761e+02
0.8220,9.499804e+02
0.8240,9.474076e+02
0.8260,9.470048e+02
0.8280,9.484220e+02
0.8300,9.511653e+02
0.8320,9.546673e+02
0.8340,9.583629e+02
0.8360,9.617564e+02
0.8380,9.644697e+02
0.8400,9.662648e+02
0.8420,9.670412e+02
0.8440,9.668135e+02
0.8460,9.656783e+02
0.8480,9.637781e+02
0.8500,9.612712e+02
0.8520,9.583085e+02
0.8540,9.550205e+02
0.8560,9.515112e+02
0.8580,9.478583e+02
0.8600,9.441167e+02
0.8620,9.403224e+02
0.8640,9.364975e+02
0.8660,9.326539e+02
0.8680,9.287959e+02
0.8700,9.249221e+02
0.8720,9.210262e+02
0.8740,9.170971e+02
0.8760,9.131183e+02
0.8780,9.090672e+02
0.8800,9.049141e+02
0.8820,9.006204e+02
0.8840,8.961381e+02
0.8860,8.914079e+02
0.8880,8.863588e+02
0.8900,8.809082e+02
0.8920,8.749623e+02
0.8940,8.684182e+02
0.8960,8.611672e+02
0.8980,8.530996e+02
0.9000,8.441112e+02
0.9020,8.341111e+02
0.9040,8.230300e+02
0.9060,8.108299e+02
0.9080,7.975123e+02
0.9100,7.831256e+02
0.9120,7.677697e+02
0.9140,7.515975e+02
0.9160,7.348125e+02
0.9180,7.176632e+02
0.9200,7.004331e+02
0.9220,6.834288e+02
0.9240,6.669659e+02
0.9260,6.513555e+02
0.9280,6.368909e+02
0.9300,6.238361e+02
0.9320,6.124174e+02
0.9340,6.028168e+02
0.9360,5.951683e+02
0.9380,5.895558e+02
0.9400,5.860136e+02
0.9420,5.845264e+02
0.9440,5.850316e+02
0.9460,5.874215e+02
0.9480,5.915464e+02
0.9500,5.972182e+02
0.9520,6.042159e+02
0.9540,6.122915e+02
0.9560,6.211780e+02
0.9580,6.305980e+02
0.9600,6.402739e+02
0.9620,6.499382e+02
0.9640,6.593430e+02
0.9660,6.682692e+02
0.9680,6.765335e+02
0.9700,6.839924e+02
0.9720,6.905449e+02
0.9740,6.961315e+02
0.9760,7.007312e+02
0.9780,7.043569e+02
0.9800,7.070495e+02
0.9820,7.088711e+02
0.9840,7.098986e+02
0.9860,7.102173e+02
0.9880,7.099161e+02
0.9900,7.090825e+02
0.9920,7.078001e+02
0.9940,7.061454e+02
0.9960,7.041872e+02
0.9980,7.019858e+02
1.0000,6.995925e+02
1.0020,6.970505e+02
1.0040,6.943954e+02
1.0060,6.916560e+02
1.0080,6.888553e+02
1.0100,6.860111e+02
1.0120,6.831372e+02
1.0140,6.802439e+02
1.0160,6.773387e+02
1.0180,6.744269e+02
1.0200,6.715117e+02
1.0220,6.685952e+02
1.0240,6.656777e+02
1.0260,6.627587e+02
1.0280,6.598367e+02
1.0300,6.569090e+02
1.0320,6.539719e+02
1.0340,6.510208e+02
1.0360,6.480496e+02
1.0380,6.450512e+02
1.0400,6.420170e+02
1.0420,6.389370e+02
1.0440,6.357992e+02
1.0460,6.325900e+02
1.0480,6.292939e+02
1.0500,6.258934e+02
1.0520,6.223687e+02
1.0540,6.186984e+02
1.0560,6.148587e+02
1.0580,6.108244e+02
1.0600,6.065687e+02
1.0620,6.020635e+02
1.0640,5.972801e+02
1.0660,5.921900e+02
1.0680,5.867650e+02
1.0700,5.809787e+02
1.0720,5.748070e+02
1.0740,5.682294e+02
1.0760,5.612295e+02
1.0780,5.537969e+02
1.0800,5.459274e+02
1.0820,5.376241e+02
1.0840,5.288984e+02
1.0860,5.197703e+02
1.0880,5.102686e+02
1.0900,5.004312e+02
1.0920,4.903045e+02
1.0940,4.799429e+02
1.0960,4.694080e+02
1.0980,4.587674e+02
1.1000,4.480932e+02
1.1020,4.374606e+02
1.1040,4.269466e+02
1.1060,4.166276e+02
1.1080,4.065789e+02
1.1100,3.968724e+02
1.1120,3.875758e+02
1.1140,3.787516e+02
1.1160,3.704563e+02
1.1180,3.627395e+02
1.1200,3.556442e+02
1.1220,3.492059e+02
1.1240,3.434535e+02
1.1260,3.384087e+02
1.1280,3.340869e+02
1.1300,3.304969e+02
1.1320,3.276417e+02
1.1340,3.255189e+02
1.1360,3.241205e+02
1.1380,3.234335e+02
1.1400,3.234401e+02
1.1420,3.241177e+02
1.1440,3.254391e+02
1.1460,3.273727e+02
1.1480,3.298824e+02
1.1500,3.329277e+02
1.1520,3.364641e+02
1.1540,3.404433e+02
1.1560,3.448130e+02
1.1580,3.495183e+02
1.1600,3.545013e+02
1.1620,3.597024e+02
1.1640,3.650606e+02
1.1660,3.705146e+02
1.1680,3.760040e+02
1.1700,3.814694e+02
1.1720,3.868543e+02
1.1740,3.921054e+02
1.1760,3.971735e+02
1.1780,4.020143e+02
1.1800,4.065890e+02
1.1820,4.108647e+02
1.1840,4.148144e+02
1.1860,4.184171e+02
1.1880,4.216582e+02
1.1900,4.245284e+02
1.1920,4.270240e+02
1.1940,4.291458e+02
1.1960,4.308989e+02
1.1980,4.322920e+02
1.2000,4.333364e+02
1.2020,4.340458e+02
1.2040,4.344351e+02
1.2060,4.345200e+02
1.2080,4.343166e+02
1.2100,4.338406e+02
1.2120,4.331069e+02
1.2140,4.321292e+02
1.2160,4.309196e+02
1.2180,4.294886e+02
1.2200,4.278447e+02
1.2220,4.259942e+02
1.2240,4.239413e+02
1.2260,4.216877e+02
1.2280,4.192332e+02
1.2300,4.165750e+02
1.2320,4.137085e+02
1.2340,4.106264e+02
1.2360,4.073190e+02
1.2380,4.037725e+02
1.2400,3.999663e+02
1.2420,3.958651e+02
1.2440,3.914066e+02
1.2460,3.864786e+02
1.2480,3.808905e+02
1.2500,3.743467e+02
1.2520,3.664439e+02
1.2540,3.567229e+02
1.2560,3.448003e+02
1.2580,3.305663e+02
1.2600,3.143787e+02
1.2620,2.971367e+02
1.2640,2.801509e+02
1.2660,2.648336e+02
1.2680,2.523389e+02
1.2700,2.432923e+02
1.2720,2.376790e+02
1.2740,2.348784e+02
1.2760,2.338155e+02
1.2780,2.332045e+02
1.2800,2.318424e+02
1.2820,2.288704e+02
1.2840,2.239086e+02
1.2860,2.170223e+02
1.2880,2.085683e+02
1.2900,1.990124e+02
1.2920,1.887934e+02
1.2940,1.782573e+02
1.2960,1.676490e+02
1.2980,1.571314e+02
1.3000,1.468121e+02
1.3020,1.367650e+02
1.3040,1.270437e+02
1.3060,1.176902e+02
1.3080,1.087378e+02
1.3100,1.002129e+02
1.3120,9.213525e+01
1.3140,8.451876e+01
1.3160,7.737121e+01
1.3180,7.069475e+01
1.3200,6.448634e+01
1.3220,5.873818e+01
1.3240,5.343830e+01
1.3260,4.857125e+01
1.3280,4.411864e+01
1.3300,4.005987e+01
1.3320,3.637271e+01
1.3340,3.303387e+01
1.3360,3.001958e+01
1.3380,2.730596e+01
1.3400,2.486953e+01
1.3420,2.268744e+01
1.3440,2.073779e+01
1.3460,1.899981e+01
1.3480,1.745400e+01
1.3500,1.608223e+01
1.3520,1.486777e+01
1.3540,1.379533e+01
1.3560,1.285102e+01
1.3580,1.202232e+01
1.3600,1.129801e+01
1.3620,1.066816e+01
1.3640,1.012396e+01
1.3660,9.657757e+00
1.3680,9.262891e+00
1.3700,8.933675e+00
1.3720,8.665312e+00
1.3740,8.453836e+00
1.3760,8.296056e+00
1.3780,8.189511e+00
1.3800,8.132431e+00
1.3820,8.123703e+00
1.3840,8.162844e+00
1.3860,8.249987e+00
1.3880,8.385867e+00
1.3900,8.571812e+00
1.3920,8.809750e+00
1.3940,9.102202e+00
1.3960,9.452299e+00
1.3980,9.863785e+00
1.4000,1.034103e+01
1.4020,1.088903e+01
1.4040,1.151343e+01
1.4060,1.222052e+01
1.4080,1.301722e+01
1.4100,1.391109e+01
1.4120,1.491028e+01
1.4140,1.602351e+01
1.4160,1.726001e+01
1.4180,1.862946e+01
1.4200,2.014188e+01
1.4220,2.180751e+01
1.4240,2.363670e+01
1.4260,2.563973e+01
1.4280,2.782662e+01
1.4300,3.020692e+01
1.4320,3.278952e+01
1.4340,3.558236e+01
1.4360,3.859223e+01
1.4380,4.182447e+01
1.4400,4.528279e+01
1.4420,4.896895e+01
1.4440,5.288264e+01
1.4460,5.702123e+01
1.4480,6.137966e+01
1.4500,6.595036e+01
1.4520,7.072316e+01
1.4540,7.568534e+01
1.4560,8.082169e+01
1.4580,8.611466e+01
1.4600,9.154451e+01
1.4620,9.708959e+01
1.4640,1.027266e+02
1.4660,1.084311e+02
1.4680,1.141774e+02
1.4700,1.199395e+02
1.4720,1.256911e+02
1.4740,1.314064e+02
1.4760,1.370597e+02
1.4780,1.426267e+02
1.4800,1.480842e+02
1.4820,1.534105e+02
1.4840,1.585856e+02
1.4860,1.635917e+02
1.4880,1.684130e+02
1.4900,1.730359e+02
1.4920,1.774490e+02
1.4940,1.816433e+02
1.4960,1.856118e+02
1.4980,1.893500e+02
1.5000,1.928550e+02
1.5020,1.961261e+02
1.5040,1.991642e+02
1.5060,2.019721e+02
1.5080,2.045536e+02
1.5100,2.069140e+02
1.5120,2.090596e+02
1.5140,2.109977e+02
1.5160,2.127362e+02
1.5180,2.142837e+02
1.5200,2.156489e+02
1.5220,2.168413e+02
1.5240,2.178702e+02
1.5260,2.187450e+02
1.5280,2.194752e+02
1.5300,2.200701e+02
1.5320,2.205387e+02
1.5340,2.208898e+02
1.5360,2.211321e+02
1.5380,2.212736e+02
1.5400,2.213222e+02
1.5420,2.212853e+02
1.5440,2.211700e+02
1.5460,2.209828e+02
1.5480,2.207298e+02
1.5500,2.204168e+02
1.5520,2.200493e+02
1.5540,2.196320e+02
1.5560,2.191696e+02
1.5580,2.186662e+02
1.5600,2.181256e+02
1.5620,2.175513e+02
1.5640,2.169464e+02
1.5660,2.163138e+02
1.5680,2.156559e+02
1.5700,2.149750e+02
1.5720,2.142730e+02
1.5740,2.135517e+02
1.5760,2.128125e+02
1.5780,2.120567e+02
1.5800,2.112853e+02
1.5820,2.104992e+02
1.5840,2.096991e+02
1.5860,2.088853e+02
1.5880,2.080583e+02
1.5900,2.072181e+02
1.5920,2.063649e+02
1.5940,2.054984e+02
1.5960,2.046184e+02
1.5980,2.037244e+02
1.6000,2.028160e+02
1.6020,2.018925e+02
1.6040,2.009531e+02
1.6060,1.999969e+02
1.6080,1.990230e+02
1.6100,1.980302e+02
1.6120,1.970174e+02
1.6140,1.959832e+02
1.6160,1.949263e+02
1.6180,1.938451e+02
1.6200,1.927382e+02
1.6220,1.916038e+02
1.6240,1.904403e+02
1.6260,1.892458e+02
1.6280,1.880184e+02
1.6300,1.867562e+02
1.6320,1.854573e+02
1.6340,1.841195e+02
1.6360,1.827408e+02
1.6380,1.813191e+02
1.6400,1.798522e+02
1.6420,1.783381e+02
1.6440,1.767746e+02
1.6460,1.751595e+02
1.6480,1.734908e+02
1.6500,1.717665e+02
1.6520,1.699846e+02
1.6540,1.681432e+02
1.6560,1.662405e+02
1.6580,1.642749e+02
1.6600,1.622449e+02
1.6620,1.601491e+02
1.6640,1.579863e+02
1.6660,1.557557e+02
1.6680,1.534564e+02
1.6700,1.510881e+02
1.6720,1.486505e+02
1.6740,1.461438e+02
1.6760,1.435683e+02
1.6780,1.409249e+02
1.6800,1.382146e+02
1.6820,1.354390e+02
1.6840,1.325999e+02
1.6860,1.296996e+02
1.6880,1.267408e+02
1.6900,1.237264e+02
1.6920,1.206600e+02
1.6940,1.175455e+02
1.6960,1.143871e+02
1.6980,1.111893e+02
1.7000,1.079573e+02
1.7020,1.046963e+02
1.7040,1.014120e+02
1.7060,9.811027e+01
1.7080,9.479726e+01
1.7100,9.147933e+01
1.7120,8.816302e+01
1.7140,8.485494e+01
1.7160,8.156179e+01
1.7180,7.829029e+01
1.7200,7.504712e+01
1.7220,7.183885e+01
1.7240,6.867194e+01
1.7260,6.555265e+01
1.7280,6.248698e+01
1.7300,5.948065e+01
1.7320,5.653907e+01
1.7340,5.366725e+01
1.7360,5.086980e+01
1.7380,4.815090e+01
1.7400,4.551425e+01
1.7420,4.296309e+01
1.7440,4.050014e+01
1.7460,3.812763e+01
1.7480,3.584728e+01
1.7500,3.366031e+01
1.7520,3.156744e+01
1.7540,2.956893e+01
1.7560,2.766456e+01
1.7580,2.585369e+01
1.7600,2.413526e+01
1.7620,2.250785e+01
1.7640,2.096969e+01
1.7660,1.951869e+01
1.7680,1.815251e+01
1.7700,1.686855e+01
1.7720,1.566401e+01
1.7740,1.453596e+01
1.7760,1.348130e+01
1.7780,1.249685e+01
1.7800,1.157937e+01
1.7820,1.072558e+01
1.7840,9.932197e+00
1.7860,9.195954e+00
1.7880,8.513622e+00
1.7900,7.882030e+00
1.7920,7.298085e+00
1.7940,6.758784e+00
1.7960,6.261227e+00
1.7980,5.802623e+00
1.8000,5.380304e+00
1.8020,4.991723e+00
1.8040,4.634462e+00
1.8060,4.306233e+00
1.8080,4.004877e+00
1.8100,3.728366e+00
1.8120,3.474796e+00
1.8140,3.242389e+00
1.8160,3.029489e+00
1.8180,2.834553e+00
1.8200,2.656151e+00
1.8220,2.492960e+00
1.8240,2.343758e+00
1.8260,2.207417e+00
1.8280,2.082901e+00
1.8300,1.969259e+00
1.8320,1.865618e+00
1.8340,1.771183e+00
1.8360,1.685224e+00
1.8380,1.607079e+00
1.8400,1.536144e+00
1.8420,1.471872e+00
1.8440,1.413769e+00
1.8460,1.361386e+00
1.8480,1.314322e+00
1.8500,1.272214e+00
1.8520,1.234740e+00
1.8540,1.201612e+00
1.8560,1.172576e+00
1.8580,1.147409e+00
1.8600,1.125917e+00
1.8620,1.107933e+00
1.8640,1.093313e+00
1.8660,1.081942e+00
1.8680,1.073725e+00
1.8700,1.068588e+00
1.8720,1.066480e+00
1.8740,1.067370e+00
1.8760,1.071246e+00
1.8780,1.078115e+00
1.8800,1.088005e+00
1.8820,1.100958e+00
1.8840,1.117039e+00
1.8860,1.136328e+00
1.8880,1.158923e+00
1.8900,1.184940e+00
1.8920,1.214510e+00
1.8940,1.247781e+00
1.8960,1.284915e+00
1.8980,1.326088e+00
1.9000,1.371486e+00
1.9020,1.421304e+00
1.9040,1.475739e+00
1.9060,1.534990e+00
1.9080,1.599247e+00
1.9100,1.668687e+00
1.9120,1.743460e+00
1.9140,1.823680e+00
1.9160,1.909409e+00
1.9180,2.000642e+00
1.9200,2.097283e+00
1.9220,2.199128e+00
1.9240,2.305836e+00
1.9260,2.416908e+00
1.9280,2.531656e+00
1.9300,2.649180e+00
1.9320,2.768349e+00
1.9340,2.887779e+00
1.9360,3.005831e+00
1.9380,3.120614e+00
1.9400,3.230004e+00
1.9420,3.331687e+00
1.9440,3.423213e+00
1.9460,3.502083e+00
1.9480,3.565844e+00
1.9500,3.612209e+00
1.9520,3.639183e+00
1.9540,3.645191e+00
1.9560,3.629193e+00
1.9580,3.590784e+00
1.9600,3.530252e+00
1.9620,3.448602e+00
1.9640,3.347533e+00
1.9660,3.229361e+00
1.9680,3.096908e+00
1.9700,2.953352e+00
1.9720,2.802065e+00
1.9740,2.646444e+00
1.9760,2.489748e+00
1.9780,2.334970e+00
1.9800,2.184731e+00
1.9820,2.041216e+00
1.9840,1.906150e+00
1.9860,1.780796e+00
1.9880,1.665993e+00
1.9900,1.562198e+00
1.9920,1.469557e+00
1.9940,1.387958e+00
1.9960,1.317101e+00
1.9980,1.256547e+00
2.0000,1.205771e+00
2.0020,1.164191e+00
2.0040,1.131202e+00
2.0060,1.106188e+00
2.0080,1.088537e+00
2.0100,1.077639e+00
2.0120,1.072892e+00
2.0140,1.073698e+00
2.0160,1.079463e+00
2.0180,1.089601e+00
2.0200,1.103539e+00
2.0220,1.120733e+00
2.0240,1.140687e+00
2.0260,1.162978e+00
2.0280,1.187295e+00
2.0300,1.213463e+00
2.0320,1.241488e+00
2.0340,1.271589e+00
2.0360,1.304225e+00
2.0380,1.340124e+00
2.0400,1.380303e+00
2.0420,1.426094e+00
2.0440,1.479162e+00
2.0460,1.541543e+00
2.0480,1.615685e+00
2.0500,1.704515e+00
2.0520,1.811521e+00
2.0540,1.940868e+00
2.0560,2.097536e+00
2.0580,2.287494e+00
2.0600,2.517897e+00
2.0620,2.797306e+00
2.0640,3.135921e+00
2.0660,3.545803e+00
2.0680,4.041064e+00
2.0700,4.637990e+00
2.0720,5.355034e+00
2.0740,6.212641e+00
2.0760,7.232831e+00
2.0780,8.438484e+00
2.0800,9.852295e+00
2.0820,1.149539e+01
2.0840,1.338564e+01
2.0860,1.553581e+01
2.0880,1.795164e+01
2.0900,2.063016e+01
2.0920,2.355845e+01
2.0940,2.671294e+01
2.0960,3.005974e+01
2.0980,3.355561e+01
2.1000,3.715002e+01
2.1020,4.078763e+01
2.1040,4.441138e+01
2.1060,4.796557e+01
2.1080,5.139867e+01
2.1100,5.466575e+01
2.1120,5.773019e+01
2.1140,6.056457e+01
2.1160,6.315094e+01
2.1180,6.548038e+01
2.1200,6.755204e+01
2.1220,6.937198e+01
2.1240,7.095166e+01
2.1260,7.230653e+01
2.1280,7.345470e+01
2.1300,7.441570e+01
2.1320,7.520948e+01
2.1340,7.585565e+01
2.1360,7.637288e+01
2.1380,7.677850e+01
2.1400,7.708825e+01
2.1420,7.731619e+01
2.1440,7.747471e+01
2.1460,7.757451e+01
2.1480,7.762481e+01
2.1500,7.763340e+01
2.1520,7.760683e+01
2.1540,7.755057e+01
2.1560,7.746913e+01
2.1580,7.736624e+01
2.1600,7.724494e+01
2.1620,7.710770e+01
2.1640,7.695655e+01
2.1660,7.679310e+01
2.1680,7.661868e+01
2.1700,7.643437e+01
2.1720,7.624104e+01
2.1740,7.603939e+01
2.1760,7.583001e+01
2.1780,7.561337e+01
2.1800,7.538987e+01
2.1820,7.515983e+01
2.1840,7.492353e+01
2.1860,7.468119e+01
2.1880,7.443300e+01
2.1900,7.417913e+01
2.1920,7.391970e+01
2.1940,7.365484e+01
2.1960,7.338462e+01
2.1980,7.310913e+01
2.2000,7.282841e+01
2.2020,7.254252e+01
2.2040,7.225148e+01
2.2060,7.195530e+01
2.2080,7.165400e+01
2.2100,7.134756e+01
2.2120,7.103598e+01
2.2140,7.071921e+01
2.2160,7.039723e+01
2.2180,7.007000e+01
2.2200,6.973746e+01
2.2220,6.939955e+01
2.2240,6.905621e+01
2.2260,6.870737e+01
2.2280,6.835294e+01
2.2300,6.799286e+01
2.2320,6.762701e+01
2.2340,6.725533e+01
2.2360,6.687770e+01
2.2380,6.649404e+01
2.2400,6.610423e+01
2.2420,6.570818e+01
2.2440,6.530577e+01
2.2460,6.489691e+01
2.2480,6.448148e+01
2.2500,6.405937e+01
2.2520,6.363048e+01
2.2540,6.319470e+01
2.2560,6.275193e+01
2.2580,6.230205e+01
2.2600,6.184498e+01
2.2620,6.138061e+01
2.2640,6.090885e+01
2.2660,6.042961e+01
2.2680,5.994280e+01
2.2700,5.944835e+01
2.2720,5.894618e+01
2.2740,5.843622e+01
2.2760,5.791842e+01
2.2780,5.739272e+01
2.2800,5.685908e+01
2.2820,5.631747e+01
2.2840,5.576785e+01
2.2860,5.521023e+01
2.2880,5.464458e+01
2.2900,5.407093e+01
2.2920,5.348929e+01
2.2940,5.289968e+01
2.2960,5.230216e+01
2.2980,5.169679e+01
2.3000,5.108363e+01
2.3020,5.046277e+01
2.3040,4.983432e+01
2.3060,4.919838e+01
2.3080,4.855510e+01
2.3100,4.790461e+01
2.3120,4.724709e+01
2.3140,4.658270e+01
2.3160,4.591166e+01
2.3180,4.523417e+01
2.3200,4.455047e+01
2.3220,4.386079e+01
2.3240,4.316541e+01
2.3260,4.246461e+01
2.3280,4.175867e+01
2.3300,4.104793e+01
2.3320,4.033271e+01
2.3340,3.961335e+01
2.3360,3.889023e+01
2.3380,3.816371e+01
2.3400,3.743418e+01
2.3420,3.670206e+01
2.3440,3.596777e+01
2.3460,3.523173e+01
2.3480,3.449440e+01
2.3500,3.375622e+01
2.3520,3.301766e+01
2.3540,3.227920e+01
2.3560,3.154132e+01
2.3580,3.080451e+01
2.3600,3.006927e+01
2.3620,2.933609e+01
2.3640,2.860548e+01
2.3660,2.787795e+01
2.3680,2.715399e+01
2.3700,2.643413e+01
2.3720,2.571886e+01
2.3740,2.500869e+01
2.3760,2.430411e+01
2.3780,2.360561e+01
2.3800,2.291367e+01
2.3820,2.222878e+01
2.3840,2.155139e+01
2.3860,2.088196e+01
2.3880,2.022092e+01
2.3900,1.956870e+01
2.3920,1.892572e+01
2.3940,1.829237e+01
2.3960,1.766902e+01
2.3980,1.705603e+01
2.4000,1.645374e+01
2.4020,1.586247e+01
2.4040,1.528252e+01
2.4060,1.471416e+01
2.4080,1.415764e+01
2.4100,1.361319e+01
2.4120,1.308102e+01
2.4140,1.256130e+01
2.4160,1.205421e+01
2.4180,1.155986e+01
2.4200,1.107837e+01
2.4220,1.060983e+01
2.4240,1.015429e+01
2.4260,9.711790e+00
2.4280,9.282344e+00
2.4300,8.865941e+00
2.4320,8.462548e+00
2.4340,8.072112e+00
2.4360,7.694557e+00
2.4380,7.329786e+00
2.4400,6.977682e+00
2.4420,6.638112e+00
2.4440,6.310923e+00
2.4460,5.995944e+00
2.4480,5.692990e+00
2.4500,5.401861e+00
2.4520,5.122343e+00
2.4540,4.854208e+00
2.4560,4.597219e+00
2.4580,4.351127e+00
2.4600,4.115673e+00
2.4620,3.890592e+00
2.4640,3.675611e+00
2.4660,3.470450e+00
2.4680,3.274826e+00
2.4700,3.088450e+00
2.4720,2.911031e+00
2.4740,2.742278e+00
2.4760,2.581897e+00
2.4780,2.429594e+00
2.4800,2.285076e+00
2.4820,2.148052e+00
2.4840,2.018235e+00
2.4860,1.895337e+00
2.4880,1.779077e+00
2.4900,1.669177e+00
2.4920,1.565365e+00
2.4940,1.467373e+00
2.4960,1.374938e+00
2.4980,1.287807e+00
2.5000,1.205728e+00
2.5020,1.128461e+00
2.5040,1.055769e+00
2.5060,9.874247e-01
2.5080,9.232074e-01
2.5100,8.629039e-01
2.5120,8.063083e-01
2.5140,7.532228e-01
2.5160,7.034569e-01
2.5180,6.568278e-01
2.5200,6.131602e-01
2.5220,5.722864e-01
2.5240,5.340460e-01
2.5260,4.982857e-01
2.5280,4.648596e-01
2.5300,4.336287e-01
2.5320,4.044605e-01
2.5340,3.772295e-01
2.5360,3.518163e-01
2.5380,3.281079e-01
2.5400,3.059973e-01
2.5420,2.853833e-01
2.5440,2.661701e-01
2.5460,2.482674e-01
2.5480,2.315902e-01
2.5500,2.160581e-01
2.5520,2.015956e-01
2.5540,1.881317e-01
2.5560,1.755997e-01
2.5580,1.639369e-01
2.5600,1.530845e-01
2.5620,1.429874e-01
2.5640,1.335939e-01
2.5660,1.248558e-01
2.5680,1.167277e-01
2.5700,1.091675e-01
2.5720,1.021356e-01
2.5740,9.559522e-02
2.5760,8.951185e-02
2.5780,8.385345e-02
2.5800,7.859009e-02
2.5820,7.369390e-02
2.5840,6.913891e-02
2.5860,6.490096e-02
2.5880,6.095756e-02
2.5900,5.728780e-02
2.5920,5.387222e-02
2.5940,5.069277e-02
2.5960,4.773264e-02
2.5980,4.497623e-02
2.6000,4.240907e-02
2.6020,4.001770e-02
2.6040,3.778964e-02
2.6060,3.571332e-02
2.6080,3.377800e-02
2.6100,3.197370e-02
2.6120,3.029119e-02
2.6140,2.872191e-02
2.6160,2.725790e-02
2.6180,2.589181e-02
2.6200,2.461682e-02
2.6220,2.342658e-02
2.6240,2.231526e-02
2.6260,2.127740e-02
2.6280,2.030799e-02
2.6300,1.940236e-02
2.6320,1.855619e-02
2.6340,1.776548e-02
2.6360,1.702652e-02
2.6380,1.633588e-02
2.6400,1.569038e-02
2.6420,1.508708e-02
2.6440,1.452325e-02
2.6460,1.399636e-02
2.6480,1.350407e-02
2.6500,1.304423e-02
2.6520,1.261483e-02
2.6540,1.221402e-02
2.6560,1.184009e-02
2.6580,1.149145e-02
2.6600,1.116664e-02
2.6620,1.086431e-02
2.6640,1.058320e-02
2.6660,1.032218e-02
2.6680,1.008018e-02
2.6700,9.856227e-03
2.6720,9.649422e-03
2.6740,9.458945e-03
2.6760,9.284042e-03
2.6780,9.124027e-03
2.6800,8.978271e-03
2.6820,8.846208e-03
2.6840,8.727322e-03
2.6860,8.621150e-03
2.6880,8.527279e-03
2.6900,8.445342e-03
2.6920,8.375016e-03
2.6940,8.316023e-03
2.6960,8.268122e-03
2.6980,8.231116e-03
2.7000,8.204843e-03
2.7020,8.189182e-03
2.7040,8.184045e-03
2.7060,8.189382e-03
2.7080,8.205179e-03
2.7100,8.231456e-03
2.7120,8.268270e-03
2.7140,8.315710e-03
2.7160,8.373903e-03
2.7180,8.443011e-03
2.7200,8.523233e-03
2.7220,8.614804e-03
2.7240,8.717997e-03
2.7260,8.833124e-03
2.7280,8.960538e-03
2.7300,9.100633e-03
2.7320,9.253845e-03
2.7340,9.420656e-03
2.7360,9.601595e-03
2.7380,9.797239e-03
2.7400,1.000822e-02
2.7420,1.023521e-02
2.7440,1.047896e-02
2.7460,1.074027e-02
2.7480,1.101999e-02
2.7500,1.131906e-02
2.7520,1.163847e-02
2.7540,1.197930e-02
2.7560,1.234270e-02
2.7580,1.272990e-02
2.7600,1.314223e-02
2.7620,1.358111e-02
2.7640,1.404805e-02
2.7660,1.454467e-02
2.7680,1.507272e-02
2.7700,1.563404e-02
2.7720,1.623062e-02
2.7740,1.686457e-02
2.7760,1.753815e-02
2.7780,1.825377e-02
2.7800,1.901399e-02
2.7820,1.982156e-02
2.7840,2.067939e-02
2.7860,2.159061e-02
2.7880,2.255853e-02
2.7900,2.358667e-02
2.7920,2.467880e-02
2.7940,2.583892e-02
2.7960,2.707129e-02
2.7980,2.838043e-02
2.8000,2.977118e-02
2.8020,3.124863e-02
2.8040,3.281825e-02
2.8060,3.448579e-02
2.8080,3.625741e-02
2.8100,3.813961e-02
2.8120,4.013931e-02
2.8140,4.226382e-02
2.8160,4.452093e-02
2.8180,4.691885e-02
2.8200,4.946631e-02
2.8220,5.217253e-02
2.8240,5.504729e-02
2.8260,5.810090e-02
2.8280,6.134427e-02
2.8300,6.478894e-02
2.8320,6.844709e-02
2.8340,7.233154e-02
2.8360,7.645585e-02
2.8380,8.083429e-02
2.8400,8.548189e-02
2.8420,9.041447e-02
2.8440,9.564868e-02
2.8460,1.012020e-01
2.8480,1.070928e-01
2.8500,1.133404e-01
2.8520,1.199650e-01
2.8540,1.269877e-01
2.8560,1.344308e-01
2.8580,1.423175e-01
2.8600,1.506720e-01
2.8620,1.595197e-01
2.8640,1.688870e-01
2.8660,1.788015e-01
2.8680,1.892919e-01
2.8700,2.003881e-01
2.8720,2.121212e-01
2.8740,2.245234e-01
2.8760,2.376282e-01
2.8780,2.514702e-01
2.8800,2.660855e-01
2.8820,2.815111e-01
2.8840,2.977854e-01
2.8860,3.149480e-01
2.8880,3.330396e-01
2.8900,3.521023e-01
2.8920,3.721793e-01
2.8940,3.933147e-01
2.8960,4.155541e-01
2.8980,4.389440e-01
2.9000,4.635320e-01
2.9020,4.893666e-01
2.9040,5.164973e-01
2.9060,5.449746e-01
2.9080,5.748497e-01
2.9100,6.061746e-01
2.9120,6.390019e-01
2.9140,6.733851e-01
2.9160,7.093778e-01
2.9180,7.470342e-01
2.9200,7.864089e-01
2.9220,8.275567e-01
2.9240,8.705322e-01
2.9260,9.153904e-01
2.9280,9.621858e-01
2.9300,1.010973e+00
2.9320,1.061805e+00
2.9340,1.114737e+00
2.9360,1.169820e+00
2.9380,1.227106e+00
2.9400,1.286646e+00
2.9420,1.348491e+00
2.9440,1.412687e+00
2.9460,1.479283e+00
2.9480,1.548323e+00
2.9500,1.619851e+00
2.9520,1.693908e+00
2.9540,1.770534e+00
2.9560,1.849766e+00
2.9580,1.931639e+00
2.9600,2.016184e+00
2.9620,2.103432e+00
2.9640,2.193408e+00
2.9660,2.286136e+00
2.9680,2.381637e+00
2.9700,2.479928e+00
2.9720,2.581022e+00
2.9740,2.684930e+00
2.9760,2.791659e+00
2.9780,2.901210e+00
2.9800,3.013584e+00
2.9820,3.128774e+00
2.9840,3.246774e+00
2.9860,3.367569e+00
2.9880,3.491143e+00
2.9900,3.617474e+00
2.9920,3.746539e+00
2.9940,3.878307e+00
2.9960,4.012745e+00
2.9980,4.149816e+00
3.0000,4.289478e+00
3.0020,4.431685e+00
3.0040,4.576387e+00
3.0060,4.723531e+00
3.0080,4.873060e+00
3.0100,5.024911e+00
3.0120,5.179020e+00
3.0140,5.335318e+00
3.0160,5.493732e+00
3.0180,5.654187e+00
3.0200,5.816603e+00
3.0220,5.980900e+00
3.0240,6.146991e+00
3.0260,6.314789e+00
3.0280,6.484204e+00
3.0300,6.655142e+00
3.0320,6.827508e+00
3.0340,7.001206e+00
3.0360,7.176134e+00
3.0380,7.352194e+00
3.0400,7.529282e+00
3.0420,7.707293e+00
3.0440,7.886124e+00
3.0460,8.065669e+00
3.0480,8.245820e+00
3.0500,8.426470e+00
3.0520,8.607513e+00
3.0540,8.788839e+00
3.0560,8.970343e+00
3.0580,9.151915e+00
3.0600,9.333450e+00
3.0620,9.514840e+00
3.0640,9.695982e+00
3.0660,9.876769e+00
3.0680,1.005710e+01
3.0700,1.023687e+01
3.0720,1.041598e+01
3.0740,1.059433e+01
3.0760,1.077182e+01
3.0780,1.094837e+01
3.0800,1.112387e+01
3.0820,1.129823e+01
3.0840,1.147137e+01
3.0860,1.164319e+01
3.0880,1.181362e+01
3.0900,1.198258e+01
3.0920,1.214997e+01
3.0940,1.231574e+01
3.0960,1.247980e+01
3.0980,1.264209e+01
3.1000,1.280253e+01
3.1020,1.296107e+01
3.1040,1.311764e+01
3.1060,1.327218e+01
3.1080,1.342463e+01
3.1100,1.357495e+01
3.1120,1.372308e+01
3.1140,1.386899e+01
3.1160,1.401261e+01
3.1180,1.415392e+01
3.1200,1.429288e+01
3.1220,1.442944e+01
3.1240,1.456359e+01
3.1260,1.469529e+01
3.1280,1.482451e+01
3.1300,1.495124e+01
3.1320,1.507544e+01
3.1340,1.519712e+01
3.1360,1.531624e+01
3.1380,1.543280e+01
3.1400,1.554678e+01
3.1420,1.565819e+01
3.1440,1.576701e+01
3.1460,1.587325e+01
3.1480,1.597690e+01
3.1500,1.607796e+01
3.1520,1.617644e+01
3.1540,1.627235e+01
3.1560,1.636569e+01
3.1580,1.645647e+01
3.1600,1.654470e+01
3.1620,1.663041e+01
3.1640,1.671359e+01
3.1660,1.679428e+01
3.1680,1.687249e+01
3.1700,1.694823e+01
3.1720,1.702153e+01
3.1740,1.709241e+01
3.1760,1.716090e+01
3.1780,1.722702e+01
3.1800,1.729079e+01
3.1820,1.735225e+01
3.1840,1.741142e+01
3.1860,1.746832e+01
3.1880,1.752299e+01
3.1900,1.757546e+01
3.1920,1.762576e+01
3.1940,1.767392e+01
3.1960,1.771997e+01
3.1980,1.776395e+01
3.2000,1.780588e+01
3.2020,1.784580e+01
3.2040,1.788375e+01
3.2060,1.791975e+01
3.2080,1.795385e+01
3.2100,1.798607e+01
3.2120,1.801646e+01
3.2140,1.804503e+01
3.2160,1.807184e+01
3.2180,1.809691e+01
3.2200,1.812028e+01
3.2220,1.814199e+01
3.2240,1.816206e+01
3.2260,1.818053e+01
3.2280,1.819744e+01
3.2300,1.821282e+01
3.2320,1.822670e+01
3.2340,1.823912e+01
3.2360,1.825011e+01
3.2380,1.825970e+01
3.2400,1.826793e+01
3.2420,1.827483e+01
3.2440,1.828043e+01
3.2460,1.828476e+01
3.2480,1.828785e+01
3.2500,1.828974e+01
3.2520,1.829046e+01
3.2540,1.829003e+01
3.2560,1.828848e+01
3.2580,1.828585e+01
3.2600,1.828216e+01
3.2620,1.827744e+01
3.2640,1.827172e+01
3.2660,1.826503e+01
3.2680,1.825739e+01
3.2700,1.824884e+01
3.2720,1.823938e+01
3.2740,1.822907e+01
3.2760,1.821791e+01
3.2780,1.820593e+01
3.2800,1.819316e+01
3.2820,1.817962e+01
3.2840,1.816533e+01
3.2860,1.815032e+01
3.2880,1.813460e+01
3.2900,1.811821e+01
3.2920,1.810116e+01
3.2940,1.808347e+01
3.2960,1.806517e+01
3.2980,1.804627e+01
3.3000,1.802679e+01
3.3020,1.800676e+01
3.3040,1.798618e+01
3.3060,1.796509e+01
3.3080,1.794349e+01
3.3100,1.792141e+01
3.3120,1.789885e+01
3.3140,1.787585e+01
3.3160,1.785241e+01
3.3180,1.782855e+01
3.3200,1.780428e+01
3.3220,1.777963e+01
3.3240,1.775459e+01
3.3260,1.772920e+01
3.3280,1.770346e+01
3.3300,1.767739e+01
3.3320,1.765099e+01
3.3340,1.762429e+01
3.3360,1.759729e+01
3.3380,1.757001e+01
3.3400,1.754246e+01
3.3420,1.751464e+01
3.3440,1.748658e+01
3.3460,1.745827e+01
3.3480,1.742974e+01
3.3500,1.740099e+01
3.3520,1.737203e+01
3.3540,1.734288e+01
3.3560,1.731353e+01
3.3580,1.728400e+01
3.3600,1.725431e+01
3.3620,1.722444e+01
3.3640,1.719443e+01
3.3660,1.716426e+01
3.3680,1.713396e+01
3.3700,1.710352e+01
3.3720,1.707296e+01
3.3740,1.704229e+01
3.3760,1.701150e+01
3.3780,1.698061e+01
3.3800,1.694962e+01
3.3820,1.691853e+01
3.3840,1.688737e+01
3.3860,1.685612e+01
3.3880,1.682480e+01
3.3900,1.679341e+01
3.3920,1.676195e+01
3.3940,1.673044e+01
3.3960,1.669887e+01
3.3980,1.666726e+01
3.4000,1.663560e+01
3.4020,1.660390e+01
3.4040,1.657216e+01
3.4060,1.654040e+01
3.4080,1.650860e+01
3.4100,1.647678e+01
3.4120,1.644494e+01
3.4140,1.641308e+01
3.4160,1.638121e+01
3.4180,1.634933e+01
3.4200,1.631745e+01
3.4220,1.628556e+01
3.4240,1.625366e+01
3.4260,1.622177e+01
3.4280,1.618989e+01
3.4300,1.615801e+01
3.4320,1.612614e+01
3.4340,1.609428e+01
3.4360,1.606243e+01
3.4380,1.603060e+01
3.4400,1.599879e+01
3.4420,1.596700e+01
3.4440,1.593523e+01
3.4460,1.590349e+01
3.4480,1.587177e+01
3.4500,1.584007e+01
3.4520,1.580841e+01
3.4540,1.577677e+01
3.4560,1.574517e+01
3.4580,1.571360e+01
3.4600,1.568206e+01
3.4620,1.565055e+01
3.4640,1.561908e+01
3.4660,1.558765e+01
3.4680,1.555625e+01
3.4700,1.552489e+01
3.4720,1.549356e+01
3.4740,1.546228e+01
3.4760,1.543104e+01
3.4780,1.539983e+01
3.4800,1.536866e+01
3.4820,1.533754e+01
3.4840,1.530645e+01
3.4860,1.527540e+01
3.4880,1.524439e+01
3.4900,1.521342e+01
3.4920,1.518249e+01
3.4940,1.515160e+01
3.4960,1.512075e+01
3.4980,1.508993e+01
3.5000,1.505915e+01
3.5020,1.502840e+01
3.5040,1.499769e+01
3.5060,1.496701e+01
3.5080,1.493637e+01
3.5100,1.490575e+01
3.5120,1.487517e+01
3.5140,1.484461e+01
3.5160,1.481408e+01
3.5180,1.478357e+01
3.5200,1.475308e+01
3.5220,1.472261e+01
3.5240,1.469216e+01
3.5260,1.466173e+01
3.5280,1.463130e+01
3.5300,1.460088e+01
3.5320,1.457047e+01
3.5340,1.454006e+01
3.5360,1.450964e+01
3.5380,1.447922e+01
3.5400,1.444879e+01
3.5420,1.441834e+01
3.5440,1.438788e+01
3.5460,1.435739e+01
3.5480,1.432686e+01
3.5500,1.429631e+01
3.5520,1.426571e+01
3.5540,1.423506e+01
3.5560,1.420436e+01
3.5580,1.417360e+01
3.5600,1.414277e+01
3.5620,1.411186e+01
3.5640,1.408087e+01
3.5660,1.404978e+01
3.5680,1.401859e+01
3.5700,1.398729e+01
3.5720,1.395586e+01
3.5740,1.392430e+01
3.5760,1.389260e+01
3.5780,1.386074e+01
3.5800,1.382871e+01
3.5820,1.379650e+01
3.5840,1.376410e+01
3.5860,1.373148e+01
3.5880,1.369864e+01
3.5900,1.366556e+01
3.5920,1.363223e+01
3.5940,1.359862e+01
3.5960,1.356472e+01
3.5980,1.353050e+01
3.6000,1.349596e+01
3.6020,1.346106e+01
3.6040,1.342580e+01
3.6060,1.339013e+01
3.6080,1.335405e+01
3.6100,1.331753e+01
3.6120,1.328053e+01
3.6140,1.324304e+01
3.6160,1.320503e+01
3.6180,1.316646e+01
3.6200,1.312731e+01
3.6220,1.308755e+01
3.6240,1.304714e+01
3.6260,1.300604e+01
3.6280,1.296424e+01
3.6300,1.292167e+01
3.6320,1.287832e+01
3.6340,1.283414e+01
3.6360,1.278909e+01
3.6380,1.274312e+01
3.6400,1.269620e+01
3.6420,1.264828e+01
3.6440,1.259931e+01
3.6460,1.254924e+01
3.6480,1.249802e+01
3.6500,1.244561e+01
3.6520,1.239195e+01
3.6540,1.233698e+01
3.6560,1.228066e+01
3.6580,1.222292e+01
3.6600,1.216371e+01
3.6620,1.210296e+01
3.6640,1.204062e+01
3.6660,1.197662e+01
3.6680,1.191090e+01
3.6700,1.184340e+01
3.6720,1.177404e+01
3.6740,1.170277e+01
3.6760,1.162952e+01
3.6780,1.155421e+01
3.6800,1.147679e+01
3.6820,1.139718e+01
3.6840,1.131530e+01
3.6860,1.123111e+01
3.6880,1.114451e+01
3.6900,1.105546e+01
3.6920,1.096387e+01
3.6940,1.086968e+01
3.6960,1.077283e+01
3.6980,1.067326e+01
3.7000,1.057089e+01
3.7020,1.046568e+01
3.7040,1.035756e+01
3.7060,1.024647e+01
3.7080,1.013238e+01
3.7100,1.001523e+01
3.7120,9.894983e+00
3.7140,9.771595e+00
3.7160,9.645036e+00
3.7180,9.515280e+00
3.7200,9.382306e+00
3.7220,9.246101e+00
3.7240,9.106659e+00
3.7260,8.963981e+00
3.7280,8.818079e+00
3.7300,8.668971e+00
3.7320,8.516687e+00
3.7340,8.361266e+00
3.7360,8.202759e+00
3.7380,8.041227e+00
3.7400,7.876743e+00
3.7420,7.709394e+00
3.7440,7.539276e+00
3.7460,7.366502e+00
3.7480,7.191197e+00
3.7500,7.013498e+00
3.7520,6.833557e+00
3.7540,6.651542e+00
3.7560,6.467632e+00
3.7580,6.282021e+00
3.7600,6.094918e+00
3.7620,5.906544e+00
3.7640,5.717133e+00
3.7660,5.526935e+00
3.7680,5.336207e+00
3.7700,5.145222e+00
3.7720,4.954260e+00
3.7740,4.763613e+00
3.7760,4.573579e+00
3.7780,4.384464e+00
3.7800,4.196581e+00
3.7820,4.010243e+00
3.7840,3.825771e+00
3.7860,3.643481e+00
3.7880,3.463690e+00
3.7900,3.286713e+00
3.7920,3.112858e+00
3.7940,2.942425e+00
3.7960,2.775706e+00
3.7980,2.612980e+00
3.8000,2.454514e+00
3.8020,2.300557e+00
3.8040,2.151341e+00
3.8060,2.007081e+00
3.8080,1.867965e+00
3.8100,1.734164e+00
3.8120,1.605822e+00
3.8140,1.483056e+00
3.8160,1.365959e+00
3.8180,1.254597e+00
3.8200,1.149007e+00
3.8220,1.049199e+00
3.8240,9.551552e-01
3.8260,8.668312e-01
3.8280,7.841560e-01
3.8300,7.070336e-01
3.8320,6.353438e-01
3.8340,5.689441e-01
3.8360,5.076714e-01
3.8380,4.513439e-01
3.8400,3.997636e-01
3.8420,3.527183e-01
3.8440,3.099840e-01
3.8460,2.713278e-01
3.8480,2.365098e-01
3.8500,2.052861e-01
3.8520,1.774111e-01
3.8540,1.526396e-01
3.8560,1.307292e-01
3.8580,1.114424e-01
3.8600,9.454822e-02
3.8620,7.982397e-02
3.8640,6.705668e-02
3.8660,5.604418e-02
3.8680,4.659606e-02
3.8700,3.853435e-02
3.8720,3.169397e-02
3.8740,2.592291e-02
3.8760,2.108231e-02
3.8780,1.704621e-02
3.8800,1.370126e-02
3.8820,1.094619e-02
3.8840,8.691264e-03
3.8860,6.857506e-03
3.8880,5.375999e-03
3.8900,4.187045e-03
3.8920,3.239344e-03
3.8940,2.489161e-03
3.8960,1.899504e-03
3.8980,1.439341e-03
3.9000,1.082850e-03
3.9020,8.087197e-04
3.9040,5.995117e-04
3.9060,4.410739e-04
3.9080,3.220205e-04
3.9100,2.332697e-04
3.9120,1.676409e-04
3.9140,1.195068e-04
3.9160,8.449693e-05
3.9180,5.924740e-05
3.9200,4.119290e-05
3.9220,2.839521e-05
3.9240,1.940361e-05
3.9260,1.314257e-05
3.9280,8.822338e-06
3.9300,5.868663e-06
3.9320,3.868059e-06
3.9340,2.525763e-06
3.9360,1.633747e-06
3.9380,1.046690e-06
3.9400,6.641117e-07
3.9420,4.172563e-07
3.9440,2.595694e-07
3.9460,1.598613e-07
3.9480,9.745955e-08
3.9500,5.880965e-08
3.9520,3.512119e-08
3.9540,2.075584e-08
3.9560,1.213716e-08
3.9580,7.021921e-09
3.9600,4.018961e-09
3.9620,2.275354e-09
3.9640,1.274153e-09
3.9660,7.056539e-10
3.9680,3.864756e-10
3.9700,2.093033e-10
3.9720,1.120775e-10
3.9740,5.933564e-11
3.9760,3.105529e-11
3.9780,1.606748e-11
3.9800,8.217183e-12
3.9820,4.153692e-12
3.9840,2.075181e-12
3.9860,1.024624e-12
3.9880,4.999629e-13
3.9900,2.410770e-13
3.9920,1.148684e-13
3.9940,5.408238e-14
3.9960,2.515982e-14
3.9980,1.156496e-14
4.0000,5.252366e-15
4.0020,2.356856e-15
4.0040,1.044895e-15
4.0060,4.576895e-16
4.0080,1.980737e-16
4.0100,8.469193e-17
4.0120,3.577836e-17
4.0140,1.493374e-17
4.0160,6.158791e-18
4.0180,2.509646e-18
4.0200,1.010494e-18
4.0220,4.020463e-19
4.0240,1.580734e-19
4.0260,6.141916e-20
4.0280,2.358502e-20
4.0300,8.951249e-21
4.0320,3.357966e-21
4.0340,1.245224e-21
4.0360,4.564920e-22
4.0380,1.654522e-22
4.0400,5.929351e-23
4.0420,2.101271e-23
4.0440,7.364533e-24
4.0460,2.552978e-24
4.0480,8.754703e-25
4.0500,2.970196e-25
4.0520,9.970982e-26
4.0540,3.312552e-26
4.0560,1.089244e-26
4.0580,3.545638e-27
4.0600,1.142727e-27
4.0620,3.647069e-28
4.0640,1.152863e-28
4.0660,3.610141e-29
4.0680,1.120129e-29
4.0700,3.444264e-30
4.0720,1.049783e-30
4.0740,3.172279e-31
4.0760,9.506214e-32
4.0780,2.825582e-32
4.0800,8.332488e-33
4.0820,2.438447e-33
4.0840,7.083241e-34
4.0860,2.042876e-34
4.0880,5.851371e-35
4.0900,1.664929e-35
4.0920,4.707343e-36
4.0940,1.322881e-36
4.0960,3.696207e-37
4.0980,1.027093e-37
4.1000,2.839309e-38
4.1020,7.810842e-39
4.1040,2.138955e-39
4.1060,5.832601e-40
4.1080,1.584240e-40
4.1100,4.287666e-41
4.1120,1.156667e-41
4.1140,3.111221e-42
4.1160,8.347167e-43
4.1180,2.234527e-43
4.1200,5.970696e-44
4.1220,1.592994e-44
4.1240,4.245329e-45
4.1260,1.130519e-45
4.1280,3.009369e-46
4.1300,8.010671e-47
4.1320,2.133162e-47
4.1340,5.684705e-48
4.1360,1.516667e-48
4.1380,4.052666e-49
4.1400,1.085005e-49
4.1420,2.911632e-50
4.1440,7.834816e-51
4.1460,2.114872e-51
4.1480,5.729002e-52
4.1500,1.558082e-52
4.1520,4.255951e-53
4.1540,1.168090e-53
4.1560,3.222617e-54
4.1580,8.940748e-55
4.1600,2.495468e-55
4.1620,7.010096e-56
4.1640,1.982761e-56
4.1660,5.649006e-57
4.1680,1.621848e-57
4.1700,4.694242e-58
4.1720,1.370310e-58
4.1740,4.035992e-59
4.1760,1.199886e-59
4.1780,3.602198e-60
4.1800,1.092475e-60
4.1820,3.348500e-61
4.1840,1.037674e-61
4.1860,3.252520e-62
4.1880,1.031579e-62
4.1900,3.311943e-63
4.1920,1.076798e-63
4.1940,3.546726e-64
4.1960,1.183951e-64
4.1980,4.007016e-65
4.2000,1.375487e-65
4.2020,4.790765e-66
4.2040,1.693675e-66
4.2060,6.079853e-67
4.2080,2.216937e-67
4.2100,8.214253e-68
4.2120,3.093799e-68
4.2140,1.184890e-68
4.2160,4.616109e-69
4.2180,1.829927e-69
4.2200,7.384073e-70
4.2220,3.033927e-70
4.2240,1.269699e-70
4.2260,5.414012e-71
4.2280,2.352851e-71
4.2300,1.042454e-71
4.2320,4.710141e-72
4.2340,2.170951e-72
4.2360,1.021001e-72
4.2380,4.900945e-73
4.2400,2.401736e-73
4.2420,1.201914e-73
4.2440,6.143720e-74
4.2460,3.208504e-74
4.2480,1.712329e-74
4.2500,9.340732e-75
4.2520,5.209265e-75
4.2540,2.970723e-75
4.2560,1.732697e-75
4.2580,1.033805e-75
4.2600,6.310834e-76
4.2620,3.942208e-76
4.2640,2.520378e-76
4.2660,1.649413e-76
4.2680,1.105074e-76
4.2700,7.580663e-77
4.2720,5.325116e-77
4.2740,3.830934e-77
4.2760,2.822781e-77
4.2780,2.130522e-77
4.2800,1.647275e-77
4.2820,1.304811e-77
4.2840,1.058905e-77
4.2860,8.804726e-78
4.2880,7.501397e-78
4.2900,6.548608e-78
4.2920,5.857945e-78
4.2940,5.369521e-78
4.2960,5.043362e-78
4.2980,4.853947e-78
4.3000,4.786871e-78
4.3020,4.837019e-78
4.3040,5.007906e-78
4.3060,5.312096e-78
4.3080,5.772735e-78
4.3100,6.426488e-78
4.3120,7.328390e-78
4.3140,8.559499e-78
4.3160,1.023885e-77
4.3180,1.254212e-77
4.3200,1.573106e-77
4.3220,2.020030e-77
4.3240,2.655298e-77
4.3260,3.572416e-77
4.3280,4.918568e-77
4.3300,6.929053e-77
4.3320,9.986069e-77
4.3340,1.472055e-76
4.3360,2.219124e-76
4.3380,3.420453e-76
4.3400,5.389429e-76
4.3420,8.678967e-76
4.3440,1.428122e-75
4.3460,2.400696e-75
4.3480,4.121762e-75
4.3500,7.226013e-75
4.3520,1.293236e-74
4.3540,2.362164e-74
4.3560,4.402334e-74
4.3580,8.369138e-74
4.3600,1.622501e-73
4.3620,3.206821e-73
4.3640,6.459907e-73
4.3660,1.325908e-72
4.3680,2.772091e-72
4.3700,5.901706e-72
4.3720,1.279059e-71
4.3740,2.821051e-71
4.3760,6.329964e-71
4.3780,1.444515e-70
4.3800,3.351444e-70
4.3820,7.902926e-70
4.3840,1.893410e-69
4.3860,4.607402e-69
4.3880,1.138345e-68
4.3900,2.854619e-68
4.3920,7.263205e-68
4.3940,1.874399e-67
4.3960,4.904514e-67
4.3980,1.300695e-66
4.4000,3.494986e-66
4.4020,9.511497e-66
4.4040,2.620770e-65
4.4060,7.308485e-65
4.4080,2.061986e-64
4.4100,5.883621e-64
4.4120,1.697246e-63
4.4140,4.947954e-63
4.4160,1.457227e-62
4.4180,4.333999e-62
4.4200,1.301217e-61
4.4220,3.942298e-61
4.4240,1.204833e-60
4.4260,3.712975e-60
4.4280,1.153384e-59
4.4300,3.610133e-59
4.4320,1.138176e-58
4.4340,3.613051e-58
4.4360,1.154404e-57
4.4380,3.711104e-57
4.4400,1.199919e-56
4.4420,3.900749e-56
4.4440,1.274486e-55
4.4460,4.183681e-55
4.4480,1.379317e-54
4.4500,4.565610e-54
4.4520,1.516739e-53
4.4540,5.055327e-53
4.4560,1.689914e-52
4.4580,5.663808e-52
4.4600,1.902542e-51
4.4620,6.403184e-51
4.4640,2.158489e-50
4.4660,7.285399e-50
4.4680,2.461304e-49
4.4700,8.320441e-49
4.4720,2.813576e-48
4.4740,9.514072e-48
4.4760,3.216142e-47
4.4780,1.086507e-46
4.4800,3.667143e-46
4.4820,1.236210e-45
4.4840,4.161014e-45
4.4860,1.398052e-44
4.4880,4.687511e-44
4.4900,1.567960e-43
4.4920,5.230975e-43
4.4940,1.740077e-42
4.4960,5.770029e-42
4.4980,1.906772e-41
4.5000,6.277987e-41
4.5020,2.058899e-40
4.5040,6.724136e-40
4.5060,2.186358e-39
4.5080,7.076004e-39
4.5100,2.278965e-38
4.5120,7.302528e-38
4.5140,2.327556e-37
4.5160,7.377790e-37
4.5180,2.325207e-36
4.5200,7.284814e-36
4.5220,2.268358e-35
4.5240,7.018724e-35
4.5260,2.157632e-34
4.5280,6.588566e-34
4.5300,1.998126e-33
4.5320,6.017274e-33
4.5340,1.799079e-32
4.5360,5.339555e-32
4.5380,1.572888e-31
4.5400,4.597951e-31
4.5420,1.333651e-30
4.5440,3.837711e-30
4.5460,1.095460e-29
4.5480,3.101417e-29
4.5500,8.707832e-29
4.5520,2.424352e-28
4.5540,6.692197e-28
4.5560,1.831398e-27
4.5580,4.968142e-27
4.5600,1.335859e-26
4.5620,3.559940e-26
4.5640,9.401625e-26
4.5660,2.460401e-25
4.5680,6.379965e-25
4.5700,1.639113e-24
4.5720,4.172040e-24
4.5740,1.051986e-23
4.5760,2.627653e-23
4.5780,6.501290e-23
4.5800,1.593248e-22
4.5820,3.867231e-22
4.5840,9.296777e-22
4.5860,2.213424e-21
4.5880,5.218948e-21
4.5900,1.218641e-20
4.5920,2.817944e-20
4.5940,6.452748e-20
4.5960,1.463208e-19
4.5980,3.285574e-19
4.6000,7.305619e-19
4.6020,1.608576e-18
4.6040,3.507232e-18
4.6060,7.572294e-18
4.6080,1.618949e-17
4.6100,3.427567e-17
4.6120,7.186073e-17
4.6140,1.491961e-16
4.6160,3.067553e-16
4.6180,6.246048e-16
4.6200,1.259530e-15
4.6220,2.515441e-15
4.6240,4.975492e-15
4.6260,9.747410e-15
4.6280,1.891428e-14
4.6300,3.635425e-14
4.6320,6.921556e-14
4.6340,1.305434e-13
4.6360,2.439100e-13
4.6380,4.514908e-13
4.6400,8.280101e-13
4.6420,1.504573e-12
4.6440,2.708981e-12
4.6460,4.833251e-12
4.6480,8.545538e-12
4.6500,1.497383e-11
4.6520,2.600447e-11
4.6540,4.476233e-11
4.6560,7.637592e-11
4.6580,1.291841e-10
4.6600,2.166213e-10
4.6620,3.601337e-10
4.6640,5.936476e-10
4.6660,9.703500e-10
4.6680,1.572881e-09
4.6700,2.528506e-09
4.6720,4.031505e-09
4.6740,6.375871e-09
4.6760,1.000267e-08
4.6780,1.556794e-08
4.6800,2.403928e-08
4.6820,3.683172e-08
4.6840,5.599760e-08
4.6860,8.448899e-08
4.6880,1.265176e-07
4.6900,1.880436e-07
4.6920,2.774347e-07
4.6940,4.063449e-07
4.6960,5.908785e-07
4.6980,8.531174e-07
4.7000,1.223107e-06
4.7020,1.741420e-06
4.7040,2.462430e-06
4.7060,3.458469e-06
4.7080,4.825047e-06
4.7100,6.687372e-06
4.7120,9.208391e-06
4.7140,1.259867e-05
4.7160,1.712840e-05
4.7180,2.314186e-05
4.7200,3.107471e-05
4.7220,4.147454e-05
4.7240,5.502496e-05
4.7260,7.257373e-05
4.7280,9.516528e-05
4.7300,1.240780e-04
4.7320,1.608665e-04
4.7340,2.074094e-04
4.7360,2.659625e-04
4.7380,3.392178e-04
4.7400,4.303679e-04
4.7420,5.431763e-04
4.7440,6.820526e-04
4.7460,8.521324e-04
4.7480,1.059362e-03
4.7500,1.310587e-03
4.7520,1.613638e-03
4.7540,1.977430e-03
4.7560,2.412044e-03
4.7580,2.928823e-03
4.7600,3.540457e-03
4.7620,4.261059e-03
4.7640,5.106244e-03
4.7660,6.093190e-03
4.7680,7.240693e-03
4.7700,8.569203e-03
4.7720,1.010085e-02
4.7740,1.185946e-02
4.7760,1.387053e-02
4.7780,1.616120e-02
4.7800,1.876020e-02
4.7820,2.169780e-02
4.7840,2.500564e-02
4.7860,2.871672e-02
4.7880,3.286514e-02
4.7900,3.748601e-02
4.7920,4.261524e-02
4.7940,4.828932e-02
4.7960,5.454509e-02
4.7980,6.141954e-02
4.8000,6.894948e-02
4.8020,7.717133e-02
4.8040,8.612080e-02
4.8060,9.583265e-02
4.8080,1.063404e-01
4.8100,1.176759e-01
4.8120,1.298693e-01
4.8140,1.429486e-01
4.8160,1.569394e-01
4.8180,1.718647e-01
4.8200,1.877448e-01
4.8220,2.045966e-01
4.8240,2.224341e-01
4.8260,2.412676e-01
4.8280,2.611040e-01
4.8300,2.819464e-01
4.8320,3.037943e-01
4.8340,3.266432e-01
4.8360,3.504847e-01
4.8380,3.753067e-01
4.8400,4.010933e-01
4.8420,4.278246e-01
4.8440,4.554772e-01
4.8460,4.840239e-01
4.8480,5.134344e-01
4.8500,5.436747e-01
4.8520,5.747079e-01
4.8540,6.064941e-01
4.8560,6.389908e-01
4.8580,6.721528e-01
4.8600,7.059327e-01
4.8620,7.402811e-01
4.8640,7.751469e-01
4.8660,8.104773e-01
4.8680,8.462183e-01
4.8700,8.823149e-01
4.8720,9.187115e-01
4.8740,9.553517e-01
4.8760,9.921792e-01
4.8780,1.029137e+00
4.8800,1.066170e+00
4.8820,1.103220e+00
4.8840,1.140234e+00
4.8860,1.177157e+00
4.8880,1.213935e+00
4.8900,1.250517e+00
4.8920,1.286850e+00
4.8940,1.322887e+00
4.8960,1.358579e+00
4.8980,1.393881e+00
4.9000,1.428748e+00
4.9020,1.463138e+00
4.9040,1.497011e+00
4.9060,1.530328e+00
4.9080,1.563055e+00
4.9100,1.595156e+00
4.9120,1.626601e+00
4.9140,1.657360e+00
4.9160,1.687406e+00
4.9180,1.716713e+00
4.9200,1.745260e+00
4.9220,1.773024e+00
4.9240,1.799988e+00
4.9260,1.826134e+00
4.9280,1.851449e+00
4.9300,1.875920e+00
4.9320,1.899537e+00
4.9340,1.922290e+00
4.9360,1.944173e+00
4.9380,1.965180e+00
4.9400,1.985308e+00
4.9420,2.004555e+00
4.9440,2.022921e+00
4.9460,2.040407e+00
4.9480,2.057015e+00
4.9500,2.072748e+00
4.9520,2.087612e+00
4.9540,2.101613e+00
4.9560,2.114758e+00
4.9580,2.127055e+00
4.9600,2.138512e+00
4.9620,2.149141e+00
4.9640,2.158951e+00
4.9660,2.167955e+00
4.9680,2.176163e+00
4.9700,2.183589e+00
4.9720,2.190246e+00
4.9740,2.196148e+00
4.9760,2.201309e+00
4.9780,2.205742e+00
4.9800,2.209464e+00
4.9820,2.212489e+00
4.9840,2.214832e+00
4.9860,2.216510e+00
4.9880,2.217536e+00
4.9900,2.217928e+00
4.9920,2.217701e+00
4.9940,2.216871e+00
4.9960,2.215454e+00
4.9980,2.213465e+00
5.0000,2.210920e+00
5.0020,2.207836e+00
5.0040,2.204227e+00
5.0060,2.200109e+00
5.0080,2.195498e+00
5.0100,2.190409e+00
5.0120,2.184856e+00
5.0140,2.178855e+00
5.0160,2.172419e+00
5.0180,2.165565e+00
5.0200,2.158305e+00
5.0220,2.150653e+00
5.0240,2.142625e+00
5.0260,2.134232e+00
5.0280,2.125488e+00
5.0300,2.116406e+00
5.0320,2.107000e+00
5.0340,2.097280e+00
5.0360,2.087260e+00
5.0380,2.076951e+00
5.0400,2.066365e+00
5.0420,2.055514e+00
5.0440,2.044408e+00
5.0460,2.033058e+00
5.0480,2.021476e+00
5.0500,2.009670e+00
5.0520,1.997652e+00
5.0540,1.985431e+00
5.0560,1.973017e+00
5.0580,1.960418e+00
5.0600,1.947645e+00
5.0620,1.934705e+00
5.0640,1.921608e+00
5.0660,1.908362e+00
5.0680,1.894974e+00
5.0700,1.881453e+00
5.0720,1.867807e+00
5.0740,1.854042e+00
5.0760,1.840166e+00
5.0780,1.826186e+00
5.0800,1.812109e+00
5.0820,1.797942e+00
5.0840,1.783690e+00
5.0860,1.769360e+00
5.0880,1.754959e+00
5.0900,1.740491e+00
5.0920,1.725963e+00
5.0940,1.711380e+00
5.0960,1.696748e+00
5.0980,1.682071e+00
5.1000,1.667356e+00
5.1020,1.652605e+00
5.1040,1.637826e+00
5.1060,1.623021e+00
5.1080,1.608195e+00
5.1100,1.593353e+00
5.1120,1.578500e+00
5.1140,1.563638e+00
5.1160,1.548772e+00
5.1180,1.533905e+00
5.1200,1.519042e+00
5.1220,1.504186e+00
5.1240,1.489341e+00
5.1260,1.474509e+00
5.1280,1.459694e+00
5.1300,1.444899e+00
5.1320,1.430128e+00
5.1340,1.415383e+00
5.1360,1.400667e+00
5.1380,1.385983e+00
5.1400,1.371334e+00
5.1420,1.356722e+00
5.1440,1.342149e+00
5.1460,1.327619e+00
5.1480,1.313134e+00
5.1500,1.298695e+00
5.1520,1.284306e+00
5.1540,1.269967e+00
5.1560,1.255683e+00
5.1580,1.241454e+00
5.1600,1.227282e+00
5.1620,1.213169e+00
5.1640,1.199118e+00
5.1660,1.185130e+00
5.1680,1.171206e+00
5.1700,1.157349e+00
5.1720,1.143560e+00
5.1740,1.129840e+00
5.1760,1.116192e+00
5.1780,1.102616e+00
5.1800,1.089114e+00
5.1820,1.075688e+00
5.1840,1.062338e+00
5.1860,1.049066e+00
5.1880,1.035873e+00
5.1900,1.022760e+00
5.1920,1.009730e+00
5.1940,9.967813e-01
5.1960,9.839167e-01
5.1980,9.711369e-01
5.2000,9.584427e-01
5.2020,9.458353e-01
5.2040,9.333153e-01
5.2060,9.208838e-01
5.2080,9.085416e-01
5.2100,8.962895e-01
5.2120,8.841282e-01
5.2140,8.720585e-01
5.2160,8.600810e-01
5.2180,8.481966e-01
5.2200,8.364057e-01
5.2220,8.247089e-01
5.2240,8.131070e-01
5.2260,8.016003e-01
5.2280,7.901895e-01
5.2300,7.788749e-01
5.2320,7.676571e-01
5.2340,7.565364e-01
5.2360,7.455133e-01
5.2380,7.345882e-01
5.2400,7.237613e-01
5.2420,7.130330e-01
5.2440,7.024035e-01
5.2460,6.918732e-01
5.2480,6.814422e-01
5.2500,6.711108e-01
5.2520,6.608792e-01
5.2540,6.507474e-01
5.2560,6.407157e-01
5.2580,6.307841e-01
5.2600,6.209527e-01
5.2620,6.112217e-01
5.2640,6.015909e-01
5.2660,5.920605e-01
5.2680,5.826304e-01
5.2700,5.733006e-01
5.2720,5.640711e-01
5.2740,5.549417e-01
5.2760,5.459124e-01
5.2780,5.369831e-01
5.2800,5.281536e-01
5.2820,5.194238e-01
5.2840,5.107934e-01
5.2860,5.022624e-01
5.2880,4.938304e-01
5.2900,4.854973e-01
5.2920,4.772627e-01
5.2940,4.691265e-01
5.2960,4.610883e-01
5.2980,4.531478e-01
5.3000,4.453047e-01
5.3020,4.375586e-01
5.3040,4.299093e-01
5.3060,4.223562e-01
5.3080,4.148991e-01
5.3100,4.075375e-01
5.3120,4.002710e-01
5.3140,3.930991e-01
5.3160,3.860214e-01
5.3180,3.790375e-01
5.3200,3.721468e-01
5.3220,3.653489e-01
5.3240,3.586432e-01
5.3260,3.520292e-01
5.3280,3.455064e-01
5.3300,3.390743e-01
5.3320,3.327322e-01
5.3340,3.264796e-01
5.3360,3.203160e-01
5.3380,3.142407e-01
5.3400,3.082531e-01
5.3420,3.023527e-01
5.3440,2.965387e-01
5.3460,2.908106e-01
5.3480,2.851677e-01
5.3500,2.796093e-01
5.3520,2.741349e-01
5.3540,2.687436e-01
5.3560,2.634349e-01
5.3580,2.582080e-01
5.3600,2.530623e-01
5.3620,2.479971e-01
5.3640,2.430116e-01
5.3660,2.381052e-01
5.3680,2.332770e-01
5.3700,2.285265e-01
5.3720,2.238528e-01
5.3740,2.192552e-01
5.3760,2.147330e-01
5.3780,2.102855e-01
5.3800,2.059118e-01
5.3820,2.016113e-01
5.3840,1.973831e-01
5.3860,1.932265e-01
5.3880,1.891408e-01
5.3900,1.851251e-01
5.3920,1.811788e-01
5.3940,1.773010e-01
5.3960,1.734909e-01
5.3980,1.697479e-01
5.4000,1.660710e-01
5.4020,1.624596e-01
5.4040,1.589128e-01
5.4060,1.554299e-01
5.4080,1.520101e-01
5.4100,1.486527e-01
5.4120,1.453568e-01
5.4140,1.421216e-01
5.4160,1.389464e-01
5.4180,1.358305e-01
5.4200,1.327730e-01
5.4220,1.297731e-01
5.4240,1.268302e-01
5.4260,1.239433e-01
5.4280,1.211119e-01
5.4300,1.183350e-01
5.4320,1.156120e-01
5.4340,1.129420e-01
5.4360,1.103244e-01
5.4380,1.077584e-01
5.4400,1.052431e-01
5.4420,1.027780e-01
5.4440,1.003621e-01
5.4460,9.799493e-02
5.4480,9.567557e-02
5.4500,9.340335e-02
5.4520,9.117755e-02
5.4540,8.899744e-02
5.4560,8.686231e-02
5.4580,8.477144e-02
5.4600,8.272414e-02
5.4620,8.071971e-02
5.4640,7.875745e-02
5.4660,7.683667e-02
5.4680,7.495669e-02
5.4700,7.311683e-02
5.4720,7.131642e-02
5.4740,6.955480e-02
5.4760,6.783130e-02
5.4780,6.614527e-02
5.4800,6.449607e-02
5.4820,6.288305e-02
5.4840,6.130558e-02
5.4860,5.976303e-02
5.4880,5.825477e-02
5.4900,5.678020e-02
5.4920,5.533871e-02
5.4940,5.392968e-02
5.4960,5.255254e-02
5.4980,5.120668e-02
5.5000,4.989153e-02
5.5020,4.860651e-02
5.5040,4.735106e-02
5.5060,4.612460e-02
5.5080,4.492660e-02
5.5100,4.375650e-02
5.5120,4.261377e-02
5.5140,4.149786e-02
5.5160,4.040825e-02
5.5180,3.934443e-02
5.5200,3.830588e-02
5.5220,3.729210e-02
5.5240,3.630259e-02
5.5260,3.533686e-02
5.5280,3.439442e-02
5.5300,3.347480e-02
5.5320,3.257753e-02
5.5340,3.170215e-02
5.5360,3.084819e-02
5.5380,3.001522e-02
5.5400,2.920278e-02
5.5420,2.841044e-02
5.5440,2.763779e-02
5.5460,2.688438e-02
5.5480,2.614982e-02
5.5500,2.543368e-02
5.5520,2.473558e-02
5.5540,2.405510e-02
5.5560,2.339188e-02
5.5580,2.274552e-02
5.5600,2.211566e-02
5.5620,2.150191e-02
5.5640,2.090393e-02
5.5660,2.032135e-02
5.5680,1.975382e-02
5.5700,1.920101e-02
5.5720,1.866257e-02
5.5740,1.813818e-02
5.5760,1.762751e-02
5.5780,1.713023e-02
5.5800,1.664605e-02
5.5820,1.617465e-02
5.5840,1.571573e-02
5.5860,1.526900e-02
5.5880,1.483416e-02
5.5900,1.441093e-02
5.5920,1.399904e-02
5.5940,1.359821e-02
5.5960,1.320817e-02
5.5980,1.282866e-02
5.6000,1.245943e-02
5.6020,1.210023e-02
5.6040,1.175080e-02
5.6060,1.141091e-02
5.6080,1.108031e-02
5.6100,1.075879e-02
5.6120,1.044610e-02
5.6140,1.014204e-02
5.6160,9.846384e-03
5.6180,9.558917e-03
5.6200,9.279433e-03
5.6220,9.007730e-03
5.6240,8.743608e-03
5.6260,8.486874e-03
5.6280,8.237337e-03
5.6300,7.994812e-03
5.6320,7.759116e-03
5.6340,7.530073e-03
5.6360,7.307508e-03
5.6380,7.091253e-03
5.6400,6.881141e-03
5.6420,6.677010e-03
5.6440,6.478703e-03
5.6460,6.286065e-03
5.6480,6.098945e-03
5.6500,5.917195e-03
5.6520,5.740673e-03
5.6540,5.569237e-03
5.6560,5.402750e-03
5.6580,5.241080e-03
5.6600,5.084094e-03
5.6620,4.931666e-03
5.6640,4.783671e-03
5.6660,4.639989e-03
5.6680,4.500501e-03
5.6700,4.365091e-03
5.6720,4.233648e-03
5.6740,4.106061e-03
5.6760,3.982223e-03
5.6780,3.862031e-03
5.6800,3.745382e-03
5.6820,3.632178e-03
5.6840,3.522322e-03
5.6860,3.415720e-03
5.6880,3.312280e-03
5.6900,3.211914e-03
5.6920,3.114533e-03
5.6940,3.020054e-03
5.6960,2.928393e-03
5.6980,2.839471e-03
5.7000,2.753209e-03
5.7020,2.669531e-03
5.7040,2.588363e-03
5.7060,2.509633e-03
5.7080,2.433270e-03
5.7100,2.359205e-03
5.7120,2.287374e-03
5.7140,2.217709e-03
5.7160,2.150150e-03
5.7180,2.084633e-03
5.7200,2.021100e-03
5.7220,1.959493e-03
5.7240,1.899755e-03
5.7260,1.841831e-03
5.7280,1.785667e-03
5.7300,1.731213e-03
5.7320,1.678417e-03
5.7340,1.627231e-03
5.7360,1.577606e-03
5.7380,1.529497e-03
5.7400,1.482858e-03
5.7420,1.437646e-03
5.7440,1.393817e-03
5.7460,1.351331e-03
5.7480,1.310147e-03
5.7500,1.270227e-03
5.7520,1.231532e-03
5.7540,1.194026e-03
5.7560,1.157672e-03
5.7580,1.122436e-03
5.7600,1.088285e-03
5.7620,1.055185e-03
5.7640,1.023104e-03
5.7660,9.920125e-04
5.7680,9.618794e-04
5.7700,9.326757e-04
5.7720,9.043732e-04
5.7740,8.769445e-04
5.7760,8.503628e-04
5.7780,8.246024e-04
5.7800,7.996379e-04
5.7820,7.754452e-04
5.7840,7.520005e-04
5.7860,7.292809e-04
5.7880,7.072641e-04
5.7900,6.859285e-04
5.7920,6.652531e-04
5.7940,6.452176e-04
5.7960,6.258023e-04
5.7980,6.069879e-04
5.8000,5.887560e-04
5.8020,5.710886e-04
5.8040,5.539681e-04
5.8060,5.373777e-04
5.8080,5.213009e-04
5.8100,5.057217e-04
5.8120,4.906248e-04
5.8140,4.759952e-04
5.8160,4.618182e-04
5.8180,4.480800e-04
5.8200,4.347667e-04
5.8220,4.218652e-04
5.8240,4.093627e-04
5.8260,3.972467e-04
5.8280,3.855051e-04
5.8300,3.741263e-04
5.8320,3.630989e-04
5.8340,3.524121e-04
5.8360,3.420550e-04
5.8380,3.320175e-04
5.8400,3.222896e-04
5.8420,3.128614e-04
5.8440,3.037238e-04
5.8460,2.948676e-04
5.8480,2.862839e-04
5.8500,2.779643e-04
5.8520,2.699005e-04
5.8540,2.620845e-04
5.8560,2.545084e-04
5.8580,2.471649e-04
5.8600,2.400465e-04
5.8620,2.331463e-04
5.8640,2.264574e-04
5.8660,2.199732e-04
5.8680,2.136873e-04
5.8700,2.075935e-04
5.8720,2.016856e-04
5.8740,1.959580e-04
5.8760,1.904050e-04
5.8780,1.850211e-04
5.8800,1.798010e-04
5.8820,1.747395e-04
5.8840,1.698317e-04
5.8860,1.650729e-04
5.8880,1.604583e-04
5.8900,1.559833e-04
5.8920,1.516438e-04
5.8940,1.474353e-04
5.8960,1.433539e-04
5.8980,1.393955e-04
5.9000,1.355563e-04
5.9020,1.318326e-04
5.9040,1.282208e-04
5.9060,1.247174e-04
5.9080,1.213189e-04
5.9100,1.180222e-04
5.9120,1.148240e-04
5.9140,1.117214e-04
5.9160,1.087112e-04
5.9180,1.057907e-04
5.9200,1.029571e-04
5.9220,1.002076e-04
5.9240,9.753966e-05
5.9260,9.495072e-05
5.9280,9.243835e-05
5.9300,9.000018e-05
5.9320,8.763389e-05
5.9340,8.533728e-05
5.9360,8.310818e-05
5.9380,8.094451e-05
5.9400,7.884426e-05
5.9420,7.680546e-05
5.9440,7.482622e-05
5.9460,7.290472e-05
5.9480,7.103916e-05
5.9500,6.922784e-05
5.9520,6.746910e-05
5.9540,6.576130e-05
5.9560,6.410291e-05
5.9580,6.249240e-05
5.9600,6.092831e-05
5.9620,5.940923e-05
5.9640,5.793378e-05
5.9660,5.650063e-05
5.9680,5.510849e-05
5.9700,5.375612e-05
5.9720,5.244230e-05
5.9740,5.116588e-05
5.9760,4.992572e-05
5.9780,4.872071e-05
5.9800,4.754981e-05
5.9820,4.641197e-05
5.9840,4.530621e-05
5.9860,4.423155e-05
5.9880,4.318707e-05
5.9900,4.217185e-05
5.9920,4.118502e-05
5.9940,4.022574e-05
5.9960,3.929317e-05
5.9980,3.838652e-05
6.0000,3.750502e-05
6.0020,3.664792e-05
6.0040,3.581449e-05
6.0060,3.500403e-05
6.0080,3.421587e-05
6.0100,3.344934e-05
6.0120,3.270381e-05
6.0140,3.197865e-05
6.0160,3.127327e-05
6.0180,3.058709e-05
6.0200,2.991954e-05
6.0220,2.927008e-05
6.0240,2.863818e-05
6.0260,2.802332e-05
6.0280,2.742502e-05
6.0300,2.684279e-05
6.0320,2.627616e-05
6.0340,2.572469e-05
6.0360,2.518794e-05
6.0380,2.466547e-05
6.0400,2.415689e-05
6.0420,2.366179e-05
6.0440,2.317978e-05
6.0460,2.271050e-05
6.0480,2.225357e-05
6.0500,2.180865e-05
6.0520,2.137540e-05
6.0540,2.095348e-05
6.0560,2.054257e-05
6.0580,2.014237e-05
6.0600,1.975257e-05
6.0620,1.937287e-05
6.0640,1.900301e-05
6.0660,1.864270e-05
6.0680,1.829167e-05
6.0700,1.794967e-05
6.0720,1.761644e-05
6.0740,1.729175e-05
6.0760,1.697535e-05
6.0780,1.666702e-05
6.0800,1.636654e-05
6.0820,1.607370e-05
6.0840,1.578827e-05
6.0860,1.551007e-05
6.0880,1.523889e-05
6.0900,1.497455e-05
6.0920,1.471685e-05
6.0940,1.446563e-05
6.0960,1.422070e-05
6.0980,1.398191e-05
6.1000,1.374907e-05
6.1020,1.352204e-05
6.1040,1.330066e-05
6.1060,1.308479e-05
6.1080,1.287427e-05
6.1100,1.266897e-05
6.1120,1.246874e-05
6.1140,1.227346e-05
6.1160,1.208300e-05
6.1180,1.189724e-05
6.1200,1.171604e-05
6.1220,1.153930e-05
6.1240,1.136690e-05
6.1260,1.119872e-05
6.1280,1.103467e-05
6.1300,1.087463e-05
6.1320,1.071851e-05
6.1340,1.056621e-05
6.1360,1.041763e-05
6.1380,1.027267e-05
6.1400,1.013125e-05
6.1420,9.993285e-06
6.1440,9.858684e-06
6.1460,9.727365e-06
6.1480,9.599249e-06
6.1500,9.474258e-06
6.1520,9.352317e-06
6.1540,9.233352e-06
6.1560,9.117293e-06
6.1580,9.004069e-06
6.1600,8.893614e-06
6.1620,8.785863e-06
6.1640,8.680752e-06
6.1660,8.578220e-06
6.1680,8.478207e-06
6.1700,8.380656e-06
6.1720,8.285509e-06
6.1740,8.192713e-06
6.1760,8.102214e-06
6.1780,8.013961e-06
6.1800,7.927904e-06
6.1820,7.843995e-06
6.1840,7.762185e-06
6.1860,7.682430e-06
6.1880,7.604684e-06
6.1900,7.528906e-06
6.1920,7.455053e-06
6.1940,7.383083e-06
6.1960,7.312959e-06
6.1980,7.244642e-06
6.2000,7.178093e-06
6.2020,7.113279e-06
6.2040,7.050163e-06
6.2060,6.988711e-06
6.2080,6.928891e-06
6.2100,6.870671e-06
6.2120,6.814019e-06
6.2140,6.758906e-06
6.2160,6.705303e-06
6.2180,6.653181e-06
6.2200,6.602513e-06
6.2220,6.553273e-06
6.2240,6.505434e-06
6.2260,6.458973e-06
6.2280,6.413864e-06
6.2300,6.370085e-06
6.2320,6.327612e-06
6.2340,6.286425e-06
6.2360,6.246502e-06
6.2380,6.207822e-06
6.2400,6.170366e-06
6.2420,6.134115e-06
6.2440,6.099049e-06
6.2460,6.065152e-06
6.2480,6.032406e-06
6.2500,6.000795e-06
6.2520,5.970302e-06
6.2540,5.940912e-06
6.2560,5.912610e-06
6.2580,5.885382e-06
6.2600,5.859215e-06
6.2620,5.834094e-06
6.2640,5.810008e-06
6.2660,5.786943e-06
6.2680,5.764889e-06
6.2700,5.743834e-06
6.2720,5.723768e-06
6.2740,5.704680e-06
6.2760,5.686560e-06
6.2780,5.669400e-06
6.2800,5.653191e-06
6.2820,5.637923e-06
6.2840,5.623589e-06
6.2860,5.610183e-06
6.2880,5.597696e-06
6.2900,5.586122e-06
6.2920,5.575454e-06
6.2940,5.565688e-06
6.2960,5.556817e-06
6.2980,5.548837e-06
6.3000,5.541743e-06
6.3020,5.535531e-06
6.3040,5.530197e-06
6.3060,5.525737e-06
6.3080,5.522149e-06
6.3100,5.519430e-06
6.3120,5.517578e-06
6.3140,5.516591e-06
6.3160,5.516467e-06
6.3180,5.517206e-06
6.3200,5.518806e-06
6.3220,5.521267e-06
6.3240,5.524589e-06
6.3260,5.528773e-06
6.3280,5.533819e-06
6.3300,5.539728e-06
6.3320,5.546503e-06
6.3340,5.554144e-06
6.3360,5.562653e-06
6.3380,5.572035e-06
6.3400,5.582291e-06
6.3420,5.593424e-06
6.3440,5.605439e-06
6.3460,5.618340e-06
6.3480,5.632130e-06
6.3500,5.646816e-06
6.3520,5.662402e-06
6.3540,5.678893e-06
6.3560,5.696296e-06
6.3580,5.714616e-06
6.3600,5.733862e-06
6.3620,5.754039e-06
6.3640,5.775156e-06
6.3660,5.797221e-06
6.3680,5.820241e-06
6.3700,5.844226e-06
6.3720,5.869185e-06
6.3740,5.895127e-06
6.3760,5.922063e-06
6.3780,5.950002e-06
6.3800,5.978957e-06
6.3820,6.008938e-06
6.3840,6.039956e-06
6.3860,6.072025e-06
6.3880,6.105158e-06
6.3900,6.139366e-06
6.3920,6.174665e-06
6.3940,6.211067e-06
6.3960,6.248588e-06
6.3980,6.287244e-06
6.4000,6.327049e-06
6.4020,6.368020e-06
6.4040,6.410173e-06
6.4060,6.453526e-06
6.4080,6.498097e-06
6.4100,6.543904e-06
6.4120,6.590966e-06
6.4140,6.639303e-06
6.4160,6.688934e-06
6.4180,6.739881e-06
6.4200,6.792164e-06
6.4220,6.845806e-06
6.4240,6.900829e-06
6.4260,6.957257e-06
6.4280,7.015114e-06
6.4300,7.074424e-06
6.4320,7.135212e-06
6.4340,7.197505e-06
6.4360,7.261329e-06
6.4380,7.326712e-06
6.4400,7.393682e-06
6.4420,7.462268e-06
6.4440,7.532500e-06
6.4460,7.604408e-06
6.4480,7.678025e-06
6.4500,7.753382e-06
6.4520,7.830513e-06
6.4540,7.909452e-06
6.4560,7.990233e-06
6.4580,8.072893e-06
6.4600,8.157469e-06
6.4620,8.243998e-06
6.4640,8.332519e-06
6.4660,8.423073e-06
6.4680,8.515699e-06
6.4700,8.610441e-06
6.4720,8.707341e-06
6.4740,8.806444e-06
6.4760,8.907795e-06
6.4780,9.011439e-06
6.4800,9.117426e-06
6.4820,9.225805e-06
6.4840,9.336624e-06
6.4860,9.449937e-06
6.4880,9.565795e-06
6.4900,9.684254e-06
6.4920,9.805368e-06
6.4940,9.929195e-06
6.4960,1.005579e-05
6.4980,1.018522e-05
6.5000,1.031755e-05
6.5020,1.045283e-05
6.5040,1.059113e-05
6.5060,1.073251e-05
6.5080,1.087706e-05
6.5100,1.102482e-05
6.5120,1.117589e-05
6.5140,1.133033e-05
6.5160,1.148821e-05
6.5180,1.164961e-05
6.5200,1.181462e-05
6.5220,1.198331e-05
6.5240,1.215577e-05
6.5260,1.233208e-05
6.5280,1.251233e-05
6.5300,1.269661e-05
6.5320,1.288501e-05
6.5340,1.307763e-05
6.5360,1.327456e-05
6.5380,1.347590e-05
6.5400,1.368176e-05
6.5420,1.389224e-05
6.5440,1.410744e-05
6.5460,1.432748e-05
6.5480,1.455247e-05
6.5500,1.478252e-05
6.5520,1.501776e-05
6.5540,1.525830e-05
6.5560,1.550427e-05
6.5580,1.575580e-05
6.5600,1.601301e-05
6.5620,1.627604e-05
6.5640,1.654504e-05
6.5660,1.682013e-05
6.5680,1.710147e-05
6.5700,1.738921e-05
6.5720,1.768349e-05
6.5740,1.798447e-05
6.5760,1.829232e-05
6.5780,1.860719e-05
6.5800,1.892926e-05
6.5820,1.925870e-05
6.5840,1.959568e-05
6.5860,1.994039e-05
6.5880,2.029301e-05
6.5900,2.065373e-05
6.5920,2.102276e-05
6.5940,2.140028e-05
6.5960,2.178651e-05
6.5980,2.218166e-05
6.6000,2.258594e-05
6.6020,2.299958e-05
6.6040,2.342280e-05
6.6060,2.385583e-05
6.6080,2.429892e-05
6.6100,2.475232e-05
6.6120,2.521626e-05
6.6140,2.569102e-05
6.6160,2.617685e-05
6.6180,2.667403e-05
6.6200,2.718284e-05
6.6220,2.770356e-05
6.6240,2.823648e-05
6.6260,2.878190e-05
6.6280,2.934013e-05
6.6300,2.991149e-05
6.6320,3.049630e-05
6.6340,3.109488e-05
6.6360,3.170759e-05
6.6380,3.233477e-05
6.6400,3.297678e-05
6.6420,3.363398e-05
6.6440,3.430674e-05
6.6460,3.499547e-05
6.6480,3.570054e-05
6.6500,3.642236e-05
6.6520,3.716136e-05
6.6540,3.791795e-05
6.6560,3.869257e-05
6.6580,3.948567e-05
6.6600,4.029770e-05
6.6620,4.112915e-05
6.6640,4.198049e-05
6.6660,4.285221e-05
6.6680,4.374482e-05
6.6700,4.465884e-05
6.6720,4.559480e-05
6.6740,4.655326e-05
6.6760,4.753476e-05
6.6780,4.853989e-05
6.6800,4.956922e-05
6.6820,5.062337e-05
6.6840,5.170295e-05
6.6860,5.280859e-05
6.6880,5.394095e-05
6.6900,5.510069e-05
6.6920,5.628848e-05
6.6940,5.750504e-05
6.6960,5.875107e-05
6.6980,6.002732e-05
6.7000,6.133452e-05
6.7020,6.267346e-05
6.7040,6.404492e-05
6.7060,6.544972e-05
6.7080,6.688868e-05
6.7100,6.836266e-05
6.7120,6.987252e-05
6.7140,7.141916e-05
6.7160,7.300349e-05
6.7180,7.462645e-05
6.7200,7.628901e-05
6.7220,7.799215e-05
6.7240,7.973687e-05
6.7260,8.152420e-05
6.7280,8.335522e-05
6.7300,8.523099e-05
6.7320,8.715264e-05
6.7340,8.912130e-05
6.7360,9.113813e-05
6.7380,9.320434e-05
6.7400,9.532113e-05
6.7420,9.748978e-05
6.7440,9.971155e-05
6.7460,1.019878e-04
6.7480,1.043198e-04
6.7500,1.067090e-04
6.7520,1.091567e-04
6.7540,1.116645e-04
6.7560,1.142338e-04
6.7580,1.168661e-04
6.7600,1.195630e-04
6.7620,1.223261e-04
6.7640,1.251569e-04
6.7660,1.280572e-04
6.7680,1.310287e-04
6.7700,1.340731e-04
6.7720,1.371922e-04
6.7740,1.403878e-04
6.7760,1.436618e-04
6.7780,1.470162e-04
6.7800,1.504528e-04
6.7820,1.539737e-04
6.7840,1.575810e-04
6.7860,1.612768e-04
6.7880,1.650631e-04
6.7900,1.689423e-04
6.7920,1.729165e-04
6.7940,1.769881e-04
6.7960,1.811595e-04
6.7980,1.854330e-04
6.8000,1.898111e-04
6.8020,1.942964e-04
6.8040,1.988914e-04
6.8060,2.035988e-04
6.8080,2.084213e-04
6.8100,2.133617e-04
6.8120,2.184227e-04
6.8140,2.236074e-04
6.8160,2.289186e-04
6.8180,2.343594e-04
6.8200,2.399328e-04
6.8220,2.456421e-04
6.8240,2.514905e-04
6.8260,2.574813e-04
6.8280,2.636179e-04
6.8300,2.699037e-04
6.8320,2.763423e-04
6.8340,2.829373e-04
6.8360,2.896924e-04
6.8380,2.966113e-04
6.8400,3.036980e-04
6.8420,3.109563e-04
6.8440,3.183904e-04
6.8460,3.260043e-04
6.8480,3.338022e-04
6.8500,3.417884e-04
6.8520,3.499674e-04
6.8540,3.583436e-04
6.8560,3.669217e-04
6.8580,3.757062e-04
6.8600,3.847020e-04
6.8620,3.939139e-04
6.8640,4.033470e-04
6.8660,4.130064e-04
6.8680,4.228972e-04
6.8700,4.330248e-04
6.8720,4.433947e-04
6.8740,4.540122e-04
6.8760,4.648831e-04
6.8780,4.760132e-04
6.8800,4.874084e-04
6.8820,4.990747e-04
6.8840,5.110181e-04
6.8860,5.232451e-04
6.8880,5.357619e-04
6.8900,5.485751e-04
6.8920,5.616914e-04
6.8940,5.751175e-04
6.8960,5.888604e-04
6.8980,6.029271e-04
6.9000,6.173249e-04
6.9020,6.320611e-04
6.9040,6.471432e-04
6.9060,6.625788e-04
6.9080,6.783758e-04
6.9100,6.945420e-04
6.9120,7.110857e-04
6.9140,7.280151e-04
6.9160,7.453385e-04
6.9180,7.630647e-04
6.9200,7.812023e-04
6.9220,7.997602e-04
6.9240,8.187476e-04
6.9260,8.381738e-04
6.9280,8.580481e-04
6.9300,8.783801e-04
6.9320,8.991798e-04
6.9340,9.204570e-04
6.9360,9.422220e-04
6.9380,9.644851e-04
6.9400,9.872568e-04
6.9420,1.010548e-03
6.9440,1.034369e-03
6.9460,1.058732e-03
6.9480,1.083648e-03
6.9500,1.109128e-03
6.9520,1.135184e-03
6.9540,1.161829e-03
6.9560,1.189073e-03
6.9580,1.216930e-03
6.9600,1.245413e-03
6.9620,1.274533e-03
6.9640,1.304305e-03
6.9660,1.334741e-03
6.9680,1.365854e-03
6.9700,1.397660e-03
6.9720,1.430171e-03
6.9740,1.463402e-03
6.9760,1.497367e-03
6.9780,1.532082e-03
6.9800,1.567560e-03
6.9820,1.603817e-03
6.9840,1.640869e-03
6.9860,1.678731e-03
6.9880,1.717419e-03
6.9900,1.756950e-03
6.9920,1.797339e-03
6.9940,1.838604e-03
6.9960,1.880761e-03
6.9980,1.923829e-03
7.0000,1.967823e-03
7.0020,2.012763e-03
7.0040,2.058666e-03
7.0060,2.105551e-03
7.0080,2.153436e-03
7.0100,2.202340e-03
7.0120,2.252283e-03
7.0140,2.303283e-03
7.0160,2.355361e-03
7.0180,2.408537e-03
7.0200,2.462832e-03
7.0220,2.518265e-03
7.0240,2.574858e-03
7.0260,2.632632e-03
7.0280,2.691608e-03
7.0300,2.751810e-03
7.0320,2.813258e-03
7.0340,2.875976e-03
7.0360,2.939985e-03
7.0380,3.005310e-03
7.0400,3.071974e-03
7.0420,3.140001e-03
7.0440,3.209414e-03
7.0460,3.280238e-03
7.0480,3.352498e-03
7.0500,3.426219e-03
7.0520,3.501426e-03
7.0540,3.578145e-03
7.0560,3.656402e-03
7.0580,3.736223e-03
7.0600,3.817636e-03
7.0620,3.900666e-03
7.0640,3.985343e-03
7.0660,4.071692e-03
7.0680,4.159743e-03
7.0700,4.249523e-03
7.0720,4.341062e-03
7.0740,4.434388e-03
7.0760,4.529531e-03
7.0780,4.626521e-03
7.0800,4.725387e-03
7.0820,4.826160e-03
7.0840,4.928871e-03
7.0860,5.033550e-03
7.0880,5.140230e-03
7.0900,5.248942e-03
7.0920,5.359718e-03
7.0940,5.472591e-03
7.0960,5.587592e-03
7.0980,5.704757e-03
7.1000,5.824117e-03
7.1020,5.945706e-03
7.1040,6.069560e-03
7.1060,6.195711e-03
7.1080,6.324196e-03
7.1100,6.455049e-03
7.1120,6.588305e-03
7.1140,6.724000e-03
7.1160,6.862171e-03
7.1180,7.002854e-03
7.1200,7.146085e-03
7.1220,7.291902e-03
7.1240,7.440342e-03
7.1260,7.591442e-03
7.1280,7.745242e-03
7.1300,7.901778e-03
7.1320,8.061090e-03
7.1340,8.223216e-03
7.1360,8.388197e-03
7.1380,8.556070e-03
7.1400,8.726877e-03
7.1420,8.900657e-03
7.1440,9.077451e-03
7.1460,9.257300e-03
7.1480,9.440243e-03
7.1500,9.626324e-03
7.1520,9.815582e-03
7.1540,1.000806e-02
7.1560,1.020380e-02
7.1580,1.040285e-02
7.1600,1.060524e-02
7.1620,1.081102e-02
7.1640,1.102024e-02
7.1660,1.123293e-02
7.1680,1.144914e-02
7.1700,1.166891e-02
7.1720,1.189229e-02
7.1740,1.211933e-02
7.1760,1.235006e-02
7.1780,1.258453e-02
7.1800,1.282278e-02
7.1820,1.306487e-02
7.1840,1.331083e-02
7.1860,1.356071e-02
7.1880,1.381456e-02
7.1900,1.407243e-02
7.1920,1.433435e-02
7.1940,1.460037e-02
7.1960,1.487055e-02
7.1980,1.514492e-02
7.2000,1.542354e-02
7.2020,1.570645e-02
7.2040,1.599369e-02
7.2060,1.628532e-02
7.2080,1.658137e-02
7.2100,1.688191e-02
7.2120,1.718697e-02
7.2140,1.749660e-02
7.2160,1.781084e-02
7.2180,1.812976e-02
7.2200,1.845338e-02
7.2220,1.878177e-02
7.2240,1.911496e-02
7.2260,1.945301e-02
7.2280,1.979596e-02
7.2300,2.014386e-02
7.2320,2.049676e-02
7.2340,2.085470e-02
7.2360,2.121774e-02
7.2380,2.158591e-02
7.2400,2.195926e-02
7.2420,2.233785e-02
7.2440,2.272172e-02
7.2460,2.311092e-02
7.2480,2.350548e-02
7.2500,2.390547e-02
7.2520,2.431093e-02
7.2540,2.472189e-02
7.2560,2.513842e-02
7.2580,2.556055e-02
7.2600,2.598833e-02
7.2620,2.642181e-02
7.2640,2.686104e-02
7.2660,2.730605e-02
7.2680,2.775689e-02
7.2700,2.821361e-02
7.2720,2.867625e-02
7.2740,2.914487e-02
7.2760,2.961949e-02
7.2780,3.010016e-02
7.2800,3.058694e-02
7.2820,3.107986e-02
7.2840,3.157896e-02
7.2860,3.208429e-02
7.2880,3.259589e-02
7.2900,3.311381e-02
7.2920,3.363807e-02
7.2940,3.416873e-02
7.2960,3.470583e-02
7.2980,3.524940e-02
7.3000,3.579949e-02
7.3020,3.635614e-02
7.3040,3.691938e-02
7.3060,3.748926e-02
7.3080,3.806580e-02
7.3100,3.864906e-02
7.3120,3.923907e-02
7.3140,3.983586e-02
7.3160,4.043947e-02
7.3180,4.104993e-02
7.3200,4.166729e-02
7.3220,4.229158e-02
7.3240,4.292283e-02
7.3260,4.356107e-02
7.3280,4.420634e-02
7.3300,4.485866e-02
7.3320,4.551809e-02
7.3340,4.618463e-02
7.3360,4.685833e-02
7.3380,4.753921e-02
7.3400,4.822730e-02
7.3420,4.892264e-02
7.3440,4.962525e-02
7.3460,5.033515e-02
7.3480,5.105238e-02
7.3500,5.177696e-02
7.3520,5.250891e-02
7.3540,5.324826e-02
7.3560,5.399503e-02
7.3580,5.474926e-02
7.3600,5.551095e-02
7.3620,5.628013e-02
7.3640,5.705682e-02
7.3660,5.784104e-02
7.3680,5.863281e-02
7.3700,5.943215e-02
7.3720,6.023907e-02
7.3740,6.105360e-02
7.3760,6.187575e-02
7.3780,6.270552e-02
7.3800,6.354295e-02
7.3820,6.438804e-02
7.3840,6.524080e-02
7.3860,6.610124e-02
7.3880,6.696938e-02
7.3900,6.784522e-02
7.3920,6.872878e-02
7.3940,6.962006e-02
7.3960,7.051907e-02
7.3980,7.142582e-02
7.4000,7.234031e-02
7.4020,7.326254e-02
7.4040,7.419251e-02
7.4060,7.513024e-02
7.4080,7.607572e-02
7.4100,7.702896e-02
7.4120,7.798994e-02
7.4140,7.895868e-02
7.4160,7.993516e-02
7.4180,8.091939e-02
7.4200,8.191136e-02
7.4220,8.291107e-02
7.4240,8.391850e-02
7.4260,8.493365e-02
7.4280,8.595652e-02
7.4300,8.698709e-02
7.4320,8.802536e-02
7.4340,8.907131e-02
7.4360,9.012492e-02
7.4380,9.118620e-02
7.4400,9.225511e-02
7.4420,9.333165e-02
7.4440,9.441581e-02
7.4460,9.550755e-02
7.4480,9.660687e-02
7.4500,9.771375e-02
7.4520,9.882816e-02
7.4540,9.995008e-02
7.4560,1.010795e-01
7.4580,1.022164e-01
7.4600,1.033607e-01
7.4620,1.045124e-01
7.4640,1.056716e-01
7.4660,1.068381e-01
7.4680,1.080119e-01
7.4700,1.091930e-01
7.4720,1.103814e-01
7.4740,1.115771e-01
7.4760,1.127799e-01
7.4780,1.139900e-01
7.4800,1.152072e-01
7.4820,1.164314e-01
7.4840,1.176628e-01
7.4860,1.189012e-01
7.4880,1.201466e-01
7.4900,1.213989e-01
7.4920,1.226581e-01
7.4940,1.239243e-01
7.4960,1.251972e-01
7.4980,1.264769e-01
7.5000,1.277634e-01
7.5020,1.290566e-01
7.5040,1.303564e-01
7.5060,1.316628e-01
7.5080,1.329758e-01
7.5100,1.342953e-01
7.5120,1.356213e-01
7.5140,1.369536e-01
7.5160,1.382923e-01
7.5180,1.396373e-01
7.5200,1.409886e-01
7.5220,1.423460e-01
7.5240,1.437096e-01
7.5260,1.450793e-01
7.5280,1.464550e-01
7.5300,1.478366e-01
7.5320,1.492242e-01
7.5340,1.506176e-01
7.5360,1.520168e-01
7.5380,1.534217e-01
7.5400,1.548323e-01
7.5420,1.562485e-01
7.5440,1.576703e-01
7.5460,1.590975e-01
7.5480,1.605301e-01
7.5500,1.619681e-01
7.5520,1.634114e-01
7.5540,1.648598e-01
7.5560,1.663135e-01
7.5580,1.677722e-01
7.5600,1.692359e-01
7.5620,1.707045e-01
7.5640,1.721780e-01
7.5660,1.736563e-01
7.5680,1.751393e-01
7.5700,1.766270e-01
7.5720,1.781193e-01
7.5740,1.796160e-01
7.5760,1.811172e-01
7.5780,1.826228e-01
7.5800,1.841326e-01
7.5820,1.856466e-01
7.5840,1.871648e-01
7.5860,1.886870e-01
7.5880,1.902132e-01
7.5900,1.917433e-01
7.5920,1.932773e-01
7.5940,1.948149e-01
7.5960,1.963562e-01
7.5980,1.979011e-01
7.6000,1.994495e-01
7.6020,2.010014e-01
7.6040,2.025565e-01
7.6060,2.041150e-01
7.6080,2.056766e-01
7.6100,2.072413e-01
7.6120,2.088090e-01
7.6140,2.103796e-01
7.6160,2.119531e-01
7.6180,2.135294e-01
7.6200,2.151083e-01
7.6220,2.166898e-01
7.6240,2.182739e-01
7.6260,2.198604e-01
7.6280,2.214492e-01
7.6300,2.230403e-01
7.6320,2.246335e-01
7.6340,2.262289e-01
7.6360,2.278262e-01
7.6380,2.294255e-01
7.6400,2.310266e-01
7.6420,2.326294e-01
7.6440,2.342339e-01
7.6460,2.358400e-01
7.6480,2.374476e-01
7.6500,2.390566e-01
7.6520,2.406669e-01
7.6540,2.422784e-01
7.6560,2.438911e-01
7.6580,2.455048e-01
7.6600,2.471195e-01
7.6620,2.487351e-01
7.6640,2.503515e-01
7.6660,2.519686e-01
7.6680,2.535863e-01
7.6700,2.552046e-01
7.6720,2.568233e-01
7.6740,2.584424e-01
7.6760,2.600618e-01
7.6780,2.616814e-01
7.6800,2.633011e-01
7.6820,2.649208e-01
7.6840,2.665405e-01
7.6860,2.681600e-01
7.6880,2.697793e-01
7.6900,2.713982e-01
7.6920,2.730168e-01
7.6940,2.746349e-01
7.6960,2.762524e-01
7.6980,2.778693e-01
7.7000,2.794854e-01
7.7020,2.811008e-01
7.7040,2.827152e-01
7.7060,2.843286e-01
7.7080,2.859410e-01
7.7100,2.875522e-01
7.7120,2.891622e-01
7.7140,2.907709e-01
7.7160,2.923781e-01
7.7180,2.939840e-01
7.7200,2.955882e-01
7.7220,2.971908e-01
7.7240,2.987917e-01
7.7260,3.003908e-01
7.7280,3.019881e-01
7.7300,3.035833e-01
7.7320,3.051766e-01
7.7340,3.067677e-01
7.7360,3.083567e-01
7.7380,3.099433e-01
7.7400,3.115277e-01
7.7420,3.131096e-01
7.7440,3.146890e-01
7.7460,3.162659e-01
7.7480,3.178401e-01
7.7500,3.194117e-01
7.7520,3.209804e-01
7.7540,3.225462e-01
7.7560,3.241092e-01
7.7580,3.256691e-01
7.7600,3.272259e-01
7.7620,3.287796e-01
7.7640,3.303301e-01
7.7660,3.318772e-01
7.7680,3.334210e-01
7.7700,3.349614e-01
7.7720,3.364983e-01
7.7740,3.380316e-01
7.7760,3.395613e-01
7.7780,3.410873e-01
7.7800,3.426096e-01
7.7820,3.441280e-01
7.7840,3.456425e-01
7.7860,3.471530e-01
7.7880,3.486595e-01
7.7900,3.501620e-01
7.7920,3.516603e-01
7.7940,3.531544e-01
7.7960,3.546442e-01
7.7980,3.561297e-01
7.8000,3.576108e-01
7.8020,3.590874e-01
7.8040,3.605595e-01
7.8060,3.620271e-01
7.8080,3.634901e-01
7.8100,3.649484e-01
7.8120,3.664019e-01
7.8140,3.678506e-01
7.8160,3.692946e-01
7.8180,3.707336e-01
7.8200,3.721676e-01
7.8220,3.735967e-01
7.8240,3.750207e-01
7.8260,3.764396e-01
7.8280,3.778533e-01
7.8300,3.792619e-01
7.8320,3.806652e-01
7.8340,3.820632e-01
7.8360,3.834558e-01
7.8380,3.848430e-01
7.8400,3.862248e-01
7.8420,3.876011e-01
7.8440,3.889719e-01
7.8460,3.903371e-01
7.8480,3.916967e-01
7.8500,3.930506e-01
7.8520,3.943988e-01
7.8540,3.957412e-01
7.8560,3.970779e-01
7.8580,3.984087e-01
7.8600,3.997337e-01
7.8620,4.010528e-01
7.8640,4.023659e-01
7.8660,4.036731e-01
7.8680,4.049742e-01
7.8700,4.062693e-01
7.8720,4.075582e-01
7.8740,4.088411e-01
7.8760,4.101178e-01
7.8780,4.113883e-01
7.8800,4.126526e-01
7.8820,4.139107e-01
7.8840,4.151624e-01
7.8860,4.164079e-01
7.8880,4.176470e-01
7.8900,4.188797e-01
7.8920,4.201061e-01
7.8940,4.213260e-01
7.8960,4.225394e-01
7.8980,4.237464e-01
7.9000,4.249468e-01
7.9020,4.261408e-01
7.9040,4.273281e-01
7.9060,4.285089e-01
7.9080,4.296831e-01
7.9100,4.308507e-01
7.9120,4.320116e-01
7.9140,4.331659e-01
7.9160,4.343134e-01
7.9180,4.354543e-01
7.9200,4.365884e-01
7.9220,4.377158e-01
7.9240,4.388365e-01
7.9260,4.399503e-01
7.9280,4.410574e-01
7.9300,4.421576e-01
7.9320,4.432510e-01
7.9340,4.443376e-01
7.9360,4.454173e-01
7.9380,4.464902e-01
7.9400,4.475561e-01
7.9420,4.486152e-01
7.9440,4.496674e-01
7.9460,4.507126e-01
7.9480,4.517509e-01
7.9500,4.527823e-01
7.9520,4.538068e-01
7.9540,4.548243e-01
7.9560,4.558348e-01
7.9580,4.568384e-01
7.9600,4.578349e-01
7.9620,4.588245e-01
7.9640,4.598071e-01
7.9660,4.607828e-01
7.9680,4.617514e-01
7.9700,4.627130e-01
7.9720,4.636676e-01
7.9740,4.646152e-01
7.9760,4.655558e-01
7.9780,4.664893e-01
7.9800,4.674159e-01
7.9820,4.683354e-01
7.9840,4.692479e-01
7.9860,4.701534e-01
7.9880,4.710519e-01
7.9900,4.719433e-01
7.9920,4.728278e-01
7.9940,4.737052e-01
7.9960,4.745756e-01
7.9980,4.754390e-01
8.0000,4.762954e-01
8.0020,4.771448e-01
8.0040,4.779872e-01
8.0060,4.788227e-01
8.0080,4.796511e-01
8.0100,4.804725e-01
8.0120,4.812870e-01
8.0140,4.820945e-01
8.0160,4.828950e-01
8.0180,4.836886e-01
8.0200,4.844752e-01
8.0220,4.852549e-01
8.0240,4.860277e-01
8.0260,4.867935e-01
8.0280,4.875524e-01
8.0300,4.883044e-01
8.0320,4.890496e-01
8.0340,4.897878e-01
8.0360,4.905192e-01
8.0380,4.912437e-01
8.0400,4.919614e-01
8.0420,4.926722e-01
8.0440,4.933762e-01
8.0460,4.940734e-01
8.0480,4.947638e-01
8.0500,4.954474e-01
8.0520,4.961242e-01
8.0540,4.967943e-01
8.0560,4.974576e-01
8.0580,4.981142e-01
8.0600,4.987641e-01
8.0620,4.994073e-01
8.0640,5.000438e-01
8.0660,5.006737e-01
8.0680,5.012969e-01
8.0700,5.019134e-01
8.0720,5.025234e-01
8.0740,5.031267e-01
8.0760,5.037235e-01
8.0780,5.043137e-01
8.0800,5.048973e-01
8.0820,5.054744e-01
8.0840,5.060450e-01
8.0860,5.066091e-01
8.0880,5.071668e-01
8.0900,5.077180e-01
8.0920,5.082627e-01
8.0940,5.088010e-01
8.0960,5.093330e-01
8.0980,5.098585e-01
8.1000,5.103778e-01
8.1020,5.108906e-01
8.1040,5.113972e-01
8.1060,5.118975e-01
8.1080,5.123915e-01
8.1100,5.128792e-01
8.1120,5.133607e-01
8.1140,5.138361e-01
8.1160,5.143052e-01
8.1180,5.147682e-01
8.1200,5.152250e-01
8.1220,5.156757e-01
8.1240,5.161203e-01
8.1260,5.165589e-01
8.1280,5.169914e-01
8.1300,5.174178e-01
8.1320,5.178383e-01
8.1340,5.182528e-01
8.1360,5.186613e-01
8.1380,5.190639e-01
8.1400,5.194606e-01
8.1420,5.198514e-01
8.1440,5.202364e-01
8.1460,5.206155e-01
8.1480,5.209888e-01
8.1500,5.213563e-01
8.1520,5.217181e-01
8.1540,5.220741e-01
8.1560,5.224244e-01
8.1580,5.227690e-01
8.1600,5.231079e-01
8.1620,5.234413e-01
8.1640,5.237690e-01
8.1660,5.240911e-01
8.1680,5.244077e-01
8.1700,5.247187e-01
8.1720,5.250242e-01
8.1740,5.253242e-01
8.1760,5.256188e-01
8.1780,5.259079e-01
8.1800,5.261917e-01
8.1820,5.264700e-01
8.1840,5.267430e-01
8.1860,5.270107e-01
8.1880,5.272730e-01
8.1900,5.275301e-01
8.1920,5.277820e-01
8.1940,5.280286e-01
8.1960,5.282700e-01
8.1980,5.285062e-01
8.2000,5.287373e-01
8.2020,5.289633e-01
8.2040,5.291842e-01
8.2060,5.294000e-01
8.2080,5.296108e-01
8.2100,5.298166e-01
8.2120,5.300174e-01
8.2140,5.302132e-01
8.2160,5.304041e-01
8.2180,5.305901e-01
8.2200,5.307712e-01
8.2220,5.309475e-01
8.2240,5.311189e-01
8.2260,5.312855e-01
8.2280,5.314474e-01
8.2300,5.316045e-01
8.2320,5.317569e-01
8.2340,5.319046e-01
8.2360,5.320476e-01
8.2380,5.321860e-01
8.2400,5.323198e-01
8.2420,5.324489e-01
8.2440,5.325736e-01
8.2460,5.326937e-01
8.2480,5.328093e-01
8.2500,5.329204e-01
8.2520,5.330270e-01
8.2540,5.331292e-01
8.2560,5.332270e-01
8.2580,5.333205e-01
8.2600,5.334096e-01
8.2620,5.334944e-01
8.2640,5.335748e-01
8.2660,5.336510e-01
8.2680,5.337230e-01
8.2700,5.337907e-01
8.2720,5.338543e-01
8.2740,5.339137e-01
8.2760,5.339689e-01
8.2780,5.340201e-01
8.2800,5.340671e-01
8.2820,5.341101e-01
8.2840,5.341490e-01
8.2860,5.341839e-01
8.2880,5.342149e-01
8.2900,5.342419e-01
8.2920,5.342649e-01
8.2940,5.342841e-01
8.2960,5.342993e-01
8.2980,5.343107e-01
8.3000,5.343183e-01
8.3020,5.343221e-01
8.3040,5.343220e-01
8.3060,5.343183e-01
8.3080,5.343107e-01
8.3100,5.342995e-01
8.3120,5.342846e-01
8.3140,5.342661e-01
8.3160,5.342439e-01
8.3180,5.342181e-01
8.3200,5.341887e-01
8.3220,5.341557e-01
8.3240,5.341193e-01
8.3260,5.340793e-01
8.3280,5.340358e-01
8.3300,5.339888e-01
8.3320,5.339385e-01
8.3340,5.338847e-01
8.3360,5.338275e-01
8.3380,5.337669e-01
8.3400,5.337030e-01
8.3420,5.336358e-01
8.3440,5.335653e-01
8.3460,5.334915e-01
8.3480,5.334145e-01
8.3500,5.333342e-01
8.3520,5.332508e-01
8.3540,5.331641e-01
8.3560,5.330743e-01
8.3580,5.329814e-01
8.3600,5.328853e-01
8.3620,5.327862e-01
8.3640,5.326840e-01
8.3660,5.325787e-01
8.3680,5.324705e-01
8.3700,5.323592e-01
8.3720,5.322450e-01
8.3740,5.321278e-01
8.3760,5.320076e-01
8.3780,5.318846e-01
8.3800,5.317587e-01
8.3820,5.316299e-01
8.3840,5.314982e-01
8.3860,5.313637e-01
8.3880,5.312265e-01
8.3900,5.310864e-01
8.3920,5.309436e-01
8.3940,5.307980e-01
8.3960,5.306498e-01
8.3980,5.304988e-01
8.4000,5.303451e-01
8.4020,5.301888e-01
8.4040,5.300299e-01
8.4060,5.298683e-01
8.4080,5.297042e-01
8.4100,5.295374e-01
8.4120,5.293682e-01
8.4140,5.291963e-01
8.4160,5.290220e-01
8.4180,5.288452e-01
8.4200,5.286659e-01
8.4220,5.284841e-01
8.4240,5.282999e-01
8.4260,5.281133e-01
8.4280,5.279243e-01
8.4300,5.277329e-01
8.4320,5.275391e-01
8.4340,5.273430e-01
8.4360,5.271446e-01
8.4380,5.269439e-01
8.4400,5.267408e-01
8.4420,5.265356e-01
8.4440,5.263280e-01
8.4460,5.261183e-01
8.4480,5.259063e-01
8.4500,5.256922e-01
8.4520,5.254758e-01
8.4540,5.252573e-01
8.4560,5.250367e-01
8.4580,5.248139e-01
8.4600,5.245890e-01
8.4620,5.243621e-01
8.4640,5.241331e-01
8.4660,5.239020e-01
8.4680,5.236689e-01
8.4700,5.234337e-01
8.4720,5.231966e-01
8.4740,5.229575e-01
8.4760,5.227164e-01
8.4780,5.224733e-01
8.4800,5.222283e-01
8.4820,5.219814e-01
8.4840,5.217326e-01
8.4860,5.214819e-01
8.4880,5.212293e-01
8.4900,5.209749e-01
8.4920,5.207186e-01
8.4940,5.204605e-01
8.4960,5.202006e-01
8.4980,5.199389e-01
8.5000,5.196754e-01
8.5020,5.194101e-01
8.5040,5.191431e-01
8.5060,5.188744e-01
8.5080,5.186040e-01
8.5100,5.183318e-01
8.5120,5.180580e-01
8.5140,5.177824e-01
8.5160,5.175053e-01
8.5180,5.172264e-01
8.5200,5.169460e-01
8.5220,5.166639e-01
8.5240,5.163802e-01
8.5260,5.160949e-01
8.5280,5.158081e-01
8.5300,5.155197e-01
8.5320,5.152297e-01
8.5340,5.149382e-01
8.5360,5.146452e-01
8.5380,5.143507e-01
8.5400,5.140546e-01
8.5420,5.137571e-01
8.5440,5.134581e-01
8.5460,5.131577e-01
8.5480,5.128558e-01
8.5500,5.125525e-01
8.5520,5.122478e-01
8.5540,5.119417e-01
8.5560,5.116341e-01
8.5580,5.113252e-01
8.5600,5.110149e-01
8.5620,5.107033e-01
8.5640,5.103903e-01
8.5660,5.100760e-01
8.5680,5.097604e-01
8.5700,5.094434e-01
8.5720,5.091252e-01
8.5740,5.088056e-01
8.5760,5.084848e-01
8.5780,5.081628e-01
8.5800,5.078394e-01
8.5820,5.075149e-01
8.5840,5.071891e-01
8.5860,5.068620e-01
8.5880,5.065338e-01
8.5900,5.062044e-01
8.5920,5.058738e-01
8.5940,5.055420e-01
8.5960,5.052090e-01
8.5980,5.048749e-01
8.6000,5.045397e-01
8.6020,5.042033e-01
8.6040,5.038657e-01
8.6060,5.035271e-01
8.6080,5.031874e-01
8.6100,5.028465e-01
8.6120,5.025046e-01
8.6140,5.021616e-01
8.6160,5.018175e-01
8.6180,5.014724e-01
8.6200,5.011262e-01
8.6220,5.007790e-01
8.6240,5.004308e-01
8.6260,5.000815e-01
8.6280,4.997312e-01
8.6300,4.993800e-01
8.6320,4.990277e-01
8.6340,4.986744e-01
8.6360,4.983202e-01
8.6380,4.979650e-01
8.6400,4.976088e-01
8.6420,4.972517e-01
8.6440,4.968936e-01
8.6460,4.965347e-01
8.6480,4.961747e-01
8.6500,4.958139e-01
8.6520,4.954522e-01
8.6540,4.950895e-01
8.6560,4.947260e-01
8.6580,4.943615e-01
8.6600,4.939962e-01
8.6620,4.936300e-01
8.6640,4.932630e-01
8.6660,4.928951e-01
8.6680,4.925263e-01
8.6700,4.921568e-01
8.6720,4.917863e-01
8.6740,4.914151e-01
8.6760,4.910430e-01
8.6780,4.906701e-01
8.6800,4.902964e-01
8.6820,4.899219e-01
8.6840,4.895466e-01
8.6860,4.891706e-01
8.6880,4.887937e-01
8.6900,4.884161e-01
8.6920,4.880377e-01
8.6940,4.876585e-01
8.6960,4.872786e-01
8.6980,4.868980e-01
8.7000,4.865166e-01
8.7020,4.861344e-01
8.7040,4.857516e-01
8.7060,4.853680e-01
8.7080,4.849837e-01
8.7100,4.845986e-01
8.7120,4.842129e-01
8.7140,4.838265e-01
8.7160,4.834394e-01
8.7180,4.830516e-01
8.7200,4.826631e-01
8.7220,4.822739e-01
8.7240,4.818840e-01
8.7260,4.814935e-01
8.7280,4.811023e-01
8.7300,4.807105e-01
8.7320,4.803180e-01
8.7340,4.799249e-01
8.7360,4.795311e-01
8.7380,4.791366e-01
8.7400,4.787416e-01
8.7420,4.783459e-01
8.7440,4.779496e-01
8.7460,4.775527e-01
8.7480,4.771551e-01
8.7500,4.767569e-01
8.7520,4.763582e-01
8.7540,4.759588e-01
8.7560,4.755588e-01
8.7580,4.751583e-01
8.7600,4.747571e-01
8.7620,4.743554e-01
8.7640,4.739531e-01
8.7660,4.735502e-01
8.7680,4.731467e-01
8.7700,4.727427e-01
8.7720,4.723380e-01
8.7740,4.719329e-01
8.7760,4.715271e-01
8.7780,4.711209e-01
8.7800,4.707140e-01
8.7820,4.703066e-01
8.7840,4.698987e-01
8.7860,4.694902e-01
8.7880,4.690812e-01
8.7900,4.686717e-01
8.7920,4.682616e-01
8.7940,4.678510e-01
8.7960,4.674398e-01
8.7980,4.670282e-01
8.8000,4.666160e-01
8.8020,4.662033e-01
8.8040,4.657901e-01
8.8060,4.653763e-01
8.8080,4.649621e-01
8.8100,4.645474e-01
8.8120,4.641321e-01
8.8140,4.637164e-01
8.8160,4.633001e-01
8.8180,4.628834e-01
8.8200,4.624662e-01
8.8220,4.620484e-01
8.8240,4.616302e-01
8.8260,4.612115e-01
8.8280,4.607923e-01
8.8300,4.603727e-01
8.8320,4.599525e-01
8.8340,4.595319e-01
8.8360,4.591108e-01
8.8380,4.586892e-01
8.8400,4.582671e-01
8.8420,4.578446e-01
8.8440,4.574216e-01
8.8460,4.569982e-01
8.8480,4.565742e-01
8.8500,4.561498e-01
8.8520,4.557250e-01
8.8540,4.552997e-01
8.8560,4.548739e-01
8.8580,4.544477e-01
8.8600,4.540210e-01
8.8620,4.535938e-01
8.8640,4.531662e-01
8.8660,4.527382e-01
8.8680,4.523097e-01
8.8700,4.518807e-01
8.8720,4.514513e-01
8.8740,4.510215e-01
8.8760,4.505912e-01
8.8780,4.501605e-01
8.8800,4.497293e-01
8.8820,4.492977e-01
8.8840,4.488656e-01
8.8860,4.484331e-01
8.8880,4.480001e-01
8.8900,4.475667e-01
8.8920,4.471329e-01
8.8940,4.466986e-01
8.8960,4.462639e-01
8.8980,4.458288e-01
8.9000,4.453932e-01
8.9020,4.449572e-01
8.9040,4.445207e-01
8.9060,4.440838e-01
8.9080,4.436465e-01
8.9100,4.432087e-01
8.9120,4.427705e-01
8.9140,4.423319e-01
8.9160,4.418928e-01
8.9180,4.414533e-01
8.9200,4.410133e-01
8.9220,4.405730e-01
8.9240,4.401322e-01
8.9260,4.396909e-01
8.9280,4.392492e-01
8.9300,4.388071e-01
8.9320,4.383646e-01
8.9340,4.379216e-01
8.9360,4.374782e-01
8.9380,4.370343e-01
8.9400,4.365901e-01
8.9420,4.361453e-01
8.9440,4.357002e-01
8.9460,4.352546e-01
8.9480,4.348086e-01
8.9500,4.343621e-01
8.9520,4.339152e-01
8.9540,4.334679e-01
8.9560,4.330201e-01
8.9580,4.325719e-01
8.9600,4.321233e-01
8.9620,4.316742e-01
8.9640,4.312246e-01
8.9660,4.307747e-01
8.9680,4.303243e-01
8.9700,4.298734e-01
8.9720,4.294221e-01
8.9740,4.289704e-01
8.9760,4.285182e-01
8.9780,4.280656e-01
8.9800,4.276125e-01
8.9820,4.271590e-01
8.9840,4.267050e-01
8.9860,4.262506e-01
8.9880,4.257957e-01
8.9900,4.253404e-01
8.9920,4.248846e-01
8.9940,4.244284e-01
8.9960,4.239717e-01
8.9980,4.235146e-01
9.0000,4.230570e-01
9.0020,4.225989e-01
9.0040,4.221404e-01
9.0060,4.216814e-01
9.0080,4.212220e-01
9.0100,4.207621e-01
9.0120,4.203017e-01
9.0140,4.198409e-01
9.0160,4.193796e-01
9.0180,4.189178e-01
9.0200,4.184556e-01
9.0220,4.179929e-01
9.0240,4.175297e-01
9.0260,4.170661e-01
9.0280,4.166019e-01
9.0300,4.161373e-01
9.0320,4.156722e-01
9.0340,4.152067e-01
9.0360,4.147406e-01
9.0380,4.142741e-01
9.0400,4.138070e-01
9.0420,4.133395e-01
9.0440,4.128715e-01
9.0460,4.124030e-01
9.0480,4.119340e-01
9.0500,4.114645e-01
9.0520,4.109946e-01
9.0540,4.105241e-01
9.0560,4.100531e-01
9.0580,4.095816e-01
9.0600,4.091096e-01
9.0620,4.086371e-01
9.0640,4.081641e-01
9.0660,4.076906e-01
9.0680,4.072166e-01
9.0700,4.067420e-01
9.0720,4.062670e-01
9.0740,4.057914e-01
9.0760,4.053153e-01
9.0780,4.048387e-01
9.0800,4.043615e-01
9.0820,4.038838e-01
9.0840,4.034056e-01
9.0860,4.029269e-01
9.0880,4.024476e-01
9.0900,4.019678e-01
9.0920,4.014875e-01
9.0940,4.010066e-01
9.0960,4.005251e-01
9.0980,4.000432e-01
9.1000,3.995606e-01
9.1020,3.990775e-01
9.1040,3.985939e-01
9.1060,3.981097e-01
9.1080,3.976250e-01
9.1100,3.971397e-01
9.1120,3.966538e-01
9.1140,3.961674e-01
9.1160,3.956804e-01
9.1180,3.951928e-01
9.1200,3.947046e-01
9.1220,3.942159e-01
9.1240,3.937266e-01
9.1260,3.932367e-01
9.1280,3.927463e-01
9.1300,3.922552e-01
9.1320,3.917636e-01
9.1340,3.912714e-01
9.1360,3.907785e-01
9.1380,3.902851e-01
9.1400,3.897911e-01
9.1420,3.892965e-01
9.1440,3.888013e-01
9.1460,3.883054e-01
9.1480,3.878090e-01
9.1500,3.873120e-01
9.1520,3.868143e-01
9.1540,3.863160e-01
9.1560,3.858171e-01
9.1580,3.853176e-01
9.1600,3.848174e-01
9.1620,3.843167e-01
9.1640,3.838152e-01
9.1660,3.833132e-01
9.1680,3.828105e-01
9.1700,3.823072e-01
9.1720,3.818032e-01
9.1740,3.812986e-01
9.1760,3.807934e-01
9.1780,3.802874e-01
9.1800,3.797809e-01
9.1820,3.792737e-01
9.1840,3.787658e-01
9.1860,3.782572e-01
9.1880,3.777480e-01
9.1900,3.772381e-01
9.1920,3.767276e-01
9.1940,3.762164e-01
9.1960,3.757044e-01
9.1980,3.751919e-01
9.2000,3.746786e-01
9.2020,3.741646e-01
9.2040,3.736500e-01
9.2060,3.731347e-01
9.2080,3.726186e-01
9.2100,3.721019e-01
9.2120,3.715845e-01
9.2140,3.710663e-01
9.2160,3.705475e-01
9.2180,3.700279e-01
9.2200,3.695077e-01
9.2220,3.689867e-01
9.2240,3.684650e-01
9.2260,3.679426e-01
9.2280,3.674194e-01
9.2300,3.668956e-01
9.2320,3.663710e-01
9.2340,3.658456e-01
9.2360,3.653195e-01
9.2380,3.647927e-01
9.2400,3.642652e-01
9.2420,3.637369e-01
9.2440,3.632078e-01
9.2460,3.626780e-01
9.2480,3.621474e-01
9.2500,3.616161e-01
9.2520,3.610841e-01
9.2540,3.605512e-01
9.2560,3.600176e-01
9.2580,3.594832e-01
9.2600,3.589481e-01
9.2620,3.584122e-01
9.2640,3.578754e-01
9.2660,3.573380e-01
9.2680,3.567997e-01
9.2700,3.562606e-01
9.2720,3.557208e-01
9.2740,3.551801e-01
9.2760,3.546387e-01
9.2780,3.540965e-01
9.2800,3.535534e-01
9.2820,3.530096e-01
9.2840,3.524649e-01
9.2860,3.519195e-01
9.2880,3.513732e-01
9.2900,3.508261e-01
9.2920,3.502782e-01
9.2940,3.497295e-01
9.2960,3.491799e-01
9.2980,3.486295e-01
9.3000,3.480783e-01
9.3020,3.475262e-01
9.3040,3.469734e-01
9.3060,3.464196e-01
9.3080,3.458651e-01
9.3100,3.453096e-01
9.3120,3.447534e-01
9.3140,3.441963e-01
9.3160,3.436383e-01
9.3180,3.430795e-01
9.3200,3.425198e-01
9.3220,3.419593e-01
9.3240,3.413979e-01
9.3260,3.408356e-01
9.3280,3.402724e-01
9.3300,3.397084e-01
9.3320,3.391435e-01
9.3340,3.385778e-01
9.3360,3.380111e-01
9.3380,3.374436e-01
9.3400,3.368752e-01
9.3420,3.363059e-01
9.3440,3.357357e-01
9.3460,3.351646e-01
9.3480,3.345926e-01
9.3500,3.340198e-01
9.3520,3.334460e-01
9.3540,3.328713e-01
9.3560,3.322957e-01
9.3580,3.317193e-01
9.3600,3.311419e-01
9.3620,3.305635e-01
9.3640,3.299843e-01
9.3660,3.294042e-01
9.3680,3.288231e-01
9.3700,3.282411e-01
9.3720,3.276582e-01
9.3740,3.270744e-01
9.3760,3.264896e-01
9.3780,3.259040e-01
9.3800,3.253173e-01
9.3820,3.247298e-01
9.3840,3.241413e-01
9.3860,3.235519e-01
9.3880,3.229615e-01
9.3900,3.223702e-01
9.3920,3.217779e-01
9.3940,3.211847e-01
9.3960,3.205906e-01
9.3980,3.199955e-01
9.4000,3.193994e-01
9.4020,3.188024e-01
9.4040,3.182045e-01
9.4060,3.176055e-01
9.4080,3.170057e-01
9.4100,3.164048e-01
9.4120,3.158030e-01
9.4140,3.152003e-01
9.4160,3.145965e-01
9.4180,3.139918e-01
9.4200,3.133862e-01
9.4220,3.127795e-01
9.4240,3.121719e-01
9.4260,3.115633e-01
9.4280,3.109538e-01
9.4300,3.103432e-01
9.4320,3.097317e-01
9.4340,3.091192e-01
9.4360,3.085058e-01
9.4380,3.078913e-01
9.4400,3.072759e-01
9.4420,3.066595e-01
9.4440,3.060421e-01
9.4460,3.054237e-01
9.4480,3.048043e-01
9.4500,3.041840e-01
9.4520,3.035626e-01
9.4540,3.029403e-01
9.4560,3.023169e-01
9.4580,3.016926e-01
9.4600,3.010673e-01
9.4620,3.004410e-01
9.4640,2.998137e-01
9.4660,2.991854e-01
9.4680,2.985561e-01
9.4700,2.979258e-01
9.4720,2.972946e-01
9.4740,2.966623e-01
9.4760,2.960290e-01
9.4780,2.953947e-01
9.4800,2.947595e-01
9.4820,2.941232e-01
9.4840,2.934859e-01
9.4860,2.928477e-01
9.4880,2.922084e-01
9.4900,2.915682e-01
9.4920,2.909269e-01
9.4940,2.902847e-01
9.4960,2.896414e-01
9.4980,2.889972e-01
9.5000,2.883519e-01
9.5020,2.877057e-01
9.5040,2.870585e-01
9.5060,2.864102e-01
9.5080,2.857610e-01
9.5100,2.851108e-01
9.5120,2.844595e-01
9.5140,2.838073e-01
9.5160,2.831541e-01
9.5180,2.824999e-01
9.5200,2.818447e-01
9.5220,2.811885e-01
9.5240,2.805313e-01
9.5260,2.798732e-01
9.5280,2.792140e-01
9.5300,2.785539e-01
9.5320,2.778927e-01
9.5340,2.772306e-01
9.5360,2.765675e-01
9.5380,2.759034e-01
9.5400,2.752383e-01
9.5420,2.745723e-01
9.5440,2.739053e-01
9.5460,2.732372e-01
9.5480,2.725683e-01
9.5500,2.718983e-01
9.5520,2.712274e-01
9.5540,2.705555e-01
9.5560,2.698826e-01
9.5580,2.692088e-01
9.5600,2.685340e-01
9.5620,2.678582e-01
9.5640,2.671815e-01
9.5660,2.665038e-01
9.5680,2.658251e-01
9.5700,2.651456e-01
9.5720,2.644650e-01
9.5740,2.637835e-01
9.5760,2.631011e-01
9.5780,2.624177e-01
9.5800,2.617334e-01
9.5820,2.610481e-01
9.5840,2.603619e-01
9.5860,2.596748e-01
9.5880,2.589867e-01
9.5900,2.582977e-01
9.5920,2.576078e-01
9.5940,2.569170e-01
9.5960,2.562252e-01
9.5980,2.555325e-01
9.6000,2.548390e-01
9.6020,2.541445e-01
9.6040,2.534491e-01
9.6060,2.527528e-01
9.6080,2.520556e-01
9.6100,2.513576e-01
9.6120,2.506586e-01
9.6140,2.499588e-01
9.6160,2.492581e-01
9.6180,2.485565e-01
9.6200,2.478540e-01
9.6220,2.471507e-01
9.6240,2.464465e-01
9.6260,2.457414e-01
9.6280,2.450355e-01
9.6300,2.443287e-01
9.6320,2.436211e-01
9.6340,2.429127e-01
9.6360,2.422034e-01
9.6380,2.414933e-01
9.6400,2.407824e-01
9.6420,2.400706e-01
9.6440,2.393581e-01
9.6460,2.386447e-01
9.6480,2.379305e-01
9.6500,2.372155e-01
9.6520,2.364997e-01
9.6540,2.357832e-01
9.6560,2.350659e-01
9.6580,2.343477e-01
9.6600,2.336289e-01
9.6620,2.329092e-01
9.6640,2.321888e-01
9.6660,2.314677e-01
9.6680,2.307457e-01
9.6700,2.300231e-01
9.6720,2.292997e-01
9.6740,2.285756e-01
9.6760,2.278508e-01
9.6780,2.271253e-01
9.6800,2.263991e-01
9.6820,2.256721e-01
9.6840,2.249445e-01
9.6860,2.242162e-01
9.6880,2.234872e-01
9.6900,2.227575e-01
9.6920,2.220272e-01
9.6940,2.212963e-01
9.6960,2.205646e-01
9.6980,2.198324e-01
9.7000,2.190995e-01
9.7020,2.183659e-01
9.7040,2.176318e-01
9.7060,2.168971e-01
9.7080,2.161617e-01
9.7100,2.154258e-01
9.7120,2.146892e-01
9.7140,2.139521e-01
9.7160,2.132145e-01
9.7180,2.124762e-01
9.7200,2.117374e-01
9.7220,2.109981e-01
9.7240,2.102583e-01
9.7260,2.095179e-01
9.7280,2.087770e-01
9.7300,2.080356e-01
9.7320,2.072937e-01
9.7340,2.065513e-01
9.7360,2.058084e-01
9.7380,2.050651e-01
9.7400,2.043213e-01
9.7420,2.035771e-01
9.7440,2.028324e-01
9.7460,2.020873e-01
9.7480,2.013417e-01
9.7500,2.005958e-01
9.7520,1.998494e-01
9.7540,1.991027e-01
9.7560,1.983556e-01
9.7580,1.976081e-01
9.7600,1.968602e-01
9.7620,1.961121e-01
9.7640,1.953635e-01
9.7660,1.946147e-01
9.7680,1.938655e-01
9.7700,1.931160e-01
9.7720,1.923663e-01
9.7740,1.916162e-01
9.7760,1.908659e-01
9.7780,1.901153e-01
9.7800,1.893644e-01
9.7820,1.886134e-01
9.7840,1.878621e-01
9.7860,1.871106e-01
9.7880,1.863588e-01
9.7900,1.856069e-01
9.7920,1.848548e-01
9.7940,1.841026e-01
9.7960,1.833502e-01
9.7980,1.825976e-01
9.8000,1.818450e-01
9.8020,1.810922e-01
9.8040,1.803393e-01
9.8060,1.795863e-01
9.8080,1.788332e-01
9.8100,1.780800e-01
9.8120,1.773268e-01
9.8140,1.765736e-01
9.8160,1.758203e-01
9.8180,1.750670e-01
9.8200,1.743137e-01
9.8220,1.735604e-01
9.8240,1.728072e-01
9.8260,1.720540e-01
9.8280,1.713008e-01
9.8300,1.705477e-01
9.8320,1.697947e-01
9.8340,1.690417e-01
9.8360,1.682889e-01
9.8380,1.675362e-01
9.8400,1.667836e-01
9.8420,1.660312e-01
9.8440,1.652789e-01
9.8460,1.645268e-01
9.8480,1.637749e-01
9.8500,1.630231e-01
9.8520,1.622717e-01
9.8540,1.615204e-01
9.8560,1.607694e-01
9.8580,1.600186e-01
9.8600,1.592682e-01
9.8620,1.585180e-01
9.8640,1.577681e-01
9.8660,1.570185e-01
9.8680,1.562693e-01
9.8700,1.555204e-01
9.8720,1.547719e-01
9.8740,1.540238e-01
9.8760,1.532760e-01
9.8780,1.525287e-01
9.8800,1.517818e-01
9.8820,1.510353e-01
9.8840,1.502893e-01
9.8860,1.495438e-01
9.8880,1.487988e-01
9.8900,1.480542e-01
9.8920,1.473102e-01
9.8940,1.465667e-01
9.8960,1.458237e-01
9.8980,1.450814e-01
9.9000,1.443396e-01
9.9020,1.435984e-01
9.9040,1.428578e-01
9.9060,1.421178e-01
9.9080,1.413785e-01
9.9100,1.406399e-01
9.9120,1.399019e-01
9.9140,1.391646e-01
9.9160,1.384281e-01
9.9180,1.376922e-01
9.9200,1.369571e-01
9.9220,1.362228e-01
9.9240,1.354892e-01
9.9260,1.347564e-01
9.9280,1.340245e-01
9.9300,1.332933e-01
9.9320,1.325630e-01
9.9340,1.318335e-01
9.9360,1.311050e-01
9.9380,1.303773e-01
9.9400,1.296505e-01
9.9420,1.289247e-01
9.9440,1.281997e-01
9.9460,1.274758e-01
9.9480,1.267528e-01
9.9500,1.260308e-01
9.9520,1.253098e-01
9.9540,1.245898e-01
9.9560,1.238709e-01
9.9580,1.231530e-01
9.9600,1.224362e-01
9.9620,1.217205e-01
9.9640,1.210059e-01
9.9660,1.202924e-01
9.9680,1.195801e-01
9.9700,1.188689e-01
9.9720,1.181589e-01
9.9740,1.174501e-01
9.9760,1.167425e-01
9.9780,1.160361e-01
9.9800,1.153310e-01
9.9820,1.146271e-01
9.9840,1.139245e-01
9.9860,1.132231e-01
9.9880,1.125231e-01
9.9900,1.118244e-01
9.9920,1.111271e-01
9.9940,1.104311e-01
9.9960,1.097365e-01
9.9980,1.090433e-01
10.0000,1.083515e-01
10.0020,1.076611e-01
10.0040,1.069721e-01
10.0060,1.062846e-01
10.0080,1.055986e-01
10.0100,1.049141e-01
10.0120,1.042311e-01
10.0140,1.035496e-01
10.0160,1.028696e-01
10.0180,1.021912e-01
10.0200,1.015144e-01
10.0220,1.008392e-01
10.0240,1.001655e-01
10.0260,9.949353e-02
10.0280,9.882316e-02
10.0300,9.815444e-02
10.0320,9.748739e-02
10.0340,9.682203e-02
10.0360,9.615837e-02
10.0380,9.549642e-02
10.0400,9.483621e-02
10.0420,9.417775e-02
10.0440,9.352106e-02
10.0460,9.286614e-02
10.0480,9.221302e-02
10.0500,9.156171e-02
10.0520,9.091223e-02
10.0540,9.026460e-02
10.0560,8.961882e-02
10.0580,8.897491e-02
10.0600,8.833289e-02
10.0620,8.769277e-02
10.0640,8.705458e-02
10.0660,8.641831e-02
10.0680,8.578400e-02
10.0700,8.515164e-02
10.0720,8.452127e-02
10.0740,8.389288e-02
10.0760,8.326650e-02
10.0780,8.264215e-02
10.0800,8.201983e-02
10.0820,8.139955e-02
10.0840,8.078134e-02
10.0860,8.016521e-02
10.0880,7.955117e-02
10.0900,7.893924e-02
10.0920,7.832943e-02
10.0940,7.772174e-02
10.0960,7.711621e-02
10.0980,7.651283e-02
10.1000,7.591163e-02
10.1020,7.531261e-02
10.1040,7.471579e-02
10.1060,7.412118e-02
10.1080,7.352880e-02
10.1100,7.293865e-02
10.1120,7.235076e-02
10.1140,7.176513e-02
10.1160,7.118177e-02
10.1180,7.060070e-02
10.1200,7.002192e-02
10.1220,6.944546e-02
10.1240,6.887133e-02
10.1260,6.829952e-02
10.1280,6.773006e-02
10.1300,6.716296e-02
10.1320,6.659823e-02
10.1340,6.603588e-02
10.1360,6.547592e-02
10.1380,6.491836e-02
10.1400,6.436321e-02
10.1420,6.381049e-02
10.1440,6.326020e-02
10.1460,6.271235e-02
10.1480,6.216696e-02
10.1500,6.162403e-02
10.1520,6.108357e-02
10.1540,6.054560e-02
10.1560,6.001012e-02
10.1580,5.947714e-02
10.1600,5.894667e-02
10.1620,5.841872e-02
10.1640,5.789331e-02
10.1660,5.737042e-02
10.1680,5.685009e-02
10.1700,5.633231e-02
10.1720,5.581709e-02
10.1740,5.530445e-02
10.1760,5.479438e-02
10.1780,5.428690e-02
10.1800,5.378201e-02
10.1820,5.327973e-02
10.1840,5.278005e-02
10.1860,5.228299e-02
10.1880,5.178855e-02
10.1900,5.129674e-02
10.1920,5.080756e-02
10.1940,5.032103e-02
10.1960,4.983714e-02
10.1980,4.935591e-02
10.2000,4.887734e-02
10.2020,4.840144e-02
10.2040,4.792820e-02
10.2060,4.745764e-02
10.2080,4.698976e-02
10.2100,4.652457e-02
10.2120,4.606207e-02
10.2140,4.560226e-02
10.2160,4.514516e-02
10.2180,4.469075e-02
10.2200,4.423906e-02
10.2220,4.379007e-02
10.2240,4.334380e-02
10.2260,4.290025e-02
10.2280,4.245942e-02
10.2300,4.202131e-02
10.2320,4.158593e-02
10.2340,4.115328e-02
10.2360,4.072336e-02
10.2380,4.029617e-02
10.2400,3.987173e-02
10.2420,3.945002e-02
10.2440,3.903104e-02
10.2460,3.861482e-02
10.2480,3.820133e-02
10.2500,3.779059e-02
10.2520,3.738259e-02
10.2540,3.697733e-02
10.2560,3.657482e-02
10.2580,3.617506e-02
10.2600,3.577805e-02
10.2620,3.538377e-02
10.2640,3.499225e-02
10.2660,3.460347e-02
10.2680,3.421743e-02
10.2700,3.383414e-02
10.2720,3.345359e-02
10.2740,3.307578e-02
10.2760,3.270072e-02
10.2780,3.232839e-02
10.2800,3.195879e-02
10.2820,3.159193e-02
10.2840,3.122781e-02
10.2860,3.086641e-02
10.2880,3.050774e-02
10.2900,3.015179e-02
10.2920,2.979857e-02
10.2940,2.944806e-02
10.2960,2.910027e-02
10.2980,2.875519e-02
10.3000,2.841282e-02
10.3020,2.807315e-02
10.3040,2.773618e-02
10.3060,2.740191e-02
10.3080,2.707032e-02
10.3100,2.674143e-02
10.3120,2.641521e-02
10.3140,2.609168e-02
10.3160,2.577081e-02
10.3180,2.545261e-02
10.3200,2.513707e-02
10.3220,2.482419e-02
10.3240,2.451395e-02
10.3260,2.420636e-02
10.3280,2.390140e-02
10.3300,2.359908e-02
10.3320,2.329937e-02
10.3340,2.300229e-02
10.3360,2.270782e-02
10.3380,2.241594e-02
10.3400,2.212667e-02
10.3420,2.183998e-02
10.3440,2.155588e-02
10.3460,2.127434e-02
10.3480,2.099537e-02
10.3500,2.071896e-02
10.3520,2.044510e-02
10.3540,2.017378e-02
10.3560,1.990499e-02
10.3580,1.963873e-02
10.3600,1.937498e-02
10.3620,1.911373e-02
10.3640,1.885498e-02
10.3660,1.859872e-02
10.3680,1.834494e-02
10.3700,1.809362e-02
10.3720,1.784477e-02
10.3740,1.759836e-02
10.3760,1.735439e-02
10.3780,1.711285e-02
10.3800,1.687373e-02
10.3820,1.663702e-02
10.3840,1.640270e-02
10.3860,1.617078e-02
10.3880,1.594122e-02
10.3900,1.571404e-02
10.3920,1.548921e-02
10.3940,1.526672e-02
10.3960,1.504656e-02
10.3980,1.482872e-02
10.4000,1.461320e-02
10.4020,1.439997e-02
10.4040,1.418902e-02
10.4060,1.398035e-02
10.4080,1.377395e-02
10.4100,1.356979e-02
10.4120,1.336787e-02
10.4140,1.316818e-02
10.4160,1.297070e-02
10.4180,1.277542e-02
10.4200,1.258233e-02
10.4220,1.239141e-02
10.4240,1.220266e-02
10.4260,1.201606e-02
10.4280,1.183160e-02
10.4300,1.164926e-02
10.4320,1.146903e-02
10.4340,1.129090e-02
10.4360,1.111486e-02
10.4380,1.094088e-02
10.4400,1.076897e-02
10.4420,1.059910e-02
10.4440,1.043127e-02
10.4460,1.026545e-02
10.4480,1.010163e-02
10.4500,9.939810e-03
10.4520,9.779964e-03
10.4540,9.622081e-03
10.4560,9.466147e-03
10.4580,9.312150e-03
10.4600,9.160074e-03
10.4620,9.009905e-03
10.4640,8.861630e-03
10.4660,8.715235e-03
10.4680,8.570705e-03
10.4700,8.428026e-03
10.4720,8.287184e-03
10.4740,8.148165e-03
10.4760,8.010955e-03
10.4780,7.875538e-03
10.4800,7.741902e-03
10.4820,7.610031e-03
10.4840,7.479911e-03
10.4860,7.351528e-03
10.4880,7.224868e-03
10.4900,7.099915e-03
10.4920,6.976656e-03
10.4940,6.855075e-03
10.4960,6.735160e-03
10.4980,6.616894e-03
10.5000,6.500264e-03
10.5020,6.385255e-03
10.5040,6.271852e-03
10.5060,6.160042e-03
10.5080,6.049809e-03
10.5100,5.941139e-03
10.5120,5.834018e-03
10.5140,5.728431e-03
10.5160,5.624364e-03
10.5180,5.521802e-03
10.5200,5.420731e-03
10.5220,5.321136e-03
10.5240,5.223004e-03
10.5260,5.126319e-03
10.5280,5.031067e-03
10.5300,4.937234e-03
10.5320,4.844806e-03
10.5340,4.753769e-03
10.5360,4.664107e-03
10.5380,4.575807e-03
10.5400,4.488855e-03
10.5420,4.403237e-03
10.5440,4.318938e-03
10.5460,4.235945e-03
10.5480,4.154243e-03
10.5500,4.073818e-03
10.5520,3.994657e-03
10.5540,3.916746e-03
10.5560,3.840070e-03
10.5580,3.764616e-03
10.5600,3.690370e-03
10.5620,3.617319e-03
10.5640,3.545448e-03
10.5660,3.474745e-03
10.5680,3.405195e-03
10.5700,3.336786e-03
10.5720,3.269503e-03
10.5740,3.203334e-03
10.5760,3.138265e-03
10.5780,3.074283e-03
10.5800,3.011374e-03
10.5820,2.949526e-03
10.5840,2.888726e-03
10.5860,2.828961e-03
10.5880,2.770217e-03
10.5900,2.712482e-03
10.5920,2.655744e-03
10.5940,2.599989e-03
10.5960,2.545204e-03
10.5980,2.491378e-03
10.6000,2.438499e-03
10.6020,2.386552e-03
10.6040,2.335527e-03
10.6060,2.285411e-03
10.6080,2.236192e-03
10.6100,2.187858e-03
10.6120,2.140396e-03
10.6140,2.093796e-03
10.6160,2.048045e-03
10.6180,2.003131e-03
10.6200,1.959043e-03
10.6220,1.915770e-03
10.6240,1.873299e-03
10.6260,1.831620e-03
10.6280,1.790722e-03
10.6300,1.750592e-03
10.6320,1.711220e-03
10.6340,1.672595e-03
10.6360,1.634706e-03
10.6380,1.597542e-03
10.6400,1.561093e-03
10.6420,1.525347e-03
10.6440,1.490295e-03
10.6460,1.455925e-03
10.6480,1.422228e-03
10.6500,1.389194e-03
10.6520,1.356811e-03
10.6540,1.325070e-03
10.6560,1.293961e-03
10.6580,1.263474e-03
10.6600,1.233599e-03
10.6620,1.204327e-03
10.6640,1.175648e-03
10.6660,1.147553e-03
10.6680,1.120031e-03
10.6700,1.093075e-03
10.6720,1.066674e-03
10.6740,1.040819e-03
10.6760,1.015502e-03
10.6780,9.907131e-04
10.6800,9.664441e-04
10.6820,9.426861e-04
10.6840,9.194305e-04
10.6860,8.966686e-04
10.6880,8.743922e-04
10.6900,8.525928e-04
10.6920,8.312622e-04
10.6940,8.103922e-04
10.6960,7.899749e-04
10.6980,7.700023e-04
10.7000,7.504664e-04
10.7020,7.313596e-04
10.7040,7.126742e-04
10.7060,6.944026e-04
10.7080,6.765374e-04
10.7100,6.590711e-04
10.7120,6.419965e-04
10.7140,6.253064e-04
10.7160,6.089936e-04
10.7180,5.930512e-04
10.7200,5.774723e-04
10.7220,5.622501e-04
10.7240,5.473777e-04
10.7260,5.328487e-04
10.7280,5.186564e-04
10.7300,5.047943e-04
10.7320,4.912562e-04
10.7340,4.780358e-04
10.7360,4.651267e-04
10.7380,4.525231e-04
10.7400,4.402188e-04
10.7420,4.282079e-04
10.7440,4.164846e-04
10.7460,4.050431e-04
10.7480,3.938778e-04
10.7500,3.829832e-04
10.7520,3.723536e-04
10.7540,3.619837e-04
10.7560,3.518682e-04
10.7580,3.420018e-04
10.7600,3.323794e-04
10.7620,3.229959e-04
10.7640,3.138462e-04
10.7660,3.049255e-04
10.7680,2.962290e-04
10.7700,2.877518e-04
10.7720,2.794892e-04
10.7740,2.714368e-04
10.7760,2.635898e-04
10.7780,2.559440e-04
10.7800,2.484948e-04
10.7820,2.412381e-04
10.7840,2.341695e-04
10.7860,2.272849e-04
10.7880,2.205803e-04
10.7900,2.140515e-04
10.7920,2.076947e-04
10.7940,2.015060e-04
10.7960,1.954815e-04
10.7980,1.896176e-04
10.8000,1.839105e-04
10.8020,1.783567e-04
10.8040,1.729527e-04
10.8060,1.676948e-04
10.8080,1.625798e-04
10.8100,1.576044e-04
10.8120,1.527651e-04
10.8140,1.480588e-04
10.8160,1.434823e-04
10.8180,1.390326e-04
10.8200,1.347066e-04
10.8220,1.305013e-04
10.8240,1.264138e-04
10.8260,1.224412e-04
10.8280,1.185808e-04
10.8300,1.148297e-04
10.8320,1.111854e-04
10.8340,1.076450e-04
10.8360,1.042061e-04
10.8380,1.008661e-04
10.8400,9.762258e-05
10.8420,9.447303e-05
10.8440,9.141510e-05
10.8460,8.844646e-05
10.8480,8.556482e-05
10.8500,8.276795e-05
10.8520,8.005367e-05
10.8540,7.741983e-05
10.8560,7.486435e-05
10.8580,7.238517e-05
10.8600,6.998028e-05
10.8620,6.764774e-05
10.8640,6.538562e-05
10.8660,6.319206e-05
10.8680,6.106521e-05
10.8700,5.900329e-05
10.8720,5.700454e-05
10.8740,5.506727e-05
10.8760,5.318978e-05
10.8780,5.137046e-05
10.8800,4.960771e-05
10.8820,4.789996e-05
10.8840,4.624570e-05
10.8860,4.464343e-05
10.8880,4.309172e-05
10.8900,4.158913e-05
10.8920,4.013430e-05
10.8940,3.872586e-05
10.8960,3.736250e-05
10.8980,3.604294e-05
10.9000,3.476592e-05
10.9020,3.353021e-05
10.9040,3.233464e-05
10.9060,3.117802e-05
10.9080,3.005923e-05
10.9100,2.897716e-05
10.9120,2.793073e-05
10.9140,2.691890e-05
10.9160,2.594063e-05
10.9180,2.499493e-05
10.9200,2.408083e-05
10.9220,2.319738e-05
10.9240,2.234366e-05
10.9260,2.151876e-05
10.9280,2.072182e-05
10.9300,1.995198e-05
10.9320,1.920841e-05
10.9340,1.849030e-05
10.9360,1.779687e-05
10.9380,1.712736e-05
10.9400,1.648102e-05
10.9420,1.585713e-05
10.9440,1.525497e-05
10.9460,1.467388e-05
10.9480,1.411318e-05
10.9500,1.357223e-05
10.9520,1.305039e-05
10.9540,1.254706e-05
10.9560,1.206164e-05
10.9580,1.159355e-05
10.9600,1.114223e-05
10.9620,1.070714e-05
10.9640,1.028775e-05
10.9660,9.883537e-06
10.9680,9.494010e-06
10.9700,9.118681e-06
10.9720,8.757081e-06
10.9740,8.408752e-06
10.9760,8.073250e-06
10.9780,7.750145e-06
10.9800,7.439021e-06
10.9820,7.139472e-06
10.9840,6.851105e-06
10.9860,6.573539e-06
10.9880,6.306405e-06
10.9900,6.049345e-06
10.9920,5.802011e-06
10.9940,5.564068e-06
10.9960,5.335189e-06
10.9980,5.115058e-06
11.0000,4.903369e-06
11.0020,4.699826e-06
11.0040,4.504140e-06
11.0060,4.316035e-06
11.0080,4.135241e-06
11.0100,3.961497e-06
11.0120,3.794551e-06
11.0140,3.634159e-06
11.0160,3.480084e-06
11.0180,3.332097e-06
11.0200,3.189977e-06
11.0220,3.053511e-06
11.0240,2.922491e-06
11.0260,2.796718e-06
11.0280,2.675997e-06
11.0300,2.560142e-06
11.0320,2.448972e-06
11.0340,2.342312e-06
11.0360,2.239994e-06
11.0380,2.141853e-06
11.0400,2.047734e-06
11.0420,1.957484e-06
11.0440,1.870955e-06
11.0460,1.788005e-06
11.0480,1.708499e-06
11.0500,1.632304e-06
11.0520,1.559291e-06
11.0540,1.489339e-06
11.0560,1.422327e-06
11.0580,1.358143e-06
11.0600,1.296674e-06
11.0620,1.237815e-06
11.0640,1.181463e-06
11.0660,1.127519e-06
11.0680,1.075887e-06
11.0700,1.026475e-06
11.0720,9.791945e-07
11.0740,9.339601e-07
11.0760,8.906896e-07
11.0780,8.493035e-07
11.0800,8.097256e-07
11.0820,7.718823e-07
11.0840,7.357029e-07
11.0860,7.011193e-07
11.0880,6.680658e-07
11.0900,6.364794e-07
11.0920,6.062994e-07
11.0940,5.774674e-07
11.0960,5.499272e-07
11.0980,5.236249e-07
11.1000,4.985084e-07
11.1020,4.745280e-07
11.1040,4.516355e-07
11.1060,4.297848e-07
11.1080,4.089317e-07
11.1100,3.890336e-07
11.1120,3.700495e-07
11.1140,3.519403e-07
11.1160,3.346680e-07
11.1180,3.181966e-07
11.1200,3.024913e-07
11.1220,2.875187e-07
11.1240,2.732467e-07
11.1260,2.596447e-07
11.1280,2.466831e-07
11.1300,2.343337e-07
11.1320,2.225693e-07
11.1340,2.113639e-07
11.1360,2.006927e-07
11.1380,1.905316e-07
11.1400,1.808578e-07
11.1420,1.716493e-07
11.1440,1.628852e-07
11.1460,1.545451e-07
11.1480,1.466099e-07
11.1500,1.390610e-07
11.1520,1.318808e-07
11.1540,1.250523e-07
11.1560,1.185593e-07
11.1580,1.123862e-07
11.1600,1.065182e-07
11.1620,1.009412e-07
11.1640,9.564143e-08
11.1660,9.060599e-08
11.1680,8.582244e-08
11.1700,8.127887e-08
11.1720,7.696395e-08
11.1740,7.286679e-08
11.1760,6.897704e-08
11.1780,6.528477e-08
11.1800,6.178051e-08
11.1820,5.845523e-08
11.1840,5.530027e-08
11.1860,5.230740e-08
11.1880,4.946874e-08
11.1900,4.677678e-08
11.1920,4.422434e-08
11.1940,4.180458e-08
11.1960,3.951097e-08
11.1980,3.733729e-08
11.2000,3.527760e-08
11.2020,3.332623e-08
11.2040,3.147779e-08
11.2060,2.972714e-08
11.2080,2.806936e-08
11.2100,2.649980e-08
11.2120,2.501399e-08
11.2140,2.360769e-08
11.2160,2.227688e-08
11.2180,2.101770e-08
11.2200,1.982649e-08
11.2220,1.869978e-08
11.2240,1.763424e-08
11.2260,1.662671e-08
11.2280,1.567421e-08
11.2300,1.477386e-08
11.2320,1.392297e-08
11.2340,1.311894e-08
11.2360,1.235931e-08
11.2380,1.164177e-08
11.2400,1.096408e-08
11.2420,1.032415e-08
11.2440,9.719963e-09
11.2460,9.149627e-09
11.2480,8.611333e-09
11.2500,8.103368e-09
11.2520,7.624102e-09
11.2540,7.171991e-09
11.2560,6.745569e-09
11.2580,6.343443e-09
11.2600,5.964294e-09
11.2620,5.606870e-09
11.2640,5.269983e-09
11.2660,4.952507e-09
11.2680,4.653375e-09
11.2700,4.371576e-09
11.2720,4.106149e-09
11.2740,3.856188e-09
11.2760,3.620831e-09
11.2780,3.399263e-09
11.2800,3.190713e-09
11.2820,2.994448e-09
11.2840,2.809779e-09
11.2860,2.636049e-09
11.2880,2.472638e-09
11.2900,2.318961e-09
11.2920,2.174464e-09
11.2940,2.038620e-09
11.2960,1.910935e-09
11.2980,1.790939e-09
11.3000,1.678189e-09
11.3020,1.572266e-09
11.3040,1.472774e-09
11.3060,1.379339e-09
11.3080,1.291608e-09
11.3100,1.209248e-09
11.3120,1.131942e-09
11.3140,1.059393e-09
11.3160,9.913220e-10
11.3180,9.274626e-10
11.3200,8.675652e-10
11.3220,8.113939e-10
11.3240,7.587264e-10
11.3260,7.093528e-10
11.3280,6.630756e-10
11.3300,6.197082e-10
11.3320,5.790749e-10
11.3340,5.410103e-10
11.3360,5.053584e-10
11.3380,4.719722e-10
11.3400,4.407134e-10
11.3420,4.114517e-10
11.3440,3.840645e-10
11.3460,3.584363e-10
11.3480,3.344585e-10
11.3500,3.120290e-10
11.3520,2.910515e-10
11.3540,2.714356e-10
11.3560,2.530963e-10
11.3580,2.359536e-10
11.3600,2.199324e-10
11.3620,2.049621e-10
11.3640,1.909763e-10
11.3660,1.779126e-10
11.3680,1.657125e-10
11.3700,1.543210e-10
11.3720,1.436865e-10
11.3740,1.337605e-10
11.3760,1.244975e-10
11.3780,1.158549e-10
11.3800,1.077925e-10
11.3820,1.002729e-10
11.3840,9.326069e-11
11.3860,8.672298e-11
11.3880,8.062876e-11
11.3900,7.494900e-11
11.3920,6.965652e-11
11.3940,6.472582e-11
11.3960,6.013304e-11
11.3980,5.585582e-11
11.4000,5.187322e-11
11.4020,4.816566e-11
11.4040,4.471478e-11
11.4060,4.150343e-11
11.4080,3.851554e-11
11.4100,3.573609e-11
11.4120,3.315103e-11
11.4140,3.074721e-11
11.4160,2.851236e-11
11.4180,2.643500e-11
11.4200,2.450439e-11
11.4220,2.271050e-11
11.4240,2.104398e-11
11.4260,1.949608e-11
11.4280,1.805863e-11
11.4300,1.672400e-11
11.4320,1.548508e-11
11.4340,1.433522e-11
11.4360,1.326823e-11
11.4380,1.227832e-11
11.4400,1.136011e-11
11.4420,1.050857e-11
11.4440,9.719003e-12
11.4460,8.987046e-12
11.4480,8.308626e-12
11.4500,7.679949e-12
11.4520,7.097482e-12
11.4540,6.557933e-12
11.4560,6.058237e-12
11.4580,5.595540e-12
11.4600,5.167186e-12
11.4620,4.770705e-12
11.4640,4.403795e-12
11.4660,4.064319e-12
11.4680,3.750287e-12
11.4700,3.459848e-12
11.4720,3.191283e-12
11.4740,2.942994e-12
11.4760,2.713494e-12
11.4780,2.501405e-12
11.4800,2.305443e-12
11.4820,2.124418e-12
11.4840,1.957226e-12
11.4860,1.802838e-12
11.4880,1.660304e-12
11.4900,1.528739e-12
11.4920,1.407324e-12
11.4940,1.295296e-12
11.4960,1.191953e-12
11.4980,1.096638e-12
11.5000,1.008746e-12
11.5020,9.277154e-13
11.5040,8.530251e-13
11.5060,7.841930e-13
11.5080,7.207724e-13
11.5100,6.623494e-13
11.5120,6.085412e-13
11.5140,5.589932e-13
11.5160,5.133772e-13
11.5180,4.713898e-13
11.5200,4.327502e-13
11.5220,3.971985e-13
11.5240,3.644946e-13
11.5260,3.344165e-13
11.5280,3.067591e-13
11.5300,2.813326e-13
11.5320,2.579618e-13
11.5340,2.364850e-13
11.5360,2.167526e-13
11.5380,1.986268e-13
11.5400,1.819800e-13
11.5420,1.666947e-13
11.5440,1.526624e-13
11.5460,1.397832e-13
11.5480,1.279645e-13
11.5500,1.171214e-13
11.5520,1.071753e-13
11.5540,9.805399e-14
11.5560,8.969070e-14
11.5580,8.202405e-14
11.5600,7.499745e-14
11.5620,6.855880e-14
11.5640,6.266013e-14
11.5660,5.725728e-14
11.5680,5.230958e-14
11.5700,4.777964e-14
11.5720,4.363304e-14
11.5740,3.983813e-14
11.5760,3.636581e-14
11.5780,3.318932e-14
11.5800,3.028406e-14
11.5820,2.762742e-14
11.5840,2.519864e-14
11.5860,2.297864e-14
11.5880,2.094989e-14
11.5900,1.909630e-14
11.5920,1.740312e-14
11.5940,1.585677e-14
11.5960,1.444483e-14
11.5980,1.315589e-14
11.6000,1.197947e-14
11.6020,1.090598e-14
11.6040,9.926615e-15
11.6060,9.033319e-15
11.6080,8.218697e-15
11.6100,7.475977e-15
11.6120,6.798956e-15
11.6140,6.181953e-15
11.6160,5.619766e-15
11.6180,5.107635e-15
11.6200,4.641201e-15
11.6220,4.216477e-15
11.6240,3.829816e-15
11.6260,3.477882e-15
11.6280,3.157623e-15
11.6300,2.866252e-15
11.6320,2.601218e-15
11.6340,2.360194e-15
11.6360,2.141050e-15
11.6380,1.941843e-15
11.6400,1.760799e-15
11.6420,1.596296e-15
11.6440,1.446855e-15
11.6460,1.311126e-15
11.6480,1.187877e-15
11.6500,1.075986e-15
11.6520,9.744272e-16
11.6540,8.822664e-16
11.6560,7.986520e-16
11.6580,7.228078e-16
11.6600,6.540268e-16
11.6620,5.916644e-16
11.6640,5.351341e-16
11.6660,4.839015e-16
11.6680,4.374801e-16
11.6700,3.954274e-16
11.6720,3.573403e-16
11.6740,3.228525e-16
11.6760,2.916306e-16
11.6780,2.633715e-16
11.6800,2.377995e-16
11.6820,2.146643e-16
11.6840,1.937382e-16
11.6860,1.748143e-16
11.6880,1.577048e-16
11.6900,1.422392e-16
11.6920,1.282626e-16
11.6940,1.156343e-16
11.6960,1.042268e-16
11.6980,9.392435e-17
11.7000,8.462193e-17
11.7020,7.622431e-17
11.7040,6.864515e-17
11.7060,6.180618e-17
11.7080,5.563648e-17
11.7100,5.007178e-17
11.7120,4.505385e-17
11.7140,4.052996e-17
11.7160,3.645238e-17
11.7180,3.277789e-17
11.7200,2.946737e-17
11.7220,2.648542e-17
11.7240,2.380003e-17
11.7260,2.138224e-17
11.7280,1.920587e-17
11.7300,1.724724e-17
11.7320,1.548496e-17
11.7340,1.389970e-17
11.7360,1.247400e-17
11.7380,1.119207e-17
11.7400,1.003968e-17
11.7420,9.003970e-18
11.7440,8.073328e-18
11.7460,7.237284e-18
11.7480,6.486390e-18
11.7500,5.812123e-18
11.7520,5.206799e-18
11.7540,4.663490e-18
11.7560,4.175952e-18
11.7580,3.738557e-18
11.7600,3.346236e-18
11.7620,2.994422e-18
11.7640,2.679005e-18
11.7660,2.396282e-18
11.7680,2.142921e-18
11.7700,1.915923e-18
11.7720,1.712591e-18
11.7740,1.530499e-18
11.7760,1.367464e-18
11.7780,1.221525e-18
11.7800,1.090918e-18
11.7820,9.740599e-19
11.7840,8.695257e-19
11.7860,7.760372e-19
11.7880,6.924461e-19
11.7900,6.177213e-19
11.7920,5.509376e-19
11.7940,4.912645e-19
11.7960,4.379570e-19
11.7980,3.903467e-19
11.8000,3.478344e-19
11.8020,3.098829e-19
11.8040,2.760104e-19
11.8060,2.457855e-19
11.8080,2.188214e-19
11.8100,1.947718e-19
11.8120,1.733265e-19
11.8140,1.542079e-19
11.8160,1.371674e-19
11.8180,1.219825e-19
11.8200,1.084543e-19
11.8220,9.640481e-20
11.8240,8.567476e-20
11.8260,7.612188e-20
11.8280,6.761895e-20
11.8300,6.005230e-20
11.8320,5.332037e-20
11.8340,4.733244e-20
11.8360,4.200749e-20
11.8380,3.727321e-20
11.8400,3.306503e-20
11.8420,2.932534e-20
11.8440,2.600275e-20
11.8460,2.305141e-20
11.8480,2.043043e-20
11.8500,1.810337e-20
11.8520,1.603775e-20
11.8540,1.420460e-20
11.8560,1.257814e-20
11.8580,1.113540e-20
11.8600,9.855907e-21
11.8620,8.721460e-21
11.8640,7.715844e-21
11.8660,6.824632e-21
11.8680,6.034992e-21
11.8700,5.335506e-21
11.8720,4.716025e-21
11.8740,4.167523e-21
11.8760,3.681980e-21
11.8780,3.252267e-21
11.8800,2.872052e-21
11.8820,2.535711e-21
11.8840,2.238250e-21
11.8860,1.975235e-21
11.8880,1.742730e-21
11.8900,1.537244e-21
11.8920,1.355678e-21
11.8940,1.195285e-21
11.8960,1.053629e-21
11.8980,9.285488e-22
11.9000,8.181313e-22
11.9020,7.206798e-22
11.9040,6.346916e-22
11.9060,5.588357e-22
11.9080,4.919337e-22
11.9100,4.329422e-22
11.9120,3.809379e-22
11.9140,3.351038e-22
11.9160,2.947172e-22
11.9180,2.591388e-22
11.9200,2.278034e-22
11.9220,2.002114e-22
11.9240,1.759213e-22
11.9260,1.545427e-22
11.9280,1.357311e-22
11.9300,1.191822e-22
11.9320,1.046270e-22
11.9340,9.182836e-23
11.9360,8.057692e-23
11.9380,7.068791e-23
11.9400,6.199838e-23
11.9420,5.436459e-23
11.9440,4.765983e-23
11.9460,4.177241e-23
11.9480,3.660388e-23
11.9500,3.206751e-23
11.9520,2.808692e-23
11.9540,2.459480e-23
11.9560,2.153194e-23
11.9580,1.884619e-23
11.9600,1.649166e-23
11.9620,1.442798e-23
11.9640,1.261965e-23
11.9660,1.103544e-23
11.9680,9.647894e-24
11.9700,8.432876e-24
11.9720,7.369184e-24
11.9740,6.438185e-24
11.9760,5.623517e-24
11.9780,4.910808e-24
11.9800,4.287442e-24
11.9820,3.742347e-24
11.9840,3.265805e-24
11.9860,2.849291e-24
11.9880,2.485328e-24
11.9900,2.167360e-24
11.9920,1.889638e-24
11.9940,1.647126e-24
11.9960,1.435408e-24
11.9980,1.250616e-24
12.0000,1.089365e-24
12.0020,9.486868e-25
12.0040,8.259862e-25
12.0060,7.189904e-25
12.0080,6.257110e-25
12.0100,5.444084e-25
12.0120,4.735613e-25
12.0140,4.118395e-25
12.0160,3.580800e-25
12.0180,3.112667e-25
12.0200,2.705114e-25
12.0220,2.350384e-25
12.0240,2.041702e-25
12.0260,1.773154e-25
12.0280,1.539575e-25
12.0300,1.336459e-25
12.0320,1.159875e-25
12.0340,1.006391e-25
12.0360,8.730172e-26
12.0380,7.571455e-26
12.0400,6.565024e-26
12.0420,5.691067e-26
12.0440,4.932324e-26
12.0460,4.273758e-26
12.0480,3.702275e-26
12.0500,3.206476e-26
12.0520,2.776437e-26
12.0540,2.403522e-26
12.0560,2.080218e-26
12.0580,1.799991e-26
12.0600,1.557156e-26
12.0620,1.346774e-26
12.0640,1.164549e-26
12.0660,1.006750e-26
12.0680,8.701333e-27
12.0700,7.518838e-27
12.0720,6.495555e-27
12.0740,5.610254e-27
12.0760,4.844505e-27
12.0780,4.182318e-27
12.0800,3.609819e-27
12.0820,3.114974e-27
12.0840,2.687351e-27
12.0860,2.317901e-27
12.0880,1.998786e-27
12.0900,1.723212e-27
12.0920,1.485292e-27
12.0940,1.279928e-27
12.0960,1.102708e-27
12.0980,9.498092e-28
12.1000,8.179243e-28
12.1020,7.041915e-28
12.1040,6.061352e-28
12.1060,5.216140e-28
12.1080,4.487764e-28
12.1100,3.860218e-28
12.1120,3.319669e-28
12.1140,2.854164e-28
12.1160,2.453376e-28
12.1180,2.108388e-28
12.1200,1.811500e-28
12.1220,1.556063e-28
12.1240,1.336341e-28
12.1260,1.147384e-28
12.1280,9.849220e-29
12.1300,8.452712e-29
12.1320,7.252567e-29
12.1340,6.221411e-29
12.1360,5.335652e-29
12.1380,4.574964e-29
12.1400,3.921836e-29
12.1420,3.361187e-29
12.1440,2.880034e-29
12.1460,2.467199e-29
12.1480,2.113063e-29
12.1500,1.809350e-29
12.1520,1.548939e-29
12.1540,1.325709e-29
12.1560,1.134393e-29
12.1580,9.704678e-30
12.1600,8.300429e-30
12.1620,7.097770e-30
12.1640,6.067997e-30
12.1660,5.186458e-30
12.1680,4.431987e-30
12.1700,3.786416e-30
12.1720,3.234151e-30
12.1740,2.761815e-30
12.1760,2.357931e-30
12.1780,2.012659e-30
12.1800,1.717558e-30
12.1820,1.465397e-30
12.1840,1.249976e-30
12.1860,1.065983e-30
12.1880,9.088700e-31
12.1900,7.747398e-31
12.1920,6.602564e-31
12.1940,5.625643e-31
12.1960,4.792195e-31
12.1980,4.081310e-31
12.2000,3.475103e-31
12.2020,2.958276e-31
12.2040,2.517751e-31
12.2060,2.142348e-31
12.2080,1.822511e-31
12.2100,1.550078e-31
12.2120,1.318076e-31
12.2140,1.120548e-31
12.2160,9.524092e-32
12.2180,8.093201e-32
12.2200,6.875758e-32
12.2220,5.840154e-32
12.2240,4.959429e-32
12.2260,4.210587e-32
12.2280,3.574023e-32
12.2300,3.033024e-32
12.2320,2.573346e-32
12.2340,2.182853e-32
12.2360,1.851205e-32
12.2380,1.569599e-32
12.2400,1.330538e-32
12.2420,1.127638e-32
12.2440,9.554685e-33
12.2460,8.094078e-33
12.2480,6.855242e-33
12.2500,5.804738e-33
12.2520,4.914133e-33
12.2540,4.159257e-33
12.2560,3.519568e-33
12.2580,2.977608e-33
12.2600,2.518550e-33
12.2620,2.129798e-33
12.2640,1.800658e-33
12.2660,1.522050e-33
12.2680,1.286269e-33
12.2700,1.086775e-33
12.2720,9.180219e-34
12.2740,7.753031e-34
12.2760,6.546293e-34
12.2780,5.526176e-34
12.2800,4.664011e-34
12.2820,3.935501e-34
12.2840,3.320062e-34
12.2860,2.800258e-34
12.2880,2.361325e-34
12.2900,1.990762e-34
12.2920,1.677989e-34
12.2940,1.414050e-34
12.2960,1.191370e-34
12.2980,1.003540e-34
12.3000,8.451410e-35
12.3020,7.115903e-35
12.3040,5.990146e-35
12.3060,5.041402e-35
12.3080,4.242012e-35
12.3100,3.568611e-35
12.3120,3.001466e-35
12.3140,2.523914e-35
12.3160,2.121889e-35
12.3180,1.783519e-35
12.3200,1.498788e-35
12.3220,1.259244e-35
12.3240,1.057759e-35
12.3260,8.883239e-36
12.3280,7.458705e-36
12.3300,6.261279e-36
12.3320,5.254973e-36
12.3340,4.409463e-36
12.3360,3.699209e-36
12.3380,3.102702e-36
12.3400,2.601833e-36
12.3420,2.181358e-36
12.3440,1.828448e-36
12.3460,1.532311e-36
12.3480,1.283866e-36
12.3500,1.075476e-36
12.3520,9.007221e-37
12.3540,7.542053e-37
12.3560,6.313893e-37
12.3580,5.284622e-37
12.3600,4.422213e-37
12.3620,3.699769e-37
12.3640,3.094702e-37
12.3660,2.588049e-37
12.3680,2.163892e-37
12.3700,1.808874e-37
12.3720,1.511788e-37
12.3740,1.263232e-37
12.3760,1.055323e-37
12.3780,8.814495e-38
12.3800,7.360712e-38
12.3820,6.145432e-38
12.3840,5.129740e-38
12.3860,4.281035e-38
12.3880,3.572011e-38
12.3900,2.979802e-38
12.3920,2.485266e-38
12.3940,2.072379e-38
12.3960,1.727733e-38
12.3980,1.440108e-38
12.4000,1.200120e-38
12.4020,9.999215e-39
12.4040,8.329490e-39
12.4060,6.937174e-39
12.4080,5.776415e-39
12.4100,4.808903e-39
12.4120,4.002631e-39
12.4140,3.330866e-39
12.4160,2.771284e-39
12.4180,2.305245e-39
12.4200,1.917192e-39
12.4220,1.594140e-39
12.4240,1.325257e-39
12.4260,1.101505e-39
12.4280,9.153471e-40
12.4300,7.604980e-40
12.4320,6.317184e-40
12.4340,5.246409e-40
12.4360,4.356264e-40
12.4380,3.616428e-40
12.4400,3.001642e-40
12.4420,2.490875e-40
12.4440,2.066611e-40
12.4460,1.714271e-40
12.4480,1.421721e-40
12.4500,1.178864e-40
12.4520,9.772984e-41
12.4540,8.100378e-41
12.4560,6.712712e-41
12.4580,5.561674e-41
12.4600,4.607104e-41
12.4620,3.815623e-41
12.4640,3.159498e-41
12.4660,2.615689e-41
12.4680,2.165058e-41
12.4700,1.791713e-41
12.4720,1.482461e-41
12.4740,1.226348e-41
12.4760,1.014285e-41
12.4780,8.387313e-42
12.4800,6.934285e-42
12.4820,5.731879e-42
12.4840,4.737059e-42
12.4860,3.914148e-42
12.4880,3.233572e-42
12.4900,2.670821e-42
12.4920,2.205586e-42
12.4940,1.821045e-42
12.4960,1.503261e-42
12.4980,1.240698e-42
12.5000,1.023800e-42
12.5020,8.446600e-43
12.5040,6.967336e-43
12.5060,5.746053e-43
12.5080,4.737954e-43
12.5100,3.905983e-43
12.5120,3.219500e-43
12.5140,2.653170e-43
12.5160,2.186053e-43
12.5180,1.800840e-43
12.5200,1.483231e-43
12.5220,1.221411e-43
12.5240,1.005621e-43
12.5260,8.278012e-44
12.5280,6.812989e-44
12.5300,5.606208e-44
12.5320,4.612334e-44
12.5340,3.793957e-44
12.5360,3.120215e-44
12.5380,2.565648e-44
12.5400,2.109260e-44
12.5420,1.733741e-44
12.5440,1.424817e-44
12.5460,1.170726e-44
12.5480,9.617726e-45
12.5500,7.899710e-45
12.5520,6.487411e-45
12.5540,5.326642e-45
12.5560,4.372778e-45
12.5580,3.589082e-45
12.5600,2.945314e-45
12.5620,2.416586e-45
12.5640,1.982419e-45
12.5660,1.625965e-45
12.5680,1.333368e-45
12.5700,1.093231e-45
12.5720,8.961832e-46
12.5740,7.345226e-46
12.5760,6.019176e-46
12.5780,4.931654e-46
12.5800,4.039913e-46
12.5820,3.308838e-46
12.5840,2.709587e-46
12.5860,2.218478e-46
12.5880,1.816066e-46
12.5900,1.486390e-46
12.5920,1.216351e-46
12.5940,9.951995e-47
12.5960,8.141165e-47
12.5980,6.658682e-47
12.6000,5.445222e-47
12.6020,4.452139e-47
12.6040,3.639549e-47
12.6060,2.974765e-47
12.6080,2.430994e-47
12.6100,1.986285e-47
12.6120,1.622654e-47
12.6140,1.325370e-47
12.6160,1.082368e-47
12.6180,8.837721e-48
12.6200,7.214941e-48
12.6220,5.889152e-48
12.6240,4.806184e-48
12.6260,3.921714e-48
12.6280,3.199481e-48
12.6300,2.609824e-48
12.6320,2.128489e-48
12.6340,1.735642e-48
12.6360,1.415069e-48
12.6380,1.153517e-48
12.6400,9.401550e-49
12.6420,7.661332e-49
12.6440,6.242213e-49
12.6460,5.085136e-49
12.6480,4.141870e-49
12.6500,3.373031e-49
12.6520,2.746468e-49
12.6540,2.235934e-49
12.6560,1.820012e-49
12.6580,1.481222e-49
12.6600,1.205306e-49
12.6620,9.806304e-50
12.6640,7.977097e-50
12.6660,6.488076e-50
12.6680,5.276170e-50
12.6700,4.289963e-50
12.6720,3.487550e-50
12.6740,2.834782e-50
12.6760,2.303835e-50
12.6780,1.872043e-50
12.6800,1.520944e-50
12.6820,1.235503e-50
12.6840,1.003477e-50
12.6860,8.149009e-51
12.6880,6.616613e-51
12.6900,5.371563e-51
12.6920,4.360132e-51
12.6940,3.538611e-51
12.6960,2.871445e-51
12.6980,2.329716e-51
12.7000,1.889906e-51
12.7020,1.532896e-51
12.7040,1.243141e-51
12.7060,1.008007e-51
12.7080,8.172265e-52
12.7100,6.624562e-52
12.7120,5.369181e-52
12.7140,4.351061e-52
12.7160,3.525485e-52
12.7180,2.856138e-52
12.7200,2.313537e-52
12.7220,1.873747e-52
12.7240,1.517339e-52
12.7260,1.228548e-52
12.7280,9.945784e-53
12.7300,8.050521e-53
12.7320,6.515491e-53
12.7340,5.272404e-53
12.7360,4.265881e-53
12.7380,3.451021e-53
12.7400,2.791422e-53
12.7420,2.257577e-53
12.7440,1.825573e-53
12.7460,1.476030e-53
12.7480,1.193249e-53
12.7500,9.645113e-54
12.7520,7.795135e-54
12.7540,6.299128e-54
12.7560,5.089534e-54
12.7580,4.111653e-54
12.7600,3.321208e-54
12.7620,2.682359e-54
12.7640,2.166105e-54
12.7660,1.748976e-54
12.7680,1.411985e-54
12.7700,1.139773e-54
12.7720,9.199188e-55
12.7740,7.423746e-55
12.7760,5.990176e-55
12.7780,4.832804e-55
12.7800,3.898541e-55
12.7820,3.144478e-55
12.7840,2.535939e-55
12.7860,2.044904e-55
12.7880,1.648737e-55
12.7900,1.329151e-55
12.7920,1.071376e-55
12.7940,8.634836e-56
12.7960,6.958436e-56
12.7980,5.606792e-56
12.8000,4.517132e-56
12.8020,3.638790e-56
12.8040,2.930874e-56
12.8060,2.360389e-56
12.8080,1.900713e-56
12.8100,1.530369e-56
12.8120,1.232034e-56
12.8140,9.917362e-57
12.8160,7.982101e-57
12.8180,6.423709e-57
12.8200,5.168950e-57
12.8220,4.158789e-57
12.8240,3.345644e-57
12.8260,2.691170e-57
12.8280,2.164469e-57
12.8300,1.740646e-57
12.8320,1.399648e-57
12.8340,1.125322e-57
12.8360,9.046580e-58
12.8380,7.271800e-58
12.8400,5.844531e-58
12.8420,4.696862e-58
12.8440,3.774127e-58
12.8460,3.032328e-58
12.8480,2.436054e-58
12.8500,1.956812e-58
12.8520,1.571675e-58
12.8540,1.262201e-58
12.8560,1.013552e-58
12.8580,8.137970e-59
12.8600,6.533390e-59
12.8620,5.244619e-59
12.8640,4.209614e-59
12.8660,3.378500e-59
12.8680,2.711185e-59
12.8700,2.175444e-59
12.8720,1.745384e-59
12.8740,1.400194e-59
12.8760,1.123155e-59
12.8780,9.008370e-60
12.8800,7.224497e-60
12.8820,5.793276e-60
12.8840,4.645113e-60
12.8860,3.724124e-60
12.8880,2.985437e-60
12.8900,2.393029e-60
12.8920,1.917981e-60
12.8940,1.537084e-60
12.8960,1.231708e-60
12.8980,9.869041e-61
12.9000,7.906781e-61
12.9020,6.334060e-61
12.9040,5.073675e-61
12.9060,4.063696e-61
12.9080,3.254456e-61
12.9100,2.606118e-61
12.9120,2.086743e-61
12.9140,1.670717e-61
12.9160,1.337508e-61
12.9180,1.070655e-61
12.9200,8.569638e-62
12.9220,6.858605e-62
12.9240,5.488701e-62
12.9260,4.392018e-62
12.9280,3.514144e-62
12.9300,2.811489e-62
12.9320,2.249130e-62
12.9340,1.799097e-62
12.9360,1.438986e-62
12.9380,1.150856e-62
12.9400,9.203385e-63
12.9420,7.359311e-63
12.9440,5.884232e-63
12.9460,4.704415e-63
12.9480,3.760842e-63
12.9500,3.006273e-63
12.9520,2.402900e-63
12.9540,1.920470e-63
12.9560,1.534771e-63
12.9580,1.226436e-63
12.9600,9.799662e-64
12.9620,7.829657e-64
12.9640,6.255183e-64
12.9660,4.996929e-64
12.9680,3.991467e-64
12.9700,3.188074e-64
12.9720,2.546190e-64
12.9740,2.033388e-64
12.9760,1.623742e-64
12.9780,1.296526e-64
12.9800,1.035173e-64
12.9820,8.264431e-65
12.9840,6.597527e-65
12.9860,5.266450e-65
12.9880,4.203621e-65
12.9900,3.355044e-65
12.9920,2.677579e-65
12.9940,2.136761e-65
12.9960,1.705059e-65
12.9980,1.360483e-65
13.0000,1.085469e-65
13.0020,8.659885e-66
13.0040,6.908407e-66
13.0060,5.510804e-66
13.0080,4.395654e-66
13.0100,3.505935e-66
13.0120,2.796122e-66
13.0140,2.229877e-66
13.0160,1.778190e-66
13.0180,1.417909e-66
13.0200,1.130555e-66
13.0220,9.013809e-67
13.0240,7.186190e-67
13.0260,5.728792e-67
13.0280,4.566691e-67
13.0300,3.640112e-67
13.0320,2.901367e-67
13.0340,2.312414e-67
13.0360,1.842909e-67
13.0380,1.468648e-67
13.0400,1.170327e-67
13.0420,9.325526e-68
13.0440,7.430459e-68
13.0460,5.920177e-68
13.0480,4.716619e-68
13.0500,3.757544e-68
13.0520,2.993332e-68
13.0540,2.384425e-68
13.0560,1.899286e-68
13.0580,1.512779e-68
13.0600,1.204868e-68
13.0620,9.595823e-69
13.0640,7.641951e-69
13.0660,6.085633e-69
13.0680,4.846041e-69
13.0700,3.858766e-69
13.0720,3.072487e-69
13.0740,2.446315e-69
13.0760,1.947671e-69
13.0780,1.550601e-69
13.0800,1.234429e-69
13.0820,9.826834e-70
13.0840,7.822459e-70
13.0860,6.226662e-70
13.0880,4.956213e-70
13.0900,3.944822e-70
13.0920,3.139700e-70
13.0940,2.498804e-70
13.0960,1.988658e-70
13.0980,1.582603e-70
13.1000,1.259413e-70
13.1020,1.002188e-70
13.1040,7.974708e-71
13.1060,6.345497e-71
13.1080,5.048961e-71
13.1100,4.017206e-71
13.1120,3.196187e-71
13.1140,2.542884e-71
13.1160,2.023055e-71
13.1180,1.609443e-71
13.1200,1.280356e-71
13.1220,1.018529e-71
13.1240,8.102213e-72
13.1260,6.444987e-72
13.1280,5.126592e-72
13.1300,4.077783e-72
13.1320,3.243459e-72
13.1340,2.579776e-72
13.1360,2.051847e-72
13.1380,1.631916e-72
13.1400,1.297898e-72
13.1420,1.032224e-72
13.1440,8.209141e-73
13.1460,6.528487e-73
13.1480,5.191808e-73
13.1500,4.128728e-73
13.1520,3.283264e-73
13.1540,2.610883e-73
13.1560,2.076163e-73
13.1580,1.650928e-73
13.1600,1.312767e-73
13.1620,1.043857e-73
13.1640,8.300178e-74
13.1660,6.599756e-74
13.1680,5.247622e-74
13.1700,4.172455e-74
13.1720,3.317536e-74
13.1740,2.637756e-74
13.1760,2.097244e-74
13.1780,1.667473e-74
13.1800,1.325760e-74
13.1820,1.054064e-74
13.1840,8.380418e-75
13.1860,6.662869e-75
13.1880,5.297292e-75
13.1900,4.211570e-75
13.1920,3.348358e-75
13.1940,2.662060e-75
13.1960,2.116421e-75
13.1980,1.682615e-75
13.2000,1.337724e-75
13.2020,1.063524e-75
13.2040,8.455278e-76
13.2060,6.722150e-76
13.2080,5.344272e-76
13.2100,4.248830e-76
13.2120,3.377931e-76
13.2140,2.685551e-76
13.2160,2.135095e-76
13.2180,1.697472e-76
13.2200,1.349553e-76
13.2220,1.072950e-76
13.2240,8.530440e-77
13.2260,6.782133e-77
13.2280,5.392178e-77
13.2300,4.287120e-77
13.2320,3.408558e-77
13.2340,2.710065e-77
13.2360,2.154731e-77
13.2380,1.713212e-77
13.2400,1.362179e-77
13.2420,1.083084e-77
13.2440,8.611837e-78
13.2460,6.847551e-78
13.2480,5.444787e-78
13.2500,4.329452e-78
13.2520,3.442640e-78
13.2540,2.737521e-78
13.2560,2.176860e-78
13.2580,1.731056e-78
13.2600,1.376575e-78
13.2620,1.094704e-78
13.2640,8.705672e-79
13.2660,6.923355e-79
13.2680,5.506049e-79
13.2700,4.378980e-79
13.2720,3.482697e-79
13.2740,2.769927e-79
13.2760,2.203086e-79
13.2780,1.752287e-79
13.2800,1.393767e-79
13.2820,1.108629e-79
13.2840,8.818480e-80
13.2860,7.014767e-80
13.2880,5.580139e-80
13.2900,4.439042e-80
13.2920,3.531395e-80
13.2940,2.809418e-80
13.2960,2.235116e-80
13.2980,1.778268e-80
13.3000,1.414844e-80
13.3020,1.125730e-80
13.3040,8.957248e-81
13.3060,7.127379e-81
13.3080,5.671532e-81
13.3100,4.513219e-81
13.3120,3.591604e-81
13.3140,2.858292e-81
13.3160,2.274789e-81
13.3180,1.810475e-81
13.3200,1.440990e-81
13.3220,1.146956e-81
13.3240,9.129574e-82
13.3260,7.267284e-82
13.3280,5.785116e-82
13.3300,4.605435e-82
13.3320,3.666470e-82
13.3340,2.919073e-82
13.3360,2.324135e-82
13.3380,1.850536e-82
13.3400,1.473512e-82
13.3420,1.173358e-82
13.3440,9.343902e-83
13.3460,7.441269e-83
13.3480,5.926347e-83
13.3500,4.720075e-83
13.3520,3.759523e-83
13.3540,2.994601e-83
13.3560,2.385436e-83
13.3580,1.900289e-83
13.3600,1.513891e-83
13.3620,1.206127e-83
13.3640,9.609827e-84
13.3660,7.657063e-84
13.3680,6.101454e-84
13.3700,4.862160e-84
13.3720,3.874809e-84
13.3740,3.088138e-84
13.3760,2.461324e-84
13.3780,1.961856e-84
13.3800,1.563837e-84
13.3820,1.246645e-84
13.3840,9.938501e-85
13.3860,7.923669e-85
13.3880,6.317705e-85
13.3900,5.037560e-85
13.3920,4.017069e-85
13.3940,3.203516e-85
13.3960,2.554896e-85
13.3980,2.037740e-85
13.4000,1.625376e-85
13.4020,1.296548e-85
13.4040,1.034316e-85
13.4060,8.251794e-86
13.4080,6.583763e-86
13.4100,5.253285e-86
13.4120,4.191979e-86
13.4140,3.345328e-86
13.4160,2.669871e-86
13.4180,2.130954e-86
13.4200,1.700946e-86
13.4220,1.357812e-86
13.4240,1.083982e-86
13.4260,8.654417e-87
13.4280,6.910149e-87
13.4300,5.517865e-87
13.4320,4.406452e-87
13.4340,3.519183e-87
13.4360,2.810797e-87
13.4380,2.245187e-87
13.4400,1.793541e-87
13.4420,1.432867e-87
13.4440,1.144819e-87
13.4460,9.147538e-88
13.4480,7.309851e-88
13.4500,5.841845e-88
13.4520,4.669055e-88
13.4540,3.732035e-88
13.4560,2.983325e-88
13.4580,2.385030e-88
13.4600,1.906891e-88
13.4620,1.524744e-88
13.4640,1.219291e-88
13.4660,9.751181e-89
13.4680,7.799149e-89
13.4700,6.238461e-89
13.4720,4.990548e-89
13.4740,3.992638e-89
13.4760,3.194574e-89
13.4780,2.556273e-89
13.4800,2.045707e-89
13.4820,1.637276e-89
13.4840,1.310517e-89
13.4860,1.049074e-89
13.4880,8.398714e-90
13.4900,6.724542e-90
13.4920,5.384636e-90
13.4940,4.312150e-90
13.4960,3.453630e-90
13.4980,2.766319e-90
13.5000,2.216020e-90
13.5020,1.775375e-90
13.5040,1.422500e-90
13.5060,1.139883e-90
13.5080,9.135120e-91
13.5100,7.321748e-91
13.5120,5.868972e-91
13.5140,4.704964e-91
13.5160,3.772229e-91
13.5180,3.024735e-91
13.5200,2.425631e-91
13.5220,1.945406e-91
13.5240,1.560431e-91
13.5260,1.251779e-91
13.5280,1.004292e-91
13.5300,8.058272e-92
13.5320,6.466564e-92
13.5340,5.189858e-92
13.5360,4.165697e-92
13.5380,3.344034e-92
13.5400,2.684756e-92
13.5420,2.155710e-92
13.5440,1.731121e-92
13.5460,1.390325e-92
13.5480,1.116755e-92
13.5500,8.971225e-93
13.5520,7.207731e-93
13.5540,5.791601e-93
13.5560,4.654277e-93
13.5580,3.740757e-93
13.5600,3.006914e-93
13.5620,2.417336e-93
13.5640,1.943603e-93
13.5660,1.562907e-93
13.5680,1.256939e-93
13.5700,1.010999e-93
13.5720,8.132863e-94
13.5740,6.543232e-94
13.5760,5.264992e-94
13.5780,4.237015e-94
13.5800,3.410197e-94
13.5820,2.745088e-94
13.5840,2.209994e-94
13.5860,1.779442e-94
13.5880,1.432963e-94
13.5900,1.154104e-94
13.5920,9.296374e-95
13.5940,7.489308e-95
13.5960,6.034335e-95
13.5980,4.862695e-95
13.6000,3.919087e-95
13.6020,3.159026e-95
13.6040,2.546727e-95
13.6060,2.053395e-95
13.6080,1.655862e-95
13.6100,1.335481e-95
13.6120,1.077241e-95
13.6140,8.690618e-96
13.6160,7.012147e-96
13.6180,5.658668e-96
13.6200,4.567102e-96
13.6220,3.686640e-96
13.6240,2.976354e-96
13.6260,2.403270e-96
13.6280,1.940818e-96
13.6300,1.567588e-96
13.6320,1.266322e-96
13.6340,1.023108e-96
13.6360,8.267317e-97
13.6380,6.681495e-97
13.6400,5.400685e-97
13.6420,4.366069e-97
13.6440,3.530199e-97
13.6460,2.854795e-97
13.6480,2.308969e-97
13.6500,1.867794e-97
13.6520,1.511151e-97
13.6540,1.222799e-97
13.6560,9.896251e-98
13.6580,8.010422e-98
13.6600,6.484990e-98
13.6620,5.250888e-98
13.6640,4.252320e-98
13.6660,3.444207e-98
13.6680,2.790121e-98
13.6700,2.260619e-98
13.6720,1.831905e-98
13.6740,1.484737e-98
13.6760,1.203560e-98
13.6780,9.757936e-99
13.6800,7.912619e-99
13.6820,6.417340e-99
13.6840,5.205502e-99
13.6860,4.223215e-99
13.6880,3.426866e-99
13.6900,2.781152e-99
13.6920,2.257492e-99
13.6940,1.832745e-99
13.6960,1.488169e-99
13.6980,1.208586e-99
13.7000,9.816975e-100
13.7020,7.975415e-100
13.7040,6.480442e-100
13.7060,5.266620e-100
13.7080,4.280905e-100
13.7100,3.480292e-100
13.7120,2.829911e-100
13.7140,2.301478e-100
13.7160,1.872055e-100
13.7180,1.523028e-100
13.7200,1.239297e-100
13.7220,1.008605e-100
13.7240,8.210041e-101
13.7260,6.684186e-101
13.7280,5.442907e-101
13.7300,4.432950e-101
13.7320,3.611058e-101
13.7340,2.942091e-101
13.7360,2.397497e-101
13.7380,1.954073e-101
13.7400,1.592958e-101
13.7420,1.298820e-101
13.7440,1.059194e-101
13.7460,8.639397e-102
13.7480,7.048124e-102
13.7500,5.751035e-102
13.7520,4.693546e-102
13.7540,3.831237e-102
13.7560,3.127954e-102
13.7580,2.554259e-102
13.7600,2.086188e-102
13.7620,1.704221e-102
13.7640,1.392461e-102
13.7660,1.137953e-102
13.7680,9.301455e-103
13.7700,7.604357e-103
13.7720,6.218128e-103
13.7740,5.085604e-103
13.7760,4.160173e-103
13.7780,3.403821e-103
13.7800,2.785534e-103
13.7820,2.280013e-103
13.7840,1.866608e-103
13.7860,1.528469e-103
13.7880,1.251837e-103
13.7900,1.025479e-103
13.7920,8.402223e-104
13.7940,6.885733e-104
13.7960,5.644104e-104
13.7980,4.627314e-104
13.8000,3.794481e-104
13.8020,3.112185e-104
13.8040,2.553104e-104
13.8060,2.094892e-104
13.8080,1.719276e-104
13.8100,1.411303e-104
13.8120,1.158739e-104
13.8140,9.515745e-105
13.8160,7.816124e-105
13.8180,6.421434e-105
13.8200,5.276728e-105
13.8220,4.337005e-105
13.8240,3.565396e-105
13.8260,2.931695e-105
13.8280,2.411143e-105
13.8300,1.983447e-105
13.8320,1.631970e-105
13.8340,1.343068e-105
13.8360,1.105549e-105
13.8380,9.102329e-106
13.8400,7.495871e-106
13.8420,6.174288e-106
13.8440,5.086828e-106
13.8460,4.191824e-106
13.8480,3.455055e-106
13.8500,2.848414e-106
13.8520,2.348810e-106
13.8540,1.937267e-106
13.8560,1.598189e-106
13.8580,1.318755e-106
13.8600,1.088423e-106
13.8620,8.985226e-107
13.8640,7.419226e-107
13.8660,6.127546e-107
13.8680,5.061897e-107
13.8700,4.182528e-107
13.8720,3.456716e-107
13.8740,2.857512e-107
13.8760,2.362719e-107
13.8780,1.954052e-107
13.8800,1.616443e-107
13.8820,1.337474e-107
13.8840,1.106907e-107
13.8860,9.163002e-108
13.8880,7.586926e-108
13.8900,6.283411e-108
13.8920,5.205075e-108
13.8940,4.312813e-108
13.8960,3.574346e-108
13.8980,2.963024e-108
13.9000,2.456839e-108
13.9020,2.037611e-108
13.9040,1.690322e-108
13.9060,1.402559e-108
13.9080,1.164064e-108
13.9100,9.663550e-109
13.9120,8.024186e-109
13.9140,6.664537e-109
13.9160,5.536611e-109
13.9180,4.600692e-109
13.9200,3.823912e-109
13.9220,3.179057e-109
13.9240,2.643593e-109
13.9260,2.198859e-109
13.9280,1.829391e-109
13.9300,1.522377e-109
13.9320,1.267200e-109
13.9340,1.055056e-109
13.9360,8.786442e-110
13.9380,7.319113e-110
13.9400,6.098344e-110
13.9420,5.082456e-110
13.9440,4.236857e-110
13.9460,3.532831e-110
13.9480,2.946530e-110
13.9500,2.458149e-110
13.9520,2.051233e-110
13.9540,1.712109e-110
13.9560,1.429414e-110
13.9580,1.193699e-110
13.9600,9.971084e-111
13.9620,8.331065e-111
13.9640,6.962571e-111
13.9660,5.820363e-111
13.9680,4.866783e-111
13.9700,4.070480e-111
13.9720,3.405346e-111
13.9740,2.849634e-111
13.9760,2.385226e-111
13.9780,1.997021e-111
13.9800,1.672433e-111
13.9820,1.400967e-111
13.9840,1.173872e-111
13.9860,9.838456e-112
13.9880,8.247974e-112
13.9900,6.916427e-112
13.9920,5.801373e-112
13.9940,4.867370e-112
13.9960,4.084819e-112
13.9980,3.428992e-112
14.0000,2.879224e-112
14.0020,2.418244e-112
14.0040,2.031611e-112
14.0060,1.707250e-112
14.0080,1.435060e-112
14.0100,1.206589e-112
14.0120,1.014765e-112
14.0140,8.536678e-113
14.0160,7.183390e-113
14.0180,6.046269e-113
14.0200,5.090533e-113
14.0220,4.287035e-113
14.0240,3.611345e-113
14.0260,3.042981e-113
14.0280,2.564770e-113
14.0300,2.162302e-113
14.0320,1.823490e-113
14.0340,1.538189e-113
14.0360,1.297884e-113
14.0380,1.095423e-113
14.0400,9.247994e-114
14.0420,7.809689e-114
14.0440,6.596907e-114
14.0460,5.574011e-114
14.0480,4.711033e-114
14.0500,3.982774e-114
14.0520,3.368036e-114
14.0540,2.848979e-114
14.0560,2.410592e-114
14.0580,2.040235e-114
14.0600,1.727266e-114
14.0620,1.462718e-114
14.0640,1.239038e-114
14.0660,1.049861e-114
14.0680,8.898201e-115
14.0700,7.543901e-115
14.0720,6.397545e-115
14.0740,5.426935e-115
14.0760,4.604898e-115
14.0780,3.908496e-115
14.0800,3.318363e-115
14.0820,2.818142e-115
14.0840,2.394014e-115
14.0860,2.034304e-115
14.0880,1.729140e-115
14.0900,1.470179e-115
14.0920,1.250363e-115
14.0940,1.063722e-115
14.0960,9.052040e-116
14.0980,7.705328e-116
14.1000,6.560886e-116
14.1020,5.588056e-116
14.1040,4.760868e-116
14.1060,4.057316e-116
14.1080,3.458750e-116
14.1100,2.949355e-116
14.1120,2.515724e-116
14.1140,2.146482e-116
14.1160,1.831976e-116
14.1180,1.564014e-116
14.1200,1.335644e-116
14.1220,1.140958e-116
14.1240,9.749394e-117
14.1260,8.333263e-117
14.1280,7.124957e-117
14.1300,6.093674e-117
14.1320,5.213222e-117
14.1340,4.461321e-117
14.1360,3.819013e-117
14.1380,3.270163e-117
14.1400,2.801035e-117
14.1420,2.399931e-117
14.1440,2.056886e-117
14.1460,1.763410e-117
14.1480,1.512265e-117
14.1500,1.297282e-117
14.1520,1.113199e-117
14.1540,9.555283e-118
14.1560,8.204399e-118
14.1580,7.046649e-118
14.1600,6.054125e-118
14.1620,5.202992e-118
14.1640,4.472889e-118
14.1660,3.846419e-118
14.1680,3.308710e-118
14.1700,2.847047e-118
14.1720,2.450556e-118
14.1740,2.109933e-118
14.1760,1.817219e-118
14.1780,1.565599e-118
14.1800,1.349238e-118
14.1820,1.163138e-118
14.1840,1.003020e-118
14.1860,8.652130e-119
14.1880,7.465727e-119
14.1900,6.444020e-119
14.1920,5.563878e-119
14.1940,4.805455e-119
14.1960,4.151716e-119
14.1980,3.588040e-119
14.2000,3.101871e-119
14.2020,2.682421e-119
14.2040,2.320423e-119
14.2060,2.007912e-119
14.2080,1.738039e-119
14.2100,1.504916e-119
14.2120,1.303474e-119
14.2140,1.129356e-119
14.2160,9.788074e-120
14.2180,8.485981e-120
14.2200,7.359450e-120
14.2220,6.384507e-120
14.2240,5.540491e-120
14.2260,4.809591e-120
14.2280,4.176450e-120
14.2300,3.627821e-120
14.2320,3.152274e-120
14.2340,2.739946e-120
14.2360,2.382318e-120
14.2380,2.072038e-120
14.2400,1.802752e-120
14.2420,1.568970e-120
14.2440,1.365948e-120
14.2460,1.189581e-120
14.2480,1.036323e-120
14.2500,9.031036e-121
14.2520,7.872654e-121
14.2540,6.865091e-121
14.2560,5.988431e-121
14.2580,5.225425e-121
14.2600,4.561128e-121
14.2620,3.982584e-121
14.2640,3.478565e-121
14.2660,3.039329e-121
14.2680,2.656427e-121
14.2700,2.322529e-121
14.2720,2.031268e-121
14.2740,1.777119e-121
14.2760,1.555282e-121
14.2780,1.361586e-121
14.2800,1.192408e-121
14.2820,1.044596e-121
14.2840,9.154107e-122
14.2860,8.024679e-122
14.2880,7.036936e-122
14.2900,6.172826e-122
14.2920,5.416629e-122
14.2940,4.754654e-122
14.2960,4.174973e-122
14.2980,3.667191e-122
14.3000,3.222246e-122
14.3020,2.832234e-122
14.3040,2.490263e-122
14.3060,2.190317e-122
14.3080,1.927146e-122
14.3100,1.696166e-122
14.3120,1.493373e-122
14.3140,1.315269e-122
14.3160,1.158796e-122
14.3180,1.021284e-122
14.3200,9.003937e-123
14.3220,7.940822e-123
14.3240,7.005603e-123
14.3260,6.182624e-123
14.3280,5.458176e-123
14.3300,4.820252e-123
14.3320,4.258333e-123
14.3340,3.763200e-123
14.3360,3.326772e-123
14.3380,2.941960e-123
14.3400,2.602548e-123
14.3420,2.303081e-123
14.3440,2.038770e-123
14.3460,1.805410e-123
14.3480,1.599309e-123
14.3500,1.417221e-123
14.3520,1.256297e-123
14.3540,1.114028e-123
14.3560,9.882098e-124
14.3580,8.769036e-124
14.3600,7.784024e-124
14.3620,6.912041e-124
14.3640,6.139859e-124
14.3660,5.455827e-124
14.3680,4.849678e-124
14.3700,4.312366e-124
14.3720,3.835913e-124
14.3740,3.413285e-124
14.3760,3.038275e-124
14.3780,2.705406e-124
14.3800,2.409844e-124
14.3820,2.147318e-124
14.3840,1.914059e-124
14.3860,1.706733e-124
14.3880,1.522395e-124
14.3900,1.358440e-124
14.3920,1.212567e-124
14.3940,1.082737e-124
14.3960,9.671460e-125
14.3980,8.641981e-125
14.4000,7.724794e-125
14.4020,6.907373e-125
14.4040,6.178619e-125
14.4060,5.528695e-125
14.4080,4.948877e-125
14.4100,4.431426e-125
14.4120,3.969478e-125
14.4140,3.556940e-125
14.4160,3.188401e-125
14.4180,2.859056e-125
14.4200,2.564637e-125
14.4220,2.301350e-125
14.4240,2.065824e-125
14.4260,1.855059e-125
14.4280,1.666389e-125
14.4300,1.497438e-125
14.4320,1.346095e-125
14.4340,1.210477e-125
14.4360,1.088911e-125
14.4380,9.799013e-126
14.4400,8.821188e-126
14.4420,7.943769e-126
14.4440,7.156176e-126
14.4460,6.448971e-126
14.4480,5.813731e-126
14.4500,5.242937e-126
14.4520,4.729876e-126
14.4540,4.268549e-126
14.4560,3.853597e-126
14.4580,3.480230e-126
14.4600,3.144166e-126
14.4620,2.841573e-126
14.4640,2.569023e-126
14.4660,2.323450e-126
14.4680,2.102108e-126
14.4700,1.902535e-126
14.4720,1.722530e-126
14.4740,1.560118e-126
14.4760,1.413529e-126
14.4780,1.281176e-126
14.4800,1.161634e-126
14.4820,1.053627e-126
14.4840,9.560083e-127
14.4860,8.677474e-127
14.4880,7.879200e-127
14.4900,7.156955e-127
14.4920,6.503269e-127
14.4940,5.911432e-127
14.4960,5.375405e-127
14.4980,4.889757e-127
14.5000,4.449602e-127
14.5020,4.050540e-127
14.5040,3.688609e-127
14.5060,3.360240e-127
14.5080,3.062218e-127
14.5100,2.791644e-127
14.5120,2.545906e-127
14.5140,2.322646e-127
14.5160,2.119738e-127
14.5180,1.935262e-127
14.5200,1.767487e-127
14.5220,1.614846e-127
14.5240,1.475928e-127
14.5260,1.349453e-127
14.5280,1.234268e-127
14.5300,1.129329e-127
14.5320,1.033690e-127
14.5340,9.464978e-128
14.5360,8.669781e-128
14.5380,7.944307e-128
14.5400,7.282213e-128
14.5420,6.677753e-128
14.5440,6.125717e-128
14.5460,5.621383e-128
14.5480,5.160470e-128
14.5500,4.739092e-128
14.5520,4.353726e-128
14.5540,4.001169e-128
14.5560,3.678518e-128
14.5580,3.383133e-128
14.5600,3.112616e-128
14.5620,2.864786e-128
14.5640,2.637663e-128
14.5660,2.429444e-128
14.5680,2.238489e-128
14.5700,2.063306e-128
14.5720,1.902536e-128
14.5740,1.754943e-128
14.5760,1.619399e-128
14.5780,1.494878e-128
14.5800,1.380443e-128
14.5820,1.275241e-128
14.5840,1.178493e-128
14.5860,1.089489e-128
14.5880,1.007581e-128
14.5900,9.321772e-129
14.5920,8.627366e-129
14.5940,7.987656e-129
14.5960,7.398130e-129
14.5980,6.854662e-129
14.6000,6.353481e-129
14.6020,5.891137e-129
14.6040,5.464471e-129
14.6060,5.070595e-129
14.6080,4.706863e-129
14.6100,4.370851e-129
14.6120,4.060340e-129
14.6140,3.773295e-129
14.6160,3.507852e-129
14.6180,3.262299e-129
14.6200,3.035068e-129
14.6220,2.824719e-129
14.6240,2.629932e-129
14.6260,2.449491e-129
14.6280,2.282284e-129
14.6300,2.127286e-129
14.6320,1.983557e-129
14.6340,1.850230e-129
14.6360,1.726512e-129
14.6380,1.611669e-129
14.6400,1.505029e-129
14.6420,1.405972e-129
14.6440,1.313927e-129
14.6460,1.228368e-129
14.6480,1.148811e-129
14.6500,1.074809e-129
14.6520,1.005952e-129
14.6540,9.418598e-130
14.6560,8.821819e-130
14.6580,8.265956e-130
14.6600,7.748028e-130
14.6620,7.265280e-130
14.6640,6.815170e-130
14.6660,6.395350e-130
14.6680,6.003647e-130
14.6700,5.638054e-130
14.6720,5.296716e-130
14.6740,4.977916e-130
14.6760,4.680064e-130
14.6780,4.401690e-130
14.6800,4.141432e-130
14.6820,3.898031e-130
14.6840,3.670316e-130
14.6860,3.457205e-130
14.6880,3.257696e-130
14.6900,3.070857e-130
14.6920,2.895824e-130
14.6940,2.731798e-130
14.6960,2.578034e-130
14.6980,2.433843e-130
14.7000,2.298583e-130
14.7020,2.171659e-130
14.7040,2.052518e-130
14.7060,1.940645e-130
14.7080,1.835562e-130
14.7100,1.736825e-130
14.7120,1.644019e-130
14.7140,1.556760e-130
14.7160,1.474690e-130
14.7180,1.397473e-130
14.7200,1.324800e-130
14.7220,1.256381e-130
14.7240,1.191945e-130
14.7260,1.131242e-130
14.7280,1.074035e-130
14.7300,1.020108e-130
14.7320,9.692537e-131
14.7340,9.212831e-131
14.7360,8.760179e-131
14.7380,8.332916e-131
14.7400,7.929490e-131
14.7420,7.548449e-131
14.7440,7.188437e-131
14.7460,6.848184e-131
14.7480,6.526505e-131
14.7500,6.222290e-131
14.7520,5.934499e-131
14.7540,5.662160e-131
14.7560,5.404364e-131
14.7580,5.160257e-131
14.7600,4.929041e-131
14.7620,4.709967e-131
14.7640,4.502334e-131
14.7660,4.305482e-131
14.7680,4.118796e-131
14.7700,3.941697e-131
14.7720,3.773640e-131
14.7740,3.614116e-131
14.7760,3.462646e-131
14.7780,3.318780e-131
14.7800,3.182096e-131
14.7820,3.052196e-131
14.7840,2.928707e-131
14.7860,2.811279e-131
14.7880,2.699580e-131
14.7900,2.593301e-131
14.7920,2.492149e-131
14.7940,2.395850e-131
14.7960,2.304143e-131
14.7980,2.216786e-131
14.8000,2.133548e-131
14.8020,2.054213e-131
14.8040,1.978577e-131
14.8060,1.906447e-131
14.8080,1.837642e-131
14.8100,1.771990e-131
14.8120,1.709331e-131
14.8140,1.649511e-131
14.8160,1.592388e-131
14.8180,1.537824e-131
14.8200,1.485692e-131
14.8220,1.435870e-131
14.8240,1.388244e-131
14.8260,1.342706e-131
14.8280,1.299152e-131
14.8300,1.257487e-131
14.8320,1.217619e-131
14.8340,1.179460e-131
14.8360,1.142930e-131
14.8380,1.107949e-131
14.8400,1.074446e-131
14.8420,1.042349e-131
14.8440,1.011593e-131
14.8460,9.821163e-132
14.8480,9.538586e-132
14.8500,9.267640e-132
14.8520,9.007793e-132
14.8540,8.758539e-132
14.8560,8.519400e-132
14.8580,8.289919e-132
14.8600,8.069667e-132
14.8620,7.858232e-132
14.8640,7.655226e-132
14.8660,7.460280e-132
14.8680,7.273043e-132
14.8700,7.093180e-132
14.8720,6.920376e-132
14.8740,6.754328e-132
14.8760,6.594752e-132
14.8780,6.441374e-132
14.8800,6.293935e-132
14.8820,6.152190e-132
14.8840,6.015903e-132
14.8860,5.884853e-132
14.8880,5.758827e-132
14.8900,5.637622e-132
14.8920,5.521047e-132
14.8940,5.408919e-132
14.8960,5.301063e-132
14.8980,5.197313e-132
14.9000,5.097512e-132
14.9020,5.001508e-132
14.9040,4.909158e-132
14.9060,4.820326e-132
14.9080,4.734880e-132
14.9100,4.652698e-132
14.9120,4.573660e-132
14.9140,4.497655e-132
14.9160,4.424574e-132
14.9180,4.354315e-132
14.9200,4.286781e-132
14.9220,4.221878e-132
14.9240,4.159519e-132
14.9260,4.099618e-132
14.9280,4.042095e-132
14.9300,3.986874e-132
14.9320,3.933882e-132
14.9340,3.883048e-132
14.9360,3.834308e-132
14.9380,3.787597e-132
14.9400,3.742857e-132
14.9420,3.700030e-132
14.9440,3.659061e-132
14.9460,3.619901e-132
14.9480,3.582498e-132
14.9500,3.546808e-132
14.9520,3.512786e-132
14.9540,3.480391e-132
14.9560,3.449582e-132
14.9580,3.420323e-132
14.9600,3.392579e-132
14.9620,3.366315e-132
14.9640,3.341501e-132
14.9660,3.318106e-132
14.9680,3.296104e-132
14.9700,3.275468e-132
14.9720,3.256175e-132
14.9740,3.238200e-132
14.9760,3.221524e-132
14.9780,3.206126e-132
14.9800,3.191989e-132
14.9820,3.179096e-132
14.9840,3.167433e-132
14.9860,3.156985e-132
14.9880,3.147741e-132
14.9900,3.139689e-132
14.9920,3.132821e-132
14.9940,3.127128e-132
14.9960,3.122602e-132
14.9980,3.119240e-132
15.0000,3.117036e-132
15.0020,3.115988e-132
15.0040,3.116093e-132
15.0060,3.117353e-132
15.0080,3.119767e-132
15.0100,3.123337e-132
15.0120,3.128068e-132
15.0140,3.133964e-132
15.0160,3.141031e-132
15.0180,3.149277e-132
15.0200,3.158710e-132
15.0220,3.169339e-132
15.0240,3.181178e-132
15.0260,3.194238e-132
15.0280,3.208533e-132
15.0300,3.224079e-132
15.0320,3.240893e-132
15.0340,3.258994e-132
15.0360,3.278401e-132
15.0380,3.299136e-132
15.0400,3.321222e-132
15.0420,3.344684e-132
15.0440,3.369548e-132
15.0460,3.395843e-132
15.0480,3.423598e-132
15.0500,3.452845e-132
15.0520,3.483618e-132
15.0540,3.515952e-132
15.0560,3.549886e-132
15.0580,3.585458e-132
15.0600,3.622711e-132
15.0620,3.661689e-132
15.0640,3.702438e-132
15.0660,3.745007e-132
15.0680,3.789448e-132
15.0700,3.835816e-132
15.0720,3.884165e-132
15.0740,3.934558e-132
15.0760,3.987055e-132
15.0780,4.041723e-132
15.0800,4.098632e-132
15.0820,4.157852e-132
15.0840,4.219461e-132
15.0860,4.283538e-132
15.0880,4.350166e-132
15.0900,4.419433e-132
15.0920,4.491431e-132
15.0940,4.566256e-132
15.0960,4.644009e-132
15.0980,4.724794e-132
15.1000,4.808724e-132
15.1020,4.895915e-132
15.1040,4.986487e-132
15.1060,5.080568e-132
15.1080,5.178293e-132
15.1100,5.279800e-132
15.1120,5.385238e-132
15.1140,5.494760e-132
15.1160,5.608528e-132
15.1180,5.726711e-132
15.1200,5.849487e-132
15.1220,5.977043e-132
15.1240,6.109573e-132
15.1260,6.247283e-132
15.1280,6.390388e-132
15.1300,6.539114e-132
15.1320,6.693698e-132
15.1340,6.854390e-132
15.1360,7.021450e-132
15.1380,7.195154e-132
15.1400,7.375789e-132
15.1420,7.563659e-132
15.1440,7.759082e-132
15.1460,7.962392e-132
15.1480,8.173941e-132
15.1500,8.394099e-132
15.1520,8.623254e-132
15.1540,8.861816e-132
15.1560,9.110213e-132
15.1580,9.368900e-132
15.1600,9.638351e-132
15.1620,9.919068e-132
15.1640,1.021158e-131
15.1660,1.051644e-131
15.1680,1.083423e-131
15.1700,1.116558e-131
15.1720,1.151113e-131
15.1740,1.187156e-131
15.1760,1.224759e-131
15.1780,1.264000e-131
15.1800,1.304957e-131
15.1820,1.347716e-131
15.1840,1.392366e-131
15.1860,1.439000e-131
15.1880,1.487720e-131
15.1900,1.538628e-131
15.1920,1.591837e-131
15.1940,1.647464e-131
15.1960,1.705631e-131
15.1980,1.766471e-131
15.2000,1.830120e-131
15.2020,1.896726e-131
15.2040,1.966442e-131
15.2060,2.039432e-131
15.2080,2.115869e-131
15.2100,2.195936e-131
15.2120,2.279826e-131
15.2140,2.367744e-131
15.2160,2.459907e-131
15.2180,2.556546e-131
15.2200,2.657902e-131
15.2220,2.764236e-131
15.2240,2.875820e-131
15.2260,2.992943e-131
15.2280,3.115915e-131
15.2300,3.245060e-131
15.2320,3.380725e-131
15.2340,3.523277e-131
15.2360,3.673106e-131
15.2380,3.830626e-131
15.2400,3.996276e-131
15.2420,4.170524e-131
15.2440,4.353864e-131
15.2460,4.546825e-131
15.2480,4.749967e-131
15.2500,4.963886e-131
15.2520,5.189215e-131
15.2540,5.426629e-131
15.2560,5.676845e-131
15.2580,5.940626e-131
15.2600,6.218787e-131
15.2620,6.512191e-131
15.2640,6.821761e-131
15.2660,7.148480e-131
15.2680,7.493395e-131
15.2700,7.857620e-131
15.2720,8.242345e-131
15.2740,8.648841e-131
15.2760,9.078458e-131
15.2780,9.532643e-131
15.2800,1.001294e-130
15.2820,1.052098e-130
15.2840,1.105854e-130
15.2860,1.162748e-130
15.2880,1.222981e-130
15.2900,1.286768e-130
15.2920,1.354337e-130
15.2940,1.425933e-130
15.2960,1.501818e-130
15.2980,1.582272e-130
15.3000,1.667594e-130
15.3020,1.758106e-130
15.3040,1.854151e-130
15.3060,1.956095e-130
15.3080,2.064334e-130
15.3100,2.179289e-130
15.3120,2.301411e-130
15.3140,2.431186e-130
15.3160,2.569133e-130
15.3180,2.715808e-130
15.3200,2.871811e-130
15.3220,3.037781e-130
15.3240,3.214407e-130
15.3260,3.402429e-130
15.3280,3.602639e-130
15.3300,3.815889e-130
15.3320,4.043096e-130
15.3340,4.285243e-130
15.3360,4.543387e-130
15.3380,4.818667e-130
15.3400,5.112304e-130
15.3420,5.425615e-130
15.3440,5.760015e-130
15.3460,6.117028e-130
15.3480,6.498294e-130
15.3500,6.905581e-130
15.3520,7.340790e-130
15.3540,7.805973e-130
15.3560,8.303338e-130
15.3580,8.835268e-130
15.3600,9.404331e-130
15.3620,1.001330e-129
15.3640,1.066515e-129
15.3660,1.136313e-129
15.3680,1.211070e-129
15.3700,1.291163e-129
15.3720,1.376997e-129
15.3740,1.469011e-129
15.3760,1.567679e-129
15.3780,1.673512e-129
15.3800,1.787065e-129
15.3820,1.908936e-129
15.3840,2.039772e-129
15.3860,2.180274e-129
15.3880,2.331201e-129
15.3900,2.493372e-129
15.3920,2.667676e-129
15.3940,2.855076e-129
15.3960,3.056615e-129
15.3980,3.273421e-129
15.4000,3.506721e-129
15.4020,3.757842e-129
15.4040,4.028223e-129
15.4060,4.319426e-129
15.4080,4.633147e-129
15.4100,4.971225e-129
15.4120,5.335656e-129
15.4140,5.728610e-129
15.4160,6.152441e-129
15.4180,6.609708e-129
15.4200,7.103192e-129
15.4220,7.635917e-129
15.4240,8.211169e-129
15.4260,8.832522e-129
15.4280,9.503866e-129
15.4300,1.022943e-128
15.4320,1.101383e-128
15.4340,1.186207e-128
15.4360,1.277961e-128
15.4380,1.377241e-128
15.4400,1.484694e-128
15.4420,1.601028e-128
15.4440,1.727011e-128
15.4460,1.863484e-128
15.4480,2.011363e-128
15.4500,2.171647e-128
15.4520,2.345427e-128
15.4540,2.533893e-128
15.4560,2.738345e-128
15.4580,2.960202e-128
15.4600,3.201014e-128
15.4620,3.462477e-128
15.4640,3.746443e-128
15.4660,4.054936e-128
15.4680,4.390169e-128
15.4700,4.754566e-128
15.4720,5.150777e-128
15.4740,5.581700e-128
15.4760,6.050511e-128
15.4780,6.560686e-128
15.4800,7.116033e-128
15.4820,7.720722e-128
15.4840,8.379325e-128
15.4860,9.096851e-128
15.4880,9.878793e-128
15.4900,1.073118e-127
15.4920,1.166061e-127
15.4940,1.267434e-127
15.4960,1.378032e-127
15.4980,1.498730e-127
15.5000,1.630487e-127
15.5020,1.774356e-127
15.5040,1.931494e-127
15.5060,2.103175e-127
15.5080,2.290796e-127
15.5100,2.495894e-127
15.5120,2.720161e-127
15.5140,2.965457e-127
15.5160,3.233828e-127
15.5180,3.527527e-127
15.5200,3.849034e-127
15.5220,4.201080e-127
15.5240,4.586673e-127
15.5260,5.009126e-127
15.5280,5.472093e-127
15.5300,5.979598e-127
15.5320,6.536081e-127
15.5340,7.146437e-127
15.5360,7.816066e-127
15.5380,8.550927e-127
15.5400,9.357597e-127
15.5420,1.024334e-126
15.5440,1.121617e-126
15.5460,1.228494e-126
15.5480,1.345944e-126
15.5500,1.475049e-126
15.5520,1.617002e-126
15.5540,1.773127e-126
15.5560,1.944884e-126
15.5580,2.133891e-126
15.5600,2.341936e-126
15.5620,2.571000e-126
15.5640,2.823273e-126
15.5660,3.101185e-126
15.5680,3.407422e-126
15.5700,3.744964e-126
15.5720,4.117112e-126
15.5740,4.527523e-126
15.5760,4.980254e-126
15.5780,5.479804e-126
15.5800,6.031163e-126
15.5820,6.639867e-126
15.5840,7.312061e-126
15.5860,8.054566e-126
15.5880,8.874957e-126
15.5900,9.781645e-126
15.5920,1.078398e-125
15.5940,1.189233e-125
15.5960,1.311826e-125
15.5980,1.447459e-125
15.6000,1.597559e-125
15.6020,1.763713e-125
15.6040,1.947686e-125
15.6060,2.151445e-125
15.6080,2.377176e-125
15.6100,2.627315e-125
15.6120,2.904573e-125
15.6140,3.211973e-125
15.6160,3.552879e-125
15.6180,3.931044e-125
15.6200,4.350650e-125
15.6220,4.816359e-125
15.6240,5.333372e-125
15.6260,5.907490e-125
15.6280,6.545187e-125
15.6300,7.253689e-125
15.6320,8.041060e-125
15.6340,8.916307e-125
15.6360,9.889490e-125
15.6380,1.097185e-124
15.6400,1.217594e-124
15.6420,1.351580e-124
15.6440,1.500711e-124
15.6460,1.666744e-124
15.6480,1.851641e-124
15.6500,2.057597e-124
15.6520,2.287071e-124
15.6540,2.542812e-124
15.6560,2.827900e-124
15.6580,3.145784e-124
15.6600,3.500326e-124
15.6620,3.895855e-124
15.6640,4.337221e-124
15.6660,4.829860e-124
15.6680,5.379867e-124
15.6700,5.994077e-124
15.6720,6.680159e-124
15.6740,7.446715e-124
15.6760,8.303399e-124
15.6780,9.261048e-124
15.6800,1.033183e-123
15.6820,1.152941e-123
15.6840,1.286913e-123
15.6860,1.436824e-123
15.6880,1.604612e-123
15.6900,1.792456e-123
15.6920,2.002804e-123
15.6940,2.238411e-123
15.6960,2.502376e-123
15.6980,2.798185e-123
15.7000,3.129760e-123
15.7020,3.501518e-123
15.7040,3.918430e-123
15.7060,4.386096e-123
15.7080,4.910822e-123
15.7100,5.499714e-123
15.7120,6.160780e-123
15.7140,6.903045e-123
15.7160,7.736686e-123
15.7180,8.673179e-123
15.7200,9.725467e-123
15.7220,1.090815e-122
15.7240,1.223772e-122
15.7260,1.373277e-122
15.7280,1.541429e-122
15.7300,1.730601e-122
15.7320,1.943471e-122
15.7340,2.183064e-122
15.7360,2.452799e-122
15.7380,2.756543e-122
15.7400,3.098662e-122
15.7420,3.484097e-122
15.7440,3.918436e-122
15.7460,4.407999e-122
15.7480,4.959938e-122
15.7500,5.582346e-122
15.7520,6.284385e-122
15.7540,7.076431e-122
15.7560,7.970232e-122
15.7580,8.979095e-122
15.7600,1.011810e-121
15.7620,1.140433e-121
15.7640,1.285717e-121
15.7660,1.449856e-121
15.7680,1.635340e-121
15.7700,1.844995e-121
15.7720,2.082025e-121
15.7740,2.350066e-121
15.7760,2.653244e-121
15.7780,2.996244e-121
15.7800,3.384387e-121
15.7820,3.823712e-121
15.7840,4.321085e-121
15.7860,4.884301e-121
15.7880,5.522223e-121
15.7900,6.244923e-121
15.7920,7.063854e-121
15.7940,7.992040e-121
15.7960,9.044292e-121
15.7980,1.023746e-120
15.8000,1.159073e-120
15.8020,1.312591e-120
15.8040,1.486787e-120
15.8060,1.684487e-120
15.8080,1.908915e-120
15.8100,2.163739e-120
15.8120,2.453142e-120
15.8140,2.781888e-120
15.8160,3.155408e-120
15.8180,3.579895e-120
15.8200,4.062407e-120
15.8220,4.610999e-120
15.8240,5.234855e-120
15.8260,5.944457e-120
15.8280,6.751767e-120
15.8300,7.670439e-120
15.8320,8.716060e-120
15.8340,9.906433e-120
15.8360,1.126189e-119
15.8380,1.280566e-119
15.8400,1.456427e-119
15.8420,1.656808e-119
15.8440,1.885174e-119
15.8460,2.145490e-119
15.8480,2.442289e-119
15.8500,2.780758e-119
15.8520,3.166827e-119
15.8540,3.607285e-119
15.8560,4.109901e-119
15.8580,4.683568e-119
15.8600,5.338467e-119
15.8620,6.086259e-119
15.8640,6.940299e-119
15.8660,7.915887e-119
15.8680,9.030556e-119
15.8700,1.030440e-118
15.8720,1.176045e-118
15.8740,1.342511e-118
15.8760,1.532868e-118
15.8780,1.750587e-118
15.8800,1.999655e-118
15.8820,2.284642e-118
15.8840,2.610798e-118
15.8860,2.984144e-118
15.8880,3.411597e-118
15.8900,3.901098e-118
15.8920,4.461766e-118
15.8940,5.104080e-118
15.8960,5.840078e-118
15.8980,6.683594e-118
15.9000,7.650531e-118
15.9020,8.759170e-118
15.9040,1.003053e-117
15.9060,1.148879e-117
15.9080,1.316176e-117
15.9100,1.508143e-117
15.9120,1.728462e-117
15.9140,1.981371e-117
15.9160,2.271748e-117
15.9180,2.605209e-117
15.9200,2.988223e-117
15.9220,3.428239e-117
15.9240,3.933839e-117
15.9260,4.514913e-117
15.9280,5.182858e-117
15.9300,5.950809e-117
15.9320,6.833912e-117
15.9340,7.849630e-117
15.9360,9.018103e-117
15.9380,1.036256e-116
15.9400,1.190981e-116
15.9420,1.369078e-116
15.9440,1.574116e-116
15.9460,1.810217e-116
15.9480,2.082137e-116
15.9500,2.395371e-116
15.9520,2.756262e-116
15.9540,3.172142e-116
15.9560,3.651479e-116
15.9580,4.204060e-116
15.9600,4.841194e-116
15.9620,5.575959e-116
15.9640,6.423471e-116
15.9660,7.401214e-116
15.9680,8.529408e-116
15.9700,9.831445e-116
15.9720,1.133439e-115
15.9740,1.306956e-115
15.9760,1.507321e-115
15.9780,1.738731e-115
15.9800,2.006043e-115
15.9820,2.314885e-115
15.9840,2.671774e-115
15.9860,3.084258e-115
15.9880,3.561085e-115
15.9900,4.112390e-115
15.9920,4.749922e-115
15.9940,5.487299e-115
15.9960,6.340309e-115
15.9980,7.327263e-115
16.0000,8.469396e-115
16.0020,9.791340e-115
16.0040,1.132168e-114
16.0060,1.309357e-114
16.0080,1.514550e-114
16.0100,1.752216e-114
16.0120,2.027540e-114
16.0140,2.346546e-114
16.0160,2.716228e-114
16.0180,3.144712e-114
16.0200,3.641435e-114
16.0220,4.217365e-114
16.0240,4.885247e-114
16.0260,5.659894e-114
16.0280,6.558528e-114
16.0300,7.601171e-114
16.0320,8.811106e-114
16.0340,1.021541e-113
16.0360,1.184560e-113
16.0380,1.373830e-113
16.0400,1.593618e-113
16.0420,1.848886e-113
16.0440,2.145411e-113
16.0460,2.489919e-113
16.0480,2.890240e-113
16.0500,3.355495e-113
16.0520,3.896305e-113
16.0540,4.525044e-113
16.0560,5.256127e-113
16.0580,6.106352e-113
16.0600,7.095299e-113
16.0620,8.245787e-113
16.0640,9.584421e-113
16.0660,1.114222e-112
16.0680,1.295537e-112
16.0700,1.506605e-112
16.0720,1.752348e-112
16.0740,2.038509e-112
16.0760,2.371789e-112
16.0780,2.760008e-112
16.0800,3.212294e-112
16.0820,3.739302e-112
16.0840,4.353475e-112
16.0860,5.069342e-112
16.0880,5.903871e-112
16.0900,6.876883e-112
16.0920,8.011535e-112
16.0940,9.334886e-112
16.0960,1.087855e-111
16.0980,1.267950e-111
16.1000,1.478091e-111
16.1020,1.723331e-111
16.1040,2.009576e-111
16.1060,2.343731e-111
16.1080,2.733875e-111
16.1100,3.189460e-111
16.1120,3.721540e-111
16.1140,4.343053e-111
16.1160,5.069141e-111
16.1180,5.917525e-111
16.1200,6.908951e-111
16.1220,8.067709e-111
16.1240,9.422241e-111
16.1260,1.100586e-110
16.1280,1.285757e-110
16.1300,1.502309e-110
16.1320,1.755596e-110
16.1340,2.051893e-110
16.1360,2.398553e-110
16.1380,2.804196e-110
16.1400,3.278925e-110
16.1420,3.834587e-110
16.1440,4.485072e-110
16.1460,5.246670e-110
16.1480,6.138486e-110
16.1500,7.182935e-110
16.1520,8.406311e-110
16.1540,9.839466e-110
16.1560,1.151861e-109
16.1580,1.348624e-109
16.1600,1.579223e-109
16.1620,1.849516e-109
16.1640,2.166377e-109
16.1660,2.537882e-109
16.1680,2.973514e-109
16.1700,3.484411e-109
16.1720,4.083659e-109
16.1740,4.786633e-109
16.1760,5.611396e-109
16.1780,6.579181e-109
16.1800,7.714941e-109
16.1820,9.048007e-109
16.1840,1.061287e-108
16.1860,1.245007e-108
16.1880,1.460729e-108
16.1900,1.714061e-108
16.1920,2.011599e-108
16.1940,2.361104e-108
16.1960,2.771704e-108
16.1980,3.254141e-108
16.2000,3.821058e-108
16.2020,4.487334e-108
16.2040,5.270483e-108
16.2060,6.191124e-108
16.2080,7.273532e-108
16.2100,8.546295e-108
16.2120,1.004308e-107
16.2140,1.180353e-107
16.2160,1.387436e-107
16.2180,1.631060e-107
16.2200,1.917707e-107
16.2220,2.255018e-107
16.2240,2.651996e-107
16.2260,3.119253e-107
16.2280,3.669299e-107
16.2300,4.316881e-107
16.2320,5.079387e-107
16.2340,5.977321e-107
16.2360,7.034865e-107
16.2380,8.280537e-107
16.2400,9.747982e-107
16.2420,1.147689e-106
16.2440,1.351408e-106
16.2460,1.591482e-106
16.2480,1.874431e-106
16.2500,2.207951e-106
16.2520,2.601128e-106
16.2540,3.064686e-106
16.2560,3.611286e-106
16.2580,4.255879e-106
16.2600,5.016121e-106
16.2620,5.912863e-106
16.2640,6.970734e-106
16.2660,8.218827e-106
16.2680,9.691514e-106
16.2700,1.142941e-105
16.2720,1.348049e-105
16.2740,1.590148e-105
16.2760,1.875941e-105
16.2780,2.213349e-105
16.2800,2.611741e-105
16.2820,3.082188e-105
16.2840,3.637784e-105
16.2860,4.294012e-105
16.2880,5.069183e-105
16.2900,5.984954e-105
16.2920,7.066943e-105
16.2940,8.345456e-105
16.2960,9.856348e-105
16.2980,1.164205e-104
16.3000,1.375275e-104
16.3020,1.624789e-104
16.3040,1.919777e-104
16.3060,2.268565e-104
16.3080,2.681006e-104
16.3100,3.168767e-104
16.3120,3.745664e-104
16.3140,4.428054e-104
16.3160,5.235310e-104
16.3180,6.190376e-104
16.3200,7.320432e-104
16.3220,8.657673e-104
16.3240,1.024024e-103
16.3260,1.211333e-103
16.3280,1.433049e-103
16.3300,1.695519e-103
16.3320,2.006263e-103
16.3340,2.374197e-103
16.3360,2.809886e-103
16.3380,3.325860e-103
16.3400,3.936970e-103
16.3420,4.660827e-103
16.3440,5.518313e-103
16.3460,6.534193e-103
16.3480,7.737838e-103
16.3500,9.164087e-103
16.3520,1.085427e-102
16.3540,1.285740e-102
16.3560,1.523166e-102
16.3580,1.804605e-102
16.3600,2.138248e-102
16.3620,2.533813e-102
16.3640,3.002835e-102
16.3660,3.559005e-102
16.3680,4.218575e-102
16.3700,5.000838e-102
16.3720,5.928699e-102
16.3740,7.029354e-102
16.3760,8.335096e-102
16.3780,9.884275e-102
16.3800,1.172243e-101
16.3820,1.390367e-101
16.3840,1.649223e-101
16.3860,1.956444e-101
16.3880,2.321099e-101
16.3900,2.753959e-101
16.3920,3.267826e-101
16.3940,3.877909e-101
16.3960,4.602286e-101
16.3980,5.462438e-101
16.4000,6.483898e-101
16.4020,7.697015e-101
16.4040,9.137868e-101
16.4060,1.084935e-100
16.4080,1.288244e-100
16.4100,1.529778e-100
16.4120,1.816747e-100
16.4140,2.157722e-100
16.4160,2.562901e-100
16.4180,3.044410e-100
16.4200,3.616672e-100
16.4220,4.296844e-100
16.4240,5.105337e-100
16.4260,6.066432e-100
16.4280,7.209020e-100
16.4300,8.567473e-100
16.4320,1.018270e-99
16.4340,1.210337e-99
16.4360,1.438741e-99
16.4380,1.710378e-99
16.4400,2.033454e-99
16.4420,2.417736e-99
16.4440,2.874854e-99
16.4460,3.418652e-99
16.4480,4.065612e-99
16.4500,4.835357e-99
16.4520,5.751257e-99
16.4540,6.841137e-99
16.4560,8.138135e-99
16.4580,9.681718e-99
16.4600,1.151889e-98
16.4620,1.370564e-98
16.4640,1.630867e-98
16.4660,1.940742e-98
16.4680,2.309654e-98
16.4700,2.748880e-98
16.4720,3.271855e-98
16.4740,3.894591e-98
16.4760,4.636163e-98
16.4780,5.519306e-98
16.4800,6.571114e-98
16.4820,7.823877e-98
16.4840,9.316085e-98
16.4860,1.109361e-97
16.4880,1.321115e-97
16.4900,1.573388e-97
16.4920,1.873952e-97
16.4940,2.232075e-97
16.4960,2.658803e-97
16.4980,3.167309e-97
16.5000,3.773301e-97
16.5020,4.495512e-97
16.5040,5.356280e-97
16.5060,6.382245e-97
16.5080,7.605184e-97
16.5100,9.062996e-97
16.5120,1.080089e-96
16.5140,1.287278e-96
16.5160,1.534302e-96
16.5180,1.828833e-96
16.5200,2.180029e-96
16.5220,2.598813e-96
16.5240,3.098220e-96
16.5260,3.693803e-96
16.5280,4.404122e-96
16.5300,5.251323e-96
16.5320,6.261838e-96
16.5340,7.467211e-96
16.5360,8.905089e-96
16.5380,1.062041e-95
16.5400,1.266680e-95
16.5420,1.510830e-95
16.5440,1.802133e-95
16.5460,2.149712e-95
16.5480,2.564459e-95
16.5500,3.059379e-95
16.5520,3.649998e-95
16.5540,4.354853e-95
16.5560,5.196079e-95
16.5580,6.200106e-95
16.5600,7.398498e-95
16.5620,8.828945e-95
16.5640,1.053646e-94
16.5660,1.257480e-94
16.5680,1.500816e-94
16.5700,1.791324e-94
16.5720,2.138162e-94
16.5740,2.552270e-94
16.5760,3.046718e-94
16.5780,3.637117e-94
16.5800,4.342114e-94
16.5820,5.183991e-94
16.5840,6.189362e-94
16.5860,7.390029e-94
16.5880,8.823985e-94
16.5900,1.053663e-93
16.5920,1.258219e-93
16.5940,1.502550e-93
16.5960,1.794399e-93
16.5980,2.143022e-93
16.6000,2.559479e-93
16.6020,3.056986e-93
16.6040,3.651340e-93
16.6060,4.361419e-93
16.6080,5.209785e-93
16.6100,6.223405e-93
16.6120,7.434513e-93
16.6140,8.881635e-93
16.6160,1.061082e-92
16.6180,1.267713e-92
16.6200,1.514635e-92
16.6220,1.809715e-92
16.6240,2.162358e-92
16.6260,2.583806e-92
16.6280,3.087499e-92
16.6300,3.689506e-92
16.6320,4.409038e-92
16.6340,5.269066e-92
16.6360,6.297053e-92
16.6380,7.525838e-92
16.6400,8.994684e-92
16.6420,1.075054e-91
16.6440,1.284955e-91
16.6460,1.535885e-91
16.6480,1.835871e-91
16.6500,2.194514e-91
16.6520,2.623294e-91
16.6540,3.135942e-91
16.6560,3.748876e-91
16.6580,4.481735e-91
16.6600,5.358003e-91
16.6620,6.405770e-91
16.6640,7.658631e-91
16.6660,9.156767e-91
16.6680,1.094824e-90
16.6700,1.309053e-90
16.6720,1.565240e-90
16.6740,1.871609e-90
16.6760,2.237997e-90
16.6780,2.676173e-90
16.6800,3.200212e-90
16.6820,3.826954e-90
16.6840,4.576541e-90
16.6860,5.473068e-90
16.6880,6.545362e-90
16.6900,7.827905e-90
16.6920,9.361951e-90
16.6940,1.119685e-89
16.6960,1.339165e-89
16.6980,1.601698e-89
16.7000,1.915735e-89
16.7020,2.291385e-89
16.7040,2.740746e-89
16.7060,3.278288e-89
16.7080,3.921327e-89
16.7100,4.690577e-89
16.7120,5.610825e-89
16.7140,6.711724e-89
16.7160,8.028757e-89
16.7180,9.604377e-89
16.7200,1.148938e-88
16.7220,1.374454e-88
16.7240,1.644258e-88
16.7260,1.967052e-88
16.7280,2.353247e-88
16.7300,2.815300e-88
16.7320,3.368118e-88
16.7340,4.029537e-88
16.7360,4.820901e-88
16.7380,5.767747e-88
16.7400,6.900633e-88
16.7420,8.256125e-88
16.7440,9.877977e-88
16.7460,1.181854e-87
16.7480,1.414048e-87
16.7500,1.691874e-87
16.7520,2.024304e-87
16.7540,2.422073e-87
16.7560,2.898023e-87
16.7580,3.467527e-87
16.7600,4.148976e-87
16.7620,4.964378e-87
16.7640,5.940070e-87
16.7660,7.107565e-87
16.7680,8.504573e-87
16.7700,1.017622e-86
16.7720,1.217650e-86
16.7740,1.457002e-86
16.7760,1.743411e-86
16.7780,2.086128e-86
16.7800,2.496224e-86
16.7820,2.986946e-86
16.7840,3.574146e-86
16.7860,4.276791e-86
16.7880,5.117579e-86
16.7900,6.123669e-86
16.7920,7.327557e-86
16.7940,8.768130e-86
16.7960,1.049192e-85
16.7980,1.255459e-85
16.8000,1.502277e-85
16.8020,1.797617e-85
16.8040,2.151017e-85
16.8060,2.573888e-85
16.8080,3.079886e-85
16.8100,3.685348e-85
16.8120,4.409823e-85
16.8140,5.276700e-85
16.8160,6.313964e-85
16.8180,7.555099e-85
16.8200,9.040164e-85
16.8220,1.081709e-84
16.8240,1.294322e-84
16.8260,1.548717e-84
16.8280,1.853101e-84
16.8300,2.217296e-84
16.8320,2.653049e-84
16.8340,3.174416e-84
16.8360,3.798213e-84
16.8380,4.544557e-84
16.8400,5.437512e-84
16.8420,6.505870e-84
16.8440,7.784069e-84
16.8460,9.313311e-84
16.8480,1.114288e-83
16.8500,1.333173e-83
16.8520,1.595038e-83
16.8540,1.908320e-83
16.8560,2.283108e-83
16.8580,2.731474e-83
16.8600,3.267853e-83
16.8620,3.909514e-83
16.8640,4.677111e-83
16.8660,5.595348e-83
16.8680,6.693771e-83
16.8700,8.007719e-83
16.8720,9.579455e-83
16.8740,1.145953e-82
16.8760,1.370838e-82
16.8780,1.639832e-82
16.8800,1.961580e-82
16.8820,2.346421e-82
16.8840,2.806719e-82
16.8860,3.357259e-82
16.8880,4.015721e-82
16.8900,4.803248e-82
16.8920,5.745117e-82
16.8940,6.871557e-82
16.8960,8.218709e-82
16.8980,9.829787e-82
16.9000,1.175646e-81
16.9020,1.406050e-81
16.9040,1.681576e-81
16.9060,2.011053e-81
16.9080,2.405039e-81
16.9100,2.876151e-81
16.9120,3.439477e-81
16.9140,4.113049e-81
16.9160,4.918425e-81
16.9180,5.881374e-81
16.9200,7.032697e-81
16.9220,8.409212e-81
16.9240,1.005492e-80
16.9260,1.202243e-80
16.9280,1.437459e-80
16.9300,1.718654e-80
16.9320,2.054806e-80
16.9340,2.456647e-80
16.9360,2.936998e-80
16.9380,3.511186e-80
16.9400,4.197521e-80
16.9420,5.017885e-80
16.9440,5.998424e-80
16.9460,7.170379e-80
16.9480,8.571077e-80
16.9500,1.024512e-79
16.9520,1.224578e-79
16.9540,1.463673e-79
16.9560,1.749400e-79
16.9580,2.090846e-79
16.9600,2.498863e-79
16.9620,2.986415e-79
16.9640,3.568988e-79
16.9660,4.265079e-79
16.9680,5.096781e-79
16.9700,6.090482e-79
16.9720,7.277697e-79
16.9740,8.696064e-79
16.9760,1.039053e-78
16.9780,1.241479e-78
16.9800,1.483292e-78
16.9820,1.772148e-78
16.9840,2.117186e-78
16.9860,2.529320e-78
16.9880,3.021580e-78
16.9900,3.609522e-78
16.9920,4.311720e-78
16.9940,5.150348e-78
16.9960,6.151874e-78
16.9980,7.347899e-78
17.0000,8.776140e-78
17.0020,1.048162e-77
17.0040,1.251808e-77
17.0060,1.494966e-77
17.0080,1.785291e-77
17.0100,2.131919e-77
17.0120,2.545753e-77
17.0140,3.039804e-77
17.0160,3.629597e-77
17.0180,4.333658e-77
17.0200,5.174093e-77
17.0220,6.177276e-77
17.0240,7.374673e-77
17.0260,8.803826e-77
17.0280,1.050952e-76
17.0300,1.254518e-76
17.0320,1.497454e-76
17.0340,1.787362e-76
17.0360,2.133309e-76
17.0380,2.546109e-76
17.0400,3.038661e-76
17.0420,3.626347e-76
17.0440,4.327510e-76
17.0460,5.164027e-76
17.0480,6.161980e-76
17.0500,7.352472e-76
17.0520,8.772586e-76
17.0540,1.046654e-75
17.0560,1.248703e-75
17.0580,1.489691e-75
17.0600,1.777108e-75
17.0620,2.119884e-75
17.0640,2.528661e-75
17.0660,3.016126e-75
17.0680,3.597397e-75
17.0700,4.290495e-75
17.0720,5.116892e-75
17.0740,6.102177e-75
17.0760,7.276844e-75
17.0780,8.677223e-75
17.0800,1.034660e-74
17.0820,1.233656e-74
17.0840,1.470854e-74
17.0860,1.753574e-74
17.0880,2.090534e-74
17.0900,2.492122e-74
17.0920,2.970707e-74
17.0940,3.541024e-74
17.0960,4.220621e-74
17.0980,5.030394e-74
17.1000,5.995229e-74
17.1020,7.144758e-74
17.1040,8.514264e-74
17.1060,1.014576e-73
17.1080,1.208925e-73
17.1100,1.440429e-73
17.1120,1.716175e-73
17.1140,2.044601e-73
17.1160,2.435750e-73
17.1180,2.901575e-73
17.1200,3.456303e-73
17.1220,4.116864e-73
17.1240,4.903406e-73
17.1260,5.839904e-73
17.1280,6.954885e-73
17.1300,8.282290e-73
17.1320,9.862502e-73
17.1340,1.174356e-72
17.1360,1.398261e-72
17.1380,1.664764e-72
17.1400,1.981950e-72
17.1420,2.359436e-72
17.1440,2.808660e-72
17.1460,3.343224e-72
17.1480,3.979302e-72
17.1500,4.736128e-72
17.1520,5.636571e-72
17.1540,6.707818e-72
17.1560,7.982194e-72
17.1580,9.498126e-72
17.1600,1.130129e-71
17.1620,1.344598e-71
17.1640,1.599673e-71
17.1660,1.903023e-71
17.1680,2.263763e-71
17.1700,2.692723e-71
17.1720,3.202773e-71
17.1740,3.809206e-71
17.1760,4.530188e-71
17.1780,5.387303e-71
17.1800,6.406192e-71
17.1820,7.617311e-71
17.1840,9.056836e-71
17.1860,1.076773e-70
17.1880,1.280103e-70
17.1900,1.521733e-70
17.1920,1.808859e-70
17.1940,2.150024e-70
17.1960,2.555373e-70
17.1980,3.036950e-70
17.2000,3.609053e-70
17.2020,4.288653e-70
17.2040,5.095896e-70
17.2060,6.054692e-70
17.2080,7.193418e-70
17.2100,8.545750e-70
17.2120,1.015165e-69
17.2140,1.205853e-69
17.2160,1.432266e-69
17.2180,1.701077e-69
17.2200,2.020205e-69
17.2220,2.399043e-69
17.2240,2.848730e-69
17.2260,3.382481e-69
17.2280,4.015968e-69
17.2300,4.767773e-69
17.2320,5.659933e-69
17.2340,6.718579e-69
17.2360,7.974690e-69
17.2380,9.464993e-69
17.2400,1.123303e-68
17.2420,1.333040e-68
17.2440,1.581829e-68
17.2460,1.876919e-68
17.2480,2.226901e-68
17.2500,2.641959e-68
17.2520,3.134155e-68
17.2540,3.717784e-68
17.2560,4.409782e-68
17.2580,5.230210e-68
17.2600,6.202832e-68
17.2620,7.355800e-68
17.2640,8.722450e-68
17.2660,1.034227e-67
17.2680,1.226201e-67
17.2700,1.453704e-67
17.2720,1.723291e-67
17.2740,2.042723e-67
17.2760,2.421188e-67
17.2780,2.869562e-67
17.2800,3.400719e-67
17.2820,4.029894e-67
17.2840,4.775120e-67
17.2860,5.657735e-67
17.2880,6.702989e-67
17.2900,7.940756e-67
17.2920,9.406381e-67
17.2940,1.114168e-66
17.2960,1.319610e-66
17.2980,1.562816e-66
17.3000,1.850704e-66
17.3020,2.191457e-66
17.3040,2.594751e-66
17.3060,3.072027e-66
17.3080,3.636813e-66
17.3100,4.305102e-66
17.3120,5.095799e-66
17.3140,6.031251e-66
17.3160,7.137871e-66
17.3180,8.446875e-66
17.3200,9.995152e-66
17.3220,1.182629e-65
17.3240,1.399180e-65
17.3260,1.655253e-65
17.3280,1.958037e-65
17.3300,2.316022e-65
17.3320,2.739240e-65
17.3340,3.239535e-65
17.3360,3.830898e-65
17.3380,4.529848e-65
17.3400,5.355891e-65
17.3420,6.332056e-65
17.3440,7.485531e-65
17.3460,8.848411e-65
17.3480,1.045858e-64
17.3500,1.236074e-64
17.3520,1.460767e-64
17.3540,1.726163e-64
17.3560,2.039609e-64
17.3580,2.409774e-64
17.3600,2.846884e-64
17.3620,3.363004e-64
17.3640,3.972362e-64
17.3660,4.691743e-64
17.3680,5.540938e-64
17.3700,6.543289e-64
17.3720,7.726317e-64
17.3740,9.122470e-64
17.3760,1.077000e-63
17.3780,1.271401e-63
17.3800,1.500764e-63
17.3820,1.771354e-63
17.3840,2.090555e-63
17.3860,2.467065e-63
17.3880,2.911137e-63
17.3900,3.434848e-63
17.3920,4.052425e-63
17.3940,4.780631e-63
17.3960,5.639206e-63
17.3980,6.651401e-63
17.4000,7.844598e-63
17.4020,9.251040e-63
17.4040,1.090869e-62
17.4060,1.286225e-62
17.4080,1.516432e-62
17.4100,1.787686e-62
17.4120,2.107275e-62
17.4140,2.483780e-62
17.4160,2.927296e-62
17.4180,3.449704e-62
17.4200,4.064982e-62
17.4220,4.789573e-62
17.4240,5.642822e-62
17.4260,6.647482e-62
17.4280,7.830316e-62
17.4300,9.222793e-62
17.4320,1.086192e-61
17.4340,1.279122e-61
17.4360,1.506184e-61
17.4380,1.773393e-61
17.4400,2.087818e-61
17.4420,2.457768e-61
17.4440,2.893009e-61
17.4460,3.405015e-61
17.4480,4.007272e-61
17.4500,4.715621e-61
17.4520,5.548675e-61
17.4540,6.528295e-61
17.4560,7.680163e-61
17.4580,9.034436e-61
17.4600,1.062653e-60
17.4620,1.249804e-60
17.4640,1.469780e-60
17.4660,1.728312e-60
17.4680,2.032131e-60
17.4700,2.389136e-60
17.4720,2.808598e-60
17.4740,3.301395e-60
17.4760,3.880296e-60
17.4780,4.560280e-60
17.4800,5.358920e-60
17.4820,6.296833e-60
17.4840,7.398200e-60
17.4860,8.691384e-60
17.4880,1.020965e-59
17.4900,1.199199e-59
17.4920,1.408415e-59
17.4940,1.653973e-59
17.4960,1.942160e-59
17.4980,2.280343e-59
17.5000,2.677156e-59
17.5020,3.142718e-59
17.5040,3.688890e-59
17.5060,4.329563e-59
17.5080,5.081016e-59
17.5100,5.962319e-59
17.5120,6.995808e-59
17.5140,8.207644e-59
17.5160,9.628463e-59
17.5180,1.129414e-58
17.5200,1.324669e-58
17.5220,1.553527e-58
17.5240,1.821747e-58
17.5260,2.136067e-58
17.5280,2.504374e-58
17.5300,2.935897e-58
17.5320,3.441436e-58
17.5340,4.033628e-58
17.5360,4.727257e-58
17.5380,5.539616e-58
17.5400,6.490934e-58
17.5420,7.604868e-58
17.5440,8.909085e-58
17.5460,1.043593e-57
17.5480,1.222324e-57
17.5500,1.431522e-57
17.5520,1.676357e-57
17.5540,1.962870e-57
17.5560,2.298121e-57
17.5580,2.690363e-57
17.5600,3.149236e-57
17.5620,3.686004e-57
17.5640,4.313826e-57
17.5660,5.048074e-57
17.5680,5.906700e-57
17.5700,6.910669e-57
17.5720,8.084466e-57
17.5740,9.456677e-57
17.5760,1.106067e-56
17.5780,1.293542e-56
17.5800,1.512638e-56
17.5820,1.768664e-56
17.5840,2.067813e-56
17.5860,2.417312e-56
17.5880,2.825593e-56
17.5900,3.302494e-56
17.5920,3.859489e-56
17.5940,4.509961e-56
17.5960,5.269521e-56
17.5980,6.156369e-56
17.6000,7.191729e-56
17.6020,8.400343e-56
17.6040,9.811056e-56
17.6060,1.145749e-55
17.6080,1.337883e-55
17.6100,1.562073e-55
17.6120,1.823642e-55
17.6140,2.128788e-55
17.6160,2.484735e-55
17.6180,2.899894e-55
17.6200,3.384066e-55
17.6220,3.948663e-55
17.6240,4.606973e-55
17.6260,5.374470e-55
17.6280,6.269168e-55
17.6300,7.312038e-55
17.6320,8.527489e-55
17.6340,9.943929e-55
17.6360,1.159442e-54
17.6380,1.351743e-54
17.6400,1.575770e-54
17.6420,1.836732e-54
17.6440,2.140684e-54
17.6460,2.494670e-54
17.6480,2.906882e-54
17.6500,3.386846e-54
17.6520,3.945637e-54
17.6540,4.596131e-54
17.6560,5.353295e-54
17.6580,6.234526e-54
17.6600,7.260042e-54
17.6620,8.453338e-54
17.6640,9.841712e-54
17.6660,1.145688e-53
17.6680,1.333568e-53
17.6700,1.552092e-53
17.6720,1.806228e-53
17.6740,2.101749e-53
17.6760,2.445356e-53
17.6780,2.844830e-53
17.6800,3.309203e-53
17.6820,3.848961e-53
17.6840,4.476270e-53
17.6860,5.205253e-53
17.6880,6.052296e-53
17.6900,7.036410e-53
17.6920,8.179650e-53
17.6940,9.507599e-53
17.6960,1.104993e-52
17.6980,1.284105e-52
17.7000,1.492087e-52
17.7020,1.733565e-52
17.7040,2.013902e-52
17.7060,2.339315e-52
17.7080,2.717011e-52
17.7100,3.155341e-52
17.7120,3.663982e-52
17.7140,4.254146e-52
17.7160,4.938824e-52
17.7180,5.733062e-52
17.7200,6.654290e-52
17.7220,7.722692e-52
17.7240,8.961640e-52
17.7260,1.039820e-51
17.7280,1.206370e-51
17.7300,1.399441e-51
17.7320,1.623231e-51
17.7340,1.882598e-51
17.7360,2.183165e-51
17.7380,2.531437e-51
17.7400,2.934939e-51
17.7420,3.402378e-51
17.7440,3.943822e-51
17.7460,4.570919e-51
17.7480,5.297135e-51
17.7500,6.138042e-51
17.7520,7.111641e-51
17.7540,8.238744e-51
17.7560,9.543405e-51
17.7580,1.105342e-50
17.7600,1.280092e-50
17.7620,1.482303e-50
17.7640,1.716261e-50
17.7660,1.986922e-50
17.7680,2.300007e-50
17.7700,2.662124e-50
17.7720,3.080905e-50
17.7740,3.565161e-50
17.7760,4.125063e-50
17.7780,4.772356e-50
17.7800,5.520592e-50
17.7820,6.385415e-50
17.7840,7.384876e-50
17.7860,8.539801e-50
17.7880,9.874221e-50
17.7900,1.141585e-49
17.7920,1.319667e-49
17.7940,1.525354e-49
17.7960,1.762899e-49
17.7980,2.037203e-49
17.8000,2.353920e-49
17.8020,2.719563e-49
17.8040,3.141643e-49
17.8060,3.628813e-49
17.8080,4.191047e-49
17.8100,4.839836e-49
17.8120,5.588416e-49
17.8140,6.452036e-49
17.8160,7.448261e-49
17.8180,8.597316e-49
17.8200,9.922493e-49
17.8220,1.145061e-48
17.8240,1.321254e-48
17.8260,1.524381e-48
17.8280,1.758534e-48
17.8300,2.028419e-48
17.8320,2.339453e-48
17.8340,2.697867e-48
17.8360,3.110831e-48
17.8380,3.586591e-48
17.8400,4.134633e-48
17.8420,4.765863e-48
17.8440,5.492823e-48
17.8460,6.329933e-48
17.8480,7.293770e-48
17.8500,8.403388e-48
17.8520,9.680685e-48
17.8540,1.115083e-47
17.8560,1.284273e-47
17.8580,1.478962e-47
17.8600,1.702966e-47
17.8620,1.960668e-47
17.8640,2.257102e-47
17.8660,2.598051e-47
17.8680,2.990151e-47
17.8700,3.441024e-47
17.8720,3.959418e-47
17.8740,4.555373e-47
17.8760,5.240414e-47
17.8780,6.027764e-47
17.8800,6.932594e-47
17.8820,7.972311e-47
17.8840,9.166880e-47
17.8860,1.053920e-46
17.8880,1.211554e-46
17.8900,1.392600e-46
17.8920,1.600512e-46
17.8940,1.839248e-46
17.8960,2.113345e-46
17.8980,2.428002e-46
17.9000,2.789179e-46
17.9020,3.203703e-46
17.9040,3.679398e-46
17.9060,4.225226e-46
17.9080,4.851450e-46
17.9100,5.569828e-46
17.9120,6.393821e-46
17.9140,7.338843e-46
17.9160,8.422542e-46
17.9180,9.665119e-46
17.9200,1.108970e-45
17.9220,1.272273e-45
17.9240,1.459451e-45
17.9260,1.673967e-45
17.9280,1.919785e-45
17.9300,2.201439e-45
17.9320,2.524113e-45
17.9340,2.893738e-45
17.9360,3.317095e-45
17.9380,3.801935e-45
17.9400,4.357121e-45
17.9420,4.992783e-45
17.9440,5.720499e-45
17.9460,6.553498e-45
17.9480,7.506897e-45
17.9500,8.597968e-45
17.9520,9.846438e-45
17.9540,1.127484e-44
17.9560,1.290892e-44
17.9580,1.477805e-44
17.9600,1.691579e-44
17.9620,1.936045e-44
17.9640,2.215574e-44
17.9660,2.535159e-44
17.9680,2.900493e-44
17.9700,3.318076e-44
17.9720,3.795322e-44
17.9740,4.340689e-44
17.9760,4.963826e-44
17.9780,5.675735e-44
17.9800,6.488965e-44
17.9820,7.417822e-44
17.9840,8.478618e-44
17.9860,9.689947e-44
17.9880,1.107300e-43
17.9900,1.265194e-43
17.9920,1.445427e-43
17.9940,1.651137e-43
17.9960,1.885894e-43
17.9980,2.153770e-43
18.0000,2.459398e-43
18.0020,2.808056e-43
18.0040,3.205754e-43
18.0060,3.659335e-43
18.0080,4.176588e-43
18.0100,4.766378e-43
18.0120,5.438796e-43
18.0140,6.205324e-43
18.0160,7.079027e-43
18.0180,8.074768e-43
18.0200,9.209455e-43
18.0220,1.050232e-42
18.0240,1.197523e-42
18.0260,1.365305e-42
18.0280,1.556405e-42
18.0300,1.774039e-42
18.0320,2.021859e-42
18.0340,2.304018e-42
18.0360,2.625235e-42
18.0380,2.990871e-42
18.0400,3.407017e-42
18.0420,3.880594e-42
18.0440,4.419461e-42
18.0460,5.032544e-42
18.0480,5.729978e-42
18.0500,6.523273e-42
18.0520,7.425492e-42
18.0540,8.451467e-42
18.0560,9.618028e-42
18.0580,1.094428e-41
18.0600,1.245189e-41
18.0620,1.416545e-41
18.0640,1.611286e-41
18.0660,1.832576e-41
18.0680,2.084003e-41
18.0700,2.369636e-41
18.0720,2.694090e-41
18.0740,3.062594e-41
18.0760,3.481078e-41
18.0780,3.956263e-41
18.0800,4.495764e-41
18.0820,5.108210e-41
18.0840,5.803380e-41
18.0860,6.592349e-41
18.0880,7.487663e-41
18.0900,8.503532e-41
18.0920,9.656045e-41
18.0940,1.096342e-40
18.0960,1.244629e-40
18.0980,1.412799e-40
18.1000,1.603496e-40
18.1020,1.819710e-40
18.1040,2.064826e-40
18.1060,2.342672e-40
18.1080,2.657581e-40
18.1100,3.014451e-40
18.1120,3.418824e-40
18.1140,3.876967e-40
18.1160,4.395965e-40
18.1180,4.983830e-40
18.1200,5.649616e-40
18.1220,6.403560e-40
18.1240,7.257229e-40
18.1260,8.223694e-40
18.1280,9.317723e-40
18.1300,1.055600e-39
18.1320,1.195737e-39
18.1340,1.354313e-39
18.1360,1.533729e-39
18.1380,1.736702e-39
18.1400,1.966295e-39
18.1420,2.225967e-39
18.1440,2.519622e-39
18.1460,2.851668e-39
18.1480,3.227075e-39
18.1500,3.651455e-39
18.1520,4.131137e-39
18.1540,4.673259e-39
18.1560,5.285874e-39
18.1580,5.978062e-39
18.1600,6.760063e-39
18.1620,7.643421e-39
18.1640,8.641148e-39
18.1660,9.767913e-39
18.1680,1.104025e-38
18.1700,1.247678e-38
18.1720,1.409850e-38
18.1740,1.592905e-38
18.1760,1.799506e-38
18.1780,2.032655e-38
18.1800,2.295729e-38
18.1820,2.592532e-38
18.1840,2.927348e-38
18.1860,3.304998e-38
18.1880,3.730910e-38
18.1900,4.211191e-38
18.1920,4.752714e-38
18.1940,5.363213e-38
18.1960,6.051390e-38
18.1980,6.827030e-38
18.2000,7.701141e-38
18.2020,8.686104e-38
18.2040,9.795838e-38
18.2060,1.104599e-37
18.2080,1.245416e-37
18.2100,1.404013e-37
18.2120,1.582611e-37
18.2140,1.783708e-37
18.2160,2.010111e-37
18.2180,2.264973e-37
18.2200,2.551835e-37
18.2220,2.874676e-37
18.2240,3.237962e-37
18.2260,3.646710e-37
18.2280,4.106552e-37
18.2300,4.623810e-37
18.2320,5.205583e-37
18.2340,5.859835e-37
18.2360,6.595505e-37
18.2380,7.422622e-37
18.2400,8.352438e-37
18.2420,9.397576e-37
18.2440,1.057219e-36
18.2460,1.189217e-36
18.2480,1.337530e-36
18.2500,1.504155e-36
18.2520,1.691330e-36
18.2540,1.901564e-36
18.2560,2.137667e-36
18.2580,2.402790e-36
18.2600,2.700464e-36
18.2620,3.034642e-36
18.2640,3.409757e-36
18.2660,3.830768e-36
18.2680,4.303235e-36
18.2700,4.833380e-36
18.2720,5.428171e-36
18.2740,6.095408e-36
18.2760,6.843823e-36
18.2780,7.683188e-36
18.2800,8.624439e-36
18.2820,9.679813e-36
18.2840,1.086300e-35
18.2860,1.218932e-35
18.2880,1.367589e-35
18.2900,1.534188e-35
18.2920,1.720871e-35
18.2940,1.930034e-35
18.2960,2.164353e-35
18.2980,2.426824e-35
18.3000,2.720790e-35
18.3020,3.049991e-35
18.3040,3.418605e-35
18.3060,3.831299e-35
18.3080,4.293287e-35
18.3100,4.810394e-35
18.3120,5.389124e-35
18.3140,6.036741e-35
18.3160,6.761354e-35
18.3180,7.572019e-35
18.3200,8.478841e-35
18.3220,9.493102e-35
18.3240,1.062739e-34
18.3260,1.189576e-34
18.3280,1.331387e-34
18.3300,1.489921e-34
18.3320,1.667130e-34
18.3340,1.865187e-34
18.3360,2.086518e-34
18.3380,2.333827e-34
18.3400,2.610131e-34
18.3420,2.918790e-34
18.3440,3.263551e-34
18.3460,3.648588e-34
18.3480,4.078553e-34
18.3500,4.558631e-34
18.3520,5.094596e-34
18.3540,5.692881e-34
18.3560,6.360648e-34
18.3580,7.105876e-34
18.3600,7.937449e-34
18.3620,8.865256e-34
18.3640,9.900306e-34
18.3660,1.105485e-33
18.3680,1.234254e-33
18.3700,1.377853e-33
18.3720,1.537972e-33
18.3740,1.716490e-33
18.3760,1.915495e-33
18.3780,2.137312e-33
18.3800,2.384525e-33
18.3820,2.660008e-33
18.3840,2.966957e-33
18.3860,3.308923e-33
18.3880,3.689855e-33
18.3900,4.114140e-33
18.3920,4.586655e-33
18.3940,5.112817e-33
18.3960,5.698645e-33
18.3980,6.350826e-33
18.4000,7.076786e-33
18.4020,7.884772e-33
18.4040,8.783944e-33
18.4060,9.784467e-33
18.4080,1.089763e-32
18.4100,1.213597e-32
18.4120,1.351338e-32
18.4140,1.504530e-32
18.4160,1.674885e-32
18.4180,1.864304e-32
18.4200,2.074893e-32
18.4220,2.308989e-32
18.4240,2.569187e-32
18.4260,2.858360e-32
18.4280,3.179695e-32
18.4300,3.536727e-32
18.4320,3.933372e-32
18.4340,4.373972e-32
18.4360,4.863337e-32
18.4380,5.406801e-32
18.4400,6.010268e-32
18.4420,6.680282e-32
18.4440,7.424092e-32
18.4460,8.249725e-32
18.4480,9.166069e-32
18.4500,1.018297e-31
18.4520,1.131132e-31
18.4540,1.256319e-31
18.4560,1.395192e-31
18.4580,1.549229e-31
18.4600,1.720066e-31
18.4620,1.909512e-31
18.4640,2.119567e-31
18.4660,2.352446e-31
18.4680,2.610598e-31
18.4700,2.896730e-31
18.4720,3.213837e-31
18.4740,3.565230e-31
18.4760,3.954567e-31
18.4780,4.385894e-31
18.4800,4.863683e-31
18.4820,5.392873e-31
18.4840,5.978923e-31
18.4860,6.627865e-31
18.4880,7.346360e-31
18.4900,8.141768e-31
18.4920,9.022215e-31
18.4940,9.996675e-31
18.4960,1.107506e-30
18.4980,1.226830e-30
18.5000,1.358848e-30
18.5020,1.504891e-30
18.5040,1.666432e-30
18.5060,1.845093e-30
18.5080,2.042663e-30
18.5100,2.261120e-30
18.5120,2.502640e-30
18.5140,2.769628e-30
18.5160,3.064733e-30
18.5180,3.390876e-30
18.5200,3.751280e-30
18.5220,4.149495e-30
18.5240,4.589435e-30
18.5260,5.075414e-30
18.5280,5.612186e-30
18.5300,6.204987e-30
18.5320,6.859588e-30
18.5340,7.582345e-30
18.5360,8.380258e-30
18.5380,9.261037e-30
18.5400,1.023317e-29
18.5420,1.130601e-29
18.5440,1.248984e-29
18.5460,1.379598e-29
18.5480,1.523692e-29
18.5500,1.682635e-29
18.5520,1.857939e-29
18.5540,2.051263e-29
18.5560,2.264436e-29
18.5580,2.499465e-29
18.5600,2.758563e-29
18.5620,3.044158e-29
18.5640,3.358924e-29
18.5660,3.705799e-29
18.5680,4.088013e-29
18.5700,4.509115e-29
18.5720,4.973007e-29
18.5740,5.483978e-29
18.5760,6.046736e-29
18.5780,6.666458e-29
18.5800,7.348828e-29
18.5820,8.100091e-29
18.5840,8.927104e-29
18.5860,9.837396e-29
18.5880,1.083923e-28
18.5900,1.194170e-28
18.5920,1.315474e-28
18.5940,1.448931e-28
18.5960,1.595740e-28
18.5980,1.757217e-28
18.6000,1.934808e-28
18.6020,2.130096e-28
18.6040,2.344822e-28
18.6060,2.580890e-28
18.6080,2.840392e-28
18.6100,3.125621e-28
18.6120,3.439090e-28
18.6140,3.783554e-28
18.6160,4.162033e-28
18.6180,4.577838e-28
18.6200,5.034595e-28
18.6220,5.536280e-28
18.6240,6.087246e-28
18.6260,6.692263e-28
18.6280,7.356556e-28
18.6300,8.085846e-28
18.6320,8.886399e-28
18.6340,9.765076e-28
18.6360,1.072939e-27
18.6380,1.178755e-27
18.6400,1.294858e-27
18.6420,1.422230e-27
18.6440,1.561951e-27
18.6460,1.715199e-27
18.6480,1.883263e-27
18.6500,2.067556e-27
18.6520,2.269621e-27
18.6540,2.491145e-27
18.6560,2.733975e-27
18.6580,3.000127e-27
18.6600,3.291809e-27
18.6620,3.611432e-27
18.6640,3.961631e-27
18.6660,4.345286e-27
18.6680,4.765547e-27
18.6700,5.225850e-27
18.6720,5.729954e-27
18.6740,6.281961e-27
18.6760,6.886354e-27
18.6780,7.548027e-27
18.6800,8.272325e-27
18.6820,9.065084e-27
18.6840,9.932673e-27
18.6860,1.088205e-26
18.6880,1.192079e-26
18.6900,1.305719e-26
18.6920,1.430029e-26
18.6940,1.565994e-26
18.6960,1.714689e-26
18.6980,1.877289e-26
18.7000,2.055072e-26
18.7020,2.249435e-26
18.7040,2.461898e-26
18.7060,2.694122e-26
18.7080,2.947913e-26
18.7100,3.225244e-26
18.7120,3.528264e-26
18.7140,3.859313e-26
18.7160,4.220942e-26
18.7180,4.615932e-26
18.7200,5.047310e-26
18.7220,5.518374e-26
18.7240,6.032717e-26
18.7260,6.594250e-26
18.7280,7.207233e-26
18.7300,7.876304e-26
18.7320,8.606511e-26
18.7340,9.403349e-26
18.7360,1.027280e-25
18.7380,1.122137e-25
18.7400,1.225614e-25
18.7420,1.338482e-25
18.7440,1.461579e-25
18.7460,1.595817e-25
18.7480,1.742187e-25
18.7500,1.901767e-25
18.7520,2.075731e-25
18.7540,2.265353e-25
18.7560,2.472019e-25
18.7580,2.697235e-25
18.7600,2.942639e-25
18.7620,3.210010e-25
18.7640,3.501280e-25
18.7660,3.818552e-25
18.7680,4.164106e-25
18.7700,4.540421e-25
18.7720,4.950190e-25
18.7740,5.396335e-25
18.7760,5.882032e-25
18.7780,6.410727e-25
18.7800,6.986161e-25
18.7820,7.612396e-25
18.7840,8.293841e-25
18.7860,9.035279e-25
18.7880,9.841902e-25
18.7900,1.071934e-24
18.7920,1.167371e-24
18.7940,1.271162e-24
18.7960,1.384029e-24
18.7980,1.506749e-24
18.8000,1.640168e-24
18.8020,1.785203e-24
18.8040,1.942848e-24
18.8060,2.114179e-24
18.8080,2.300364e-24
18.8100,2.502668e-24
18.8120,2.722463e-24
18.8140,2.961233e-24
18.8160,3.220588e-24
18.8180,3.502272e-24
18.8200,3.808173e-24
18.8220,4.140335e-24
18.8240,4.500973e-24
18.8260,4.892485e-24
18.8280,5.317467e-24
18.8300,5.778730e-24
18.8320,6.279313e-24
18.8340,6.822511e-24
18.8360,7.411884e-24
18.8380,8.051287e-24
18.8400,8.744892e-24
18.8420,9.497208e-24
18.8440,1.031312e-23
18.8460,1.119789e-23
18.8480,1.215725e-23
18.8500,1.319735e-23
18.8520,1.432487e-23
18.8540,1.554703e-23
18.8560,1.687162e-23
18.8580,1.830707e-23
18.8600,1.986248e-23
18.8620,2.154769e-23
18.8640,2.337335e-23
18.8660,2.535093e-23
18.8680,2.749284e-23
18.8700,2.981250e-23
18.8720,3.232436e-23
18.8740,3.504405e-23
18.8760,3.798847e-23
18.8780,4.117582e-23
18.8800,4.462576e-23
18.8820,4.835954e-23
18.8840,5.240006e-23
18.8860,5.677204e-23
18.8880,6.150217e-23
18.8900,6.661921e-23
18.8920,7.215423e-23
18.8940,7.814072e-23
18.8960,8.461478e-23
18.8980,9.161539e-23
18.9000,9.918454e-23
18.9020,1.073675e-22
18.9040,1.162132e-22
18.9060,1.257741e-22
18.9080,1.361070e-22
18.9100,1.472731e-22
18.9120,1.593381e-22
18.9140,1.723732e-22
18.9160,1.864547e-22
18.9180,2.016650e-22
18.9200,2.180929e-22
18.9220,2.358340e-22
18.9240,2.549910e-22
18.9260,2.756748e-22
18.9280,2.980048e-22
18.9300,3.221093e-22
18.9320,3.481265e-22
18.9340,3.762053e-22
18.9360,4.065057e-22
18.9380,4.392001e-22
18.9400,4.744739e-22
18.9420,5.125264e-22
18.9440,5.535721e-22
18.9460,5.978419e-22
18.9480,6.455839e-22
18.9500,6.970649e-22
18.9520,7.525719e-22
18.9540,8.124134e-22
18.9560,8.769210e-22
18.9580,9.464511e-22
18.9600,1.021387e-21
18.9620,1.102140e-21
18.9640,1.189153e-21
18.9660,1.282901e-21
18.9680,1.383895e-21
18.9700,1.492684e-21
18.9720,1.609856e-21
18.9740,1.736044e-21
18.9760,1.871928e-21
18.9780,2.018238e-21
18.9800,2.175756e-21
18.9820,2.345324e-21
18.9840,2.527844e-21
18.9860,2.724286e-21
18.9880,2.935688e-21
18.9900,3.163166e-21
18.9920,3.407917e-21
18.9940,3.671225e-21
18.9960,3.954468e-21
18.9980,4.259122e-21
19.0000,4.586774e-21
19.0020,4.939120e-21
19.0040,5.317985e-21
19.0060,5.725320e-21
19.0080,6.163220e-21
19.0100,6.633929e-21
19.0120,7.139854e-21
19.0140,7.683571e-21
19.0160,8.267845e-21
19.0180,8.895634e-21
19.0200,9.570111e-21
19.0220,1.029467e-20
19.0240,1.107296e-20
19.0260,1.190886e-20
19.0280,1.280656e-20
19.0300,1.377052e-20
19.0320,1.480552e-20
19.0340,1.591670e-20
19.0360,1.710952e-20
19.0380,1.838987e-20
19.0400,1.976402e-20
19.0420,2.123868e-20
19.0440,2.282106e-20
19.0460,2.451885e-20
19.0480,2.634027e-20
19.0500,2.829413e-20
19.0520,3.038985e-20
19.0540,3.263749e-20
19.0560,3.504783e-20
19.0580,3.763237e-20
19.0600,4.040343e-20
19.0620,4.337417e-20
19.0640,4.655864e-20
19.0660,4.997188e-20
19.0680,5.362996e-20
19.0700,5.755003e-20
19.0720,6.175044e-20
19.0740,6.625078e-20
19.0760,7.107198e-20
19.0780,7.623639e-20
19.0800,8.176789e-20
19.0820,8.769198e-20
19.0840,9.403587e-20
19.0860,1.008286e-19
19.0880,1.081013e-19
19.0900,1.158870e-19
19.0920,1.242210e-19
19.0940,1.331412e-19
19.0960,1.426878e-19
19.0980,1.529036e-19
19.1000,1.638346e-19
19.1020,1.755297e-19
19.1040,1.880410e-19
19.1060,2.014242e-19
19.1080,2.157385e-19
19.1100,2.310472e-19
19.1120,2.474178e-19
19.1140,2.649223e-19
19.1160,2.836372e-19
19.1180,3.036443e-19
19.1200,3.250307e-19
19.1220,3.478892e-19
19.1240,3.723187e-19
19.1260,3.984246e-19
19.1280,4.263193e-19
19.1300,4.561222e-19
19.1320,4.879609e-19
19.1340,5.219710e-19
19.1360,5.582970e-19
19.1380,5.970929e-19
19.1400,6.385224e-19
19.1420,6.827601e-19
19.1440,7.299915e-19
19.1460,7.804145e-19
19.1480,8.342393e-19
19.1500,8.916898e-19
19.1520,9.530044e-19
19.1540,1.018436e-18
19.1560,1.088256e-18
19.1580,1.162749e-18
19.1600,1.242221e-18
19.1620,1.326998e-18
19.1640,1.417423e-18
19.1660,1.513864e-18
19.1680,1.616711e-18
19.1700,1.726380e-18
19.1720,1.843311e-18
19.1740,1.967973e-18
19.1760,2.100864e-18
19.1780,2.242514e-18
19.1800,2.393486e-18
19.1820,2.554377e-18
19.1840,2.725823e-18
19.1860,2.908499e-18
19.1880,3.103121e-18
19.1900,3.310451e-18
19.1920,3.531297e-18
19.1940,3.766518e-18
19.1960,4.017026e-18
19.1980,4.283788e-18
19.2000,4.567832e-18
19.2020,4.870249e-18
19.2040,5.192196e-18
19.2060,5.534901e-18
19.2080,5.899670e-18
19.2100,6.287884e-18
19.2120,6.701012e-18
19.2140,7.140611e-18
19.2160,7.608332e-18
19.2180,8.105928e-18
19.2200,8.635256e-18
19.2220,9.198286e-18
19.2240,9.797108e-18
19.2260,1.043394e-17
19.2280,1.111112e-17
19.2300,1.183115e-17
19.2320,1.259666e-17
19.2340,1.341045e-17
19.2360,1.427549e-17
19.2380,1.519491e-17
19.2400,1.617204e-17
19.2420,1.721040e-17
19.2440,1.831374e-17
19.2460,1.948600e-17
19.2480,2.073138e-17
19.2500,2.205430e-17
19.2520,2.345948e-17
19.2540,2.495188e-17
19.2560,2.653678e-17
19.2580,2.821973e-17
19.2600,3.000666e-17
19.2620,3.190380e-17
19.2640,3.391777e-17
19.2660,3.605556e-17
19.2680,3.832457e-17
19.2700,4.073264e-17
19.2720,4.328805e-17
19.2740,4.599957e-17
19.2760,4.887647e-17
19.2780,5.192855e-17
19.2800,5.516618e-17
19.2820,5.860033e-17
19.2840,6.224260e-17
19.2860,6.610523e-17
19.2880,7.020119e-17
19.2900,7.454417e-17
19.2920,7.914865e-17
19.2940,8.402992e-17
19.2960,8.920416e-17
19.2980,9.468845e-17
19.3000,1.005008e-16
19.3020,1.066604e-16
19.3040,1.131872e-16
19.3060,1.201027e-16
19.3080,1.274291e-16
19.3100,1.351904e-16
19.3120,1.434115e-16
19.3140,1.521189e-16
19.3160,1.613405e-16
19.3180,1.711058e-16
19.3200,1.814459e-16
19.3220,1.923937e-16
19.3240,2.039839e-16
19.3260,2.162529e-16
19.3280,2.292396e-16
19.3300,2.429844e-16
19.3320,2.575306e-16
19.3340,2.729232e-16
19.3360,2.892103e-16
19.3380,3.064421e-16
19.3400,3.246719e-16
19.3420,3.439558e-16
19.3440,3.643528e-16
19.3460,3.859254e-16
19.3480,4.087392e-16
19.3500,4.328634e-16
19.3520,4.583712e-16
19.3540,4.853395e-16
19.3560,5.138493e-16
19.3580,5.439862e-16
19.3600,5.758401e-16
19.3620,6.095059e-16
19.3640,6.450835e-16
19.3660,6.826782e-16
19.3680,7.224009e-16
19.3700,7.643683e-16
19.3720,8.087033e-16
19.3740,8.555354e-16
19.3760,9.050010e-16
19.3780,9.572434e-16
19.3800,1.012414e-15
19.3820,1.070671e-15
19.3840,1.132183e-15
19.3860,1.197126e-15
19.3880,1.265684e-15
19.3900,1.338053e-15
19.3920,1.414438e-15
19.3940,1.495055e-15
19.3960,1.580131e-15
19.3980,1.669904e-15
19.4000,1.764627e-15
19.4020,1.864563e-15
19.4040,1.969990e-15
19.4060,2.081200e-15
19.4080,2.198501e-15
19.4100,2.322214e-15
19.4120,2.452680e-15
19.4140,2.590256e-15
19.4160,2.735315e-15
19.4180,2.888253e-15
19.4200,3.049483e-15
19.4220,3.219440e-15
19.4240,3.398581e-15
19.4260,3.587388e-15
19.4280,3.786363e-15
19.4300,3.996037e-15
19.4320,4.216966e-15
19.4340,4.449735e-15
19.4360,4.694958e-15
19.4380,4.953278e-15
19.4400,5.225372e-15
19.4420,5.511951e-15
19.4440,5.813760e-15
19.4460,6.131582e-15
19.4480,6.466237e-15
19.4500,6.818588e-15
19.4520,7.189539e-15
19.4540,7.580039e-15
19.4560,7.991084e-15
19.4580,8.423719e-15
19.4600,8.879039e-15
19.4620,9.358194e-15
19.4640,9.862389e-15
19.4660,1.039289e-14
19.4680,1.095102e-14
19.4700,1.153817e-14
19.4720,1.215579e-14
19.4740,1.280543e-14
19.4760,1.348867e-14
19.4780,1.420720e-14
19.4800,1.496277e-14
19.4820,1.575723e-14
19.4840,1.659252e-14
19.4860,1.747065e-14
19.4880,1.839376e-14
19.4900,1.936406e-14
19.4920,2.038388e-14
19.4940,2.145565e-14
19.4960,2.258195e-14
19.4980,2.376544e-14
19.5000,2.500892e-14
19.5020,2.631533e-14
19.5040,2.768773e-14
19.5060,2.912936e-14
19.5080,3.064356e-14
19.5100,3.223388e-14
19.5120,3.390399e-14
19.5140,3.565777e-14
19.5160,3.749924e-14
19.5180,3.943264e-14
19.5200,4.146240e-14
19.5220,4.359313e-14
19.5240,4.582970e-14
19.5260,4.817715e-14
19.5280,5.064079e-14
19.5300,5.322617e-14
19.5320,5.593908e-14
19.5340,5.878558e-14
19.5360,6.177201e-14
19.5380,6.490500e-14
19.5400,6.819147e-14
19.5420,7.163868e-14
19.5440,7.525418e-14
19.5460,7.904590e-14
19.5480,8.302210e-14
19.5500,8.719144e-14
19.5520,9.156293e-14
19.5540,9.614603e-14
19.5560,1.009506e-13
19.5580,1.059869e-13
19.5600,1.112657e-13
19.5620,1.167983e-13
19.5640,1.225964e-13
19.5660,1.286723e-13
19.5680,1.350388e-13
19.5700,1.417091e-13
19.5720,1.486974e-13
19.5740,1.560182e-13
19.5760,1.636866e-13
19.5780,1.717186e-13
19.5800,1.801308e-13
19.5820,1.889404e-13
19.5840,1.981656e-13
19.5860,2.078251e-13
19.5880,2.179386e-13
19.5900,2.285266e-13
19.5920,2.396106e-13
19.5940,2.512129e-13
19.5960,2.633567e-13
19.5980,2.760663e-13
19.6000,2.893671e-13
19.6020,3.032856e-13
19.6040,3.178492e-13
19.6060,3.330866e-13
19.6080,3.490279e-13
19.6100,3.657043e-13
19.6120,3.831483e-13
19.6140,4.013938e-13
19.6160,4.204763e-13
19.6180,4.404325e-13
19.6200,4.613009e-13
19.6220,4.831216e-13
19.6240,5.059361e-13
19.6260,5.297880e-13
19.6280,5.547226e-13
19.6300,5.807870e-13
19.6320,6.080303e-13
19.6340,6.365037e-13
19.6360,6.662604e-13
19.6380,6.973561e-13
19.6400,7.298483e-13
19.6420,7.637974e-13
19.6440,7.992659e-13
19.6460,8.363191e-13
19.6480,8.750248e-13
19.6500,9.154538e-13
19.6520,9.576795e-13
19.6540,1.001778e-12
19.6560,1.047830e-12
19.6580,1.095918e-12
19.6600,1.146128e-12
19.6620,1.198550e-12
19.6640,1.253277e-12
19.6660,1.310406e-12
19.6680,1.370039e-12
19.6700,1.432279e-12
19.6720,1.497238e-12
19.6740,1.565028e-12
19.6760,1.635767e-12
19.6780,1.709579e-12
19.6800,1.786591e-12
19.6820,1.866935e-12
19.6840,1.950751e-12
19.6860,2.038181e-12
19.6880,2.129375e-12
19.6900,2.224487e-12
19.6920,2.323679e-12
19.6940,2.427119e-12
19.6960,2.534979e-12
19.6980,2.647442e-12
19.7000,2.764694e-12
19.7020,2.886931e-12
19.7040,3.014356e-12
19.7060,3.147178e-12
19.7080,3.285618e-12
19.7100,3.429900e-12
19.7120,3.580263e-12
19.7140,3.736949e-12
19.7160,3.900214e-12
19.7180,4.070322e-12
19.7200,4.247545e-12
19.7220,4.432170e-12
19.7240,4.624490e-12
19.7260,4.824813e-12
19.7280,5.033457e-12
19.7300,5.250751e-12
19.7320,5.477038e-12
19.7340,5.712673e-12
19.7360,5.958025e-12
19.7380,6.213477e-12
19.7400,6.479425e-12
19.7420,6.756281e-12
19.7440,7.044472e-12
19.7460,7.344441e-12
19.7480,7.656646e-12
19.7500,7.981565e-12
19.7520,8.319691e-12
19.7540,8.671535e-12
19.7560,9.037629e-12
19.7580,9.418523e-12
19.7600,9.814788e-12
19.7620,1.022701e-11
19.7640,1.065582e-11
19.7660,1.110183e-11
19.7680,1.156571e-11
19.7700,1.204814e-11
19.7720,1.254982e-11
19.7740,1.307150e-11
19.7760,1.361392e-11
19.7780,1.417788e-11
19.7800,1.476419e-11
19.7820,1.537369e-11
19.7840,1.600725e-11
19.7860,1.666579e-11
19.7880,1.735023e-11
19.7900,1.806155e-11
19.7920,1.880075e-11
19.7940,1.956887e-11
19.7960,2.036699e-11
19.7980,2.119622e-11
19.8000,2.205772e-11
19.8020,2.295268e-11
19.8040,2.388234e-11
19.8060,2.484797e-11
19.8080,2.585091e-11
19.8100,2.689251e-11
19.8120,2.797420e-11
19.8140,2.909745e-11
19.8160,3.026377e-11
19.8180,3.147473e-11
19.8200,3.273195e-11
19.8220,3.403712e-11
19.8240,3.539197e-11
19.8260,3.679829e-11
19.8280,3.825796e-11
19.8300,3.977287e-11
19.8320,4.134503e-11
19.8340,4.297649e-11
19.8360,4.466936e-11
19.8380,4.642584e-11
19.8400,4.824821e-11
19.8420,5.013881e-11
19.8440,5.210005e-11
19.8460,5.413445e-11
19.8480,5.624460e-11
19.8500,5.843316e-11
19.8520,6.070291e-11
19.8540,6.305669e-11
19.8560,6.549747e-11
19.8580,6.802828e-11
19.8600,7.065227e-11
19.8620,7.337270e-11
19.8640,7.619293e-11
19.8660,7.911642e-11
19.8680,8.214675e-11
19.8700,8.528764e-11
19.8720,8.854289e-11
19.8740,9.191644e-11
19.8760,9.541238e-11
19.8780,9.903491e-11
19.8800,1.027884e-10
19.8820,1.066772e-10
19.8840,1.107061e-10
19.8860,1.148798e-10
19.8880,1.192032e-10
19.8900,1.236814e-10
19.8920,1.283196e-10
19.8940,1.331233e-10
19.8960,1.380981e-10
19.8980,1.432496e-10
19.9000,1.485839e-10
19.9020,1.541071e-10
19.9040,1.598254e-10
19.9060,1.657455e-10
19.9080,1.718739e-10
19.9100,1.782178e-10
19.9120,1.847841e-10
19.9140,1.915804e-10
19.9160,1.986141e-10
19.9180,2.058932e-10
19.9200,2.134257e-10
19.9220,2.212199e-10
19.9240,2.292844e-10
19.9260,2.376281e-10
19.9280,2.462600e-10
19.9300,2.551897e-10
19.9320,2.644267e-10
19.9340,2.739811e-10
19.9360,2.838631e-10
19.9380,2.940834e-10
19.9400,3.046528e-10
19.9420,3.155825e-10
19.9440,3.268843e-10
19.9460,3.385700e-10
19.9480,3.506518e-10
19.9500,3.631426e-10
19.9520,3.760552e-10
19.9540,3.894031e-10
19.9560,4.032001e-10
19.9580,4.174606e-10
19.9600,4.321990e-10
19.9620,4.474305e-10
19.9640,4.631707e-10
19.9660,4.794355e-10
19.9680,4.962414e-10
19.9700,5.136053e-10
19.9720,5.315446e-10
19.9740,5.500773e-10
19.9760,5.692218e-10
19.9780,5.889972e-10
19.9800,6.094229e-10
19.9820,6.305191e-10
19.9840,6.523065e-10
19.9860,6.748063e-10
19.9880,6.980405e-10
19.9900,7.220315e-10
19.9920,7.468026e-10
19.9940,7.723775e-10
19.9960,7.987807e-10
19.9980,8.260374e-10
20.0000,8.541736e-10
