# Extraterrestrial solar spectral irradiance at 1 AU. Columns: wavelength in MICROMETRES,
# spectral irradiance in W m-2 um-1.
#
# STATUS: MODELLED, NOT MEASURED. This is a 5778 K Planck exitance normalised so that its
# integral over 0.3-20.0 um is the 1361 W m-2 solar constant -- the standard
# effective-temperature model of the sun, NOT the ASTM E-490 tabulated standard. Do not cite it
# as E-490. ADR 0064 records why (no network on the authoring machine; inventing digits under a
# standard's name is worse than a model that says what it is) and how to swap the real table in:
# drop an E-490 CSV here in the same two columns, and nothing else in the repository changes.
#
# Expected error: a few percent above ~0.7 um, which is where every band this simulator
# configures lives, and badly wrong in the ultraviolet -- this model puts 9.1 % of the
# constant below 0.4 um against a real ~8 %. irsim.radiometry.solar therefore REFUSES a spectral
# response reaching below 0.7 um rather than quietly integrating the wrong region.
#
# Model band fractions (recorded so that swapping in E-490 shows exactly what moved):
#   UV  0.30-0.40:   123.78 W m-2 ( 9.09 %)
#   VIS 0.40-0.70:   512.61 W m-2 (37.66 %)
#   NIR 0.75-1.00:   251.52 W m-2 (18.48 %)
#   SWIR 0.90-1.70:   354.59 W m-2 (26.05 %)
#   MWIR 3.0-5.0 :    22.47 W m-2 ( 1.65 %)
#   LWIR 7.5-13.5:     1.90 W m-2 ( 0.14 %)

# Generated by scripts/generate_solar_spectra.py on 2026-09-15 (roadmap M11.3).
wavelength_um,irradiance_w_m2_um
0.3000,8.512689e+02
0.3020,8.699958e+02
0.3040,8.886872e+02
0.3060,9.073336e+02
0.3080,9.259257e+02
0.3100,9.444544e+02
0.3120,9.629110e+02
0.3140,9.812867e+02
0.3160,9.995732e+02
0.3180,1.017762e+03
0.3200,1.035847e+03
0.3220,1.053818e+03
0.3240,1.071669e+03
0.3260,1.089392e+03
0.3280,1.106982e+03
0.3300,1.124430e+03
0.3320,1.141731e+03
0.3340,1.158878e+03
0.3360,1.175866e+03
0.3380,1.192689e+03
0.3400,1.209342e+03
0.3420,1.225819e+03
0.3440,1.242115e+03
0.3460,1.258226e+03
0.3480,1.274146e+03
0.3500,1.289873e+03
0.3520,1.305402e+03
0.3540,1.320729e+03
0.3560,1.335850e+03
0.3580,1.350763e+03
0.3600,1.365464e+03
0.3620,1.379949e+03
0.3640,1.394218e+03
0.3660,1.408266e+03
0.3680,1.422091e+03
0.3700,1.435692e+03
0.3720,1.449067e+03
0.3740,1.462213e+03
0.3760,1.475129e+03
0.3780,1.487814e+03
0.3800,1.500266e+03
0.3820,1.512485e+03
0.3840,1.524469e+03
0.3860,1.536218e+03
0.3880,1.547731e+03
0.3900,1.559007e+03
0.3920,1.570047e+03
0.3940,1.580849e+03
0.3960,1.591415e+03
0.3980,1.601744e+03
0.4000,1.611836e+03
0.4020,1.621692e+03
0.4040,1.631312e+03
0.4060,1.640696e+03
0.4080,1.649846e+03
0.4100,1.658761e+03
0.4120,1.667444e+03
0.4140,1.675894e+03
0.4160,1.684113e+03
0.4180,1.692102e+03
0.4200,1.699863e+03
0.4220,1.707395e+03
0.4240,1.714702e+03
0.4260,1.721784e+03
0.4280,1.728643e+03
0.4300,1.735280e+03
0.4320,1.741697e+03
0.4340,1.747895e+03
0.4360,1.753878e+03
0.4380,1.759645e+03
0.4400,1.765200e+03
0.4420,1.770544e+03
0.4440,1.775678e+03
0.4460,1.780606e+03
0.4480,1.785328e+03
0.4500,1.789848e+03
0.4520,1.794167e+03
0.4540,1.798287e+03
0.4560,1.802211e+03
0.4580,1.805940e+03
0.4600,1.809477e+03
0.4620,1.812825e+03
0.4640,1.815984e+03
0.4660,1.818958e+03
0.4680,1.821750e+03
0.4700,1.824360e+03
0.4720,1.826792e+03
0.4740,1.829048e+03
0.4760,1.831130e+03
0.4780,1.833040e+03
0.4800,1.834782e+03
0.4820,1.836356e+03
0.4840,1.837767e+03
0.4860,1.839015e+03
0.4880,1.840103e+03
0.4900,1.841035e+03
0.4920,1.841811e+03
0.4940,1.842435e+03
0.4960,1.842908e+03
0.4980,1.843234e+03
0.5000,1.843414e+03
0.5020,1.843451e+03
0.5040,1.843347e+03
0.5060,1.843104e+03
0.5080,1.842725e+03
0.5100,1.842212e+03
0.5120,1.841567e+03
0.5140,1.840793e+03
0.5160,1.839892e+03
0.5180,1.838865e+03
0.5200,1.837716e+03
0.5220,1.836447e+03
0.5240,1.835059e+03
0.5260,1.833554e+03
0.5280,1.831936e+03
0.5300,1.830206e+03
0.5320,1.828366e+03
0.5340,1.826418e+03
0.5360,1.824365e+03
0.5380,1.822209e+03
0.5400,1.819951e+03
0.5420,1.817593e+03
0.5440,1.815138e+03
0.5460,1.812588e+03
0.5480,1.809944e+03
0.5500,1.807209e+03
0.5520,1.804384e+03
0.5540,1.801472e+03
0.5560,1.798473e+03
0.5580,1.795391e+03
0.5600,1.792227e+03
0.5620,1.788982e+03
0.5640,1.785659e+03
0.5660,1.782259e+03
0.5680,1.778785e+03
0.5700,1.775237e+03
0.5720,1.771618e+03
0.5740,1.767929e+03
0.5760,1.764171e+03
0.5780,1.760348e+03
0.5800,1.756459e+03
0.5820,1.752507e+03
0.5840,1.748494e+03
0.5860,1.744421e+03
0.5880,1.740289e+03
0.5900,1.736100e+03
0.5920,1.731855e+03
0.5940,1.727556e+03
0.5960,1.723205e+03
0.5980,1.718803e+03
0.6000,1.714350e+03
0.6020,1.709850e+03
0.6040,1.705302e+03
0.6060,1.700709e+03
0.6080,1.696071e+03
0.6100,1.691391e+03
0.6120,1.686669e+03
0.6140,1.681906e+03
0.6160,1.677104e+03
0.6180,1.672264e+03
0.6200,1.667387e+03
0.6220,1.662475e+03
0.6240,1.657528e+03
0.6260,1.652548e+03
0.6280,1.647536e+03
0.6300,1.642493e+03
0.6320,1.637420e+03
0.6340,1.632318e+03
0.6360,1.627189e+03
0.6380,1.622033e+03
0.6400,1.616851e+03
0.6420,1.611644e+03
0.6440,1.606413e+03
0.6460,1.601160e+03
0.6480,1.595885e+03
0.6500,1.590589e+03
0.6520,1.585274e+03
0.6540,1.579939e+03
0.6560,1.574586e+03
0.6580,1.569216e+03
0.6600,1.563829e+03
0.6620,1.558427e+03
0.6640,1.553010e+03
0.6660,1.547579e+03
0.6680,1.542135e+03
0.6700,1.536678e+03
0.6720,1.531210e+03
0.6740,1.525731e+03
0.6760,1.520242e+03
0.6780,1.514744e+03
0.6800,1.509237e+03
0.6820,1.503722e+03
0.6840,1.498199e+03
0.6860,1.492670e+03
0.6880,1.487135e+03
0.6900,1.481595e+03
0.6920,1.476049e+03
0.6940,1.470500e+03
0.6960,1.464947e+03
0.6980,1.459392e+03
0.7000,1.453834e+03
0.7020,1.448274e+03
0.7040,1.442713e+03
0.7060,1.437151e+03
0.7080,1.431589e+03
0.7100,1.426027e+03
0.7120,1.420467e+03
0.7140,1.414907e+03
0.7160,1.409350e+03
0.7180,1.403795e+03
0.7200,1.398243e+03
0.7220,1.392694e+03
0.7240,1.387148e+03
0.7260,1.381607e+03
0.7280,1.376070e+03
0.7300,1.370539e+03
0.7320,1.365012e+03
0.7340,1.359492e+03
0.7360,1.353978e+03
0.7380,1.348470e+03
0.7400,1.342969e+03
0.7420,1.337475e+03
0.7440,1.331990e+03
0.7460,1.326512e+03
0.7480,1.321042e+03
0.7500,1.315581e+03
0.7520,1.310129e+03
0.7540,1.304686e+03
0.7560,1.299253e+03
0.7580,1.293830e+03
0.7600,1.288417e+03
0.7620,1.283014e+03
0.7640,1.277622e+03
0.7660,1.272242e+03
0.7680,1.266872e+03
0.7700,1.261514e+03
0.7720,1.256167e+03
0.7740,1.250833e+03
0.7760,1.245511e+03
0.7780,1.240201e+03
0.7800,1.234904e+03
0.7820,1.229620e+03
0.7840,1.224349e+03
0.7860,1.219092e+03
0.7880,1.213847e+03
0.7900,1.208617e+03
0.7920,1.203400e+03
0.7940,1.198198e+03
0.7960,1.193010e+03
0.7980,1.187836e+03
0.8000,1.182676e+03
0.8020,1.177532e+03
0.8040,1.172402e+03
0.8060,1.167288e+03
0.8080,1.162188e+03
0.8100,1.157104e+03
0.8120,1.152035e+03
0.8140,1.146982e+03
0.8160,1.141945e+03
0.8180,1.136923e+03
0.8200,1.131918e+03
0.8220,1.126928e+03
0.8240,1.121955e+03
0.8260,1.116998e+03
0.8280,1.112057e+03
0.8300,1.107133e+03
0.8320,1.102225e+03
0.8340,1.097334e+03
0.8360,1.092460e+03
0.8380,1.087602e+03
0.8400,1.082762e+03
0.8420,1.077938e+03
0.8440,1.073132e+03
0.8460,1.068342e+03
0.8480,1.063570e+03
0.8500,1.058815e+03
0.8520,1.054077e+03
0.8540,1.049357e+03
0.8560,1.044654e+03
0.8580,1.039969e+03
0.8600,1.035301e+03
0.8620,1.030650e+03
0.8640,1.026018e+03
0.8660,1.021402e+03
0.8680,1.016805e+03
0.8700,1.012225e+03
0.8720,1.007663e+03
0.8740,1.003119e+03
0.8760,9.985921e+02
0.8780,9.940834e+02
0.8800,9.895925e+02
0.8820,9.851194e+02
0.8840,9.806642e+02
0.8860,9.762268e+02
0.8880,9.718074e+02
0.8900,9.674058e+02
0.8920,9.630221e+02
0.8940,9.586564e+02
0.8960,9.543085e+02
0.8980,9.499786e+02
0.9000,9.456666e+02
0.9020,9.413725e+02
0.9040,9.370963e+02
0.9060,9.328380e+02
0.9080,9.285977e+02
0.9100,9.243752e+02
0.9120,9.201706e+02
0.9140,9.159838e+02
0.9160,9.118149e+02
0.9180,9.076639e+02
0.9200,9.035306e+02
0.9220,8.994152e+02
0.9240,8.953176e+02
0.9260,8.912377e+02
0.9280,8.871756e+02
0.9300,8.831312e+02
0.9320,8.791045e+02
0.9340,8.750954e+02
0.9360,8.711041e+02
0.9380,8.671303e+02
0.9400,8.631741e+02
0.9420,8.592355e+02
0.9440,8.553144e+02
0.9460,8.514108e+02
0.9480,8.475246e+02
0.9500,8.436559e+02
0.9520,8.398046e+02
0.9540,8.359706e+02
0.9560,8.321539e+02
0.9580,8.283545e+02
0.9600,8.245724e+02
0.9620,8.208074e+02
0.9640,8.170597e+02
0.9660,8.133290e+02
0.9680,8.096154e+02
0.9700,8.059188e+02
0.9720,8.022393e+02
0.9740,7.985766e+02
0.9760,7.949309e+02
0.9780,7.913020e+02
0.9800,7.876899e+02
0.9820,7.840946e+02
0.9840,7.805160e+02
0.9860,7.769541e+02
0.9880,7.734088e+02
0.9900,7.698800e+02
0.9920,7.663678e+02
0.9940,7.628720e+02
0.9960,7.593926e+02
0.9980,7.559296e+02
1.0000,7.524829e+02
1.0020,7.490525e+02
1.0040,7.456382e+02
1.0060,7.422401e+02
1.0080,7.388581e+02
1.0100,7.354922e+02
1.0120,7.321422e+02
1.0140,7.288082e+02
1.0160,7.254901e+02
1.0180,7.221878e+02
1.0200,7.189012e+02
1.0220,7.156304e+02
1.0240,7.123752e+02
1.0260,7.091356e+02
1.0280,7.059115e+02
1.0300,7.027030e+02
1.0320,6.995098e+02
1.0340,6.963321e+02
1.0360,6.931696e+02
1.0380,6.900224e+02
1.0400,6.868904e+02
1.0420,6.837735e+02
1.0440,6.806717e+02
1.0460,6.775850e+02
1.0480,6.745131e+02
1.0500,6.714562e+02
1.0520,6.684142e+02
1.0540,6.653869e+02
1.0560,6.623743e+02
1.0580,6.593764e+02
1.0600,6.563931e+02
1.0620,6.534243e+02
1.0640,6.504701e+02
1.0660,6.475302e+02
1.0680,6.446047e+02
1.0700,6.416936e+02
1.0720,6.387966e+02
1.0740,6.359139e+02
1.0760,6.330452e+02
1.0780,6.301907e+02
1.0800,6.273501e+02
1.0820,6.245235e+02
1.0840,6.217108e+02
1.0860,6.189118e+02
1.0880,6.161267e+02
1.0900,6.133552e+02
1.0920,6.105974e+02
1.0940,6.078532e+02
1.0960,6.051225e+02
1.0980,6.024053e+02
1.1000,5.997014e+02
1.1020,5.970109e+02
1.1040,5.943337e+02
1.1060,5.916697e+02
1.1080,5.890189e+02
1.1100,5.863811e+02
1.1120,5.837564e+02
1.1140,5.811447e+02
1.1160,5.785459e+02
1.1180,5.759600e+02
1.1200,5.733869e+02
1.1220,5.708265e+02
1.1240,5.682788e+02
1.1260,5.657438e+02
1.1280,5.632213e+02
1.1300,5.607113e+02
1.1320,5.582138e+02
1.1340,5.557286e+02
1.1360,5.532558e+02
1.1380,5.507953e+02
1.1400,5.483470e+02
1.1420,5.459108e+02
1.1440,5.434868e+02
1.1460,5.410747e+02
1.1480,5.386747e+02
1.1500,5.362866e+02
1.1520,5.339104e+02
1.1540,5.315460e+02
1.1560,5.291933e+02
1.1580,5.268523e+02
1.1600,5.245230e+02
1.1620,5.222053e+02
1.1640,5.198991e+02
1.1660,5.176043e+02
1.1680,5.153210e+02
1.1700,5.130491e+02
1.1720,5.107884e+02
1.1740,5.085390e+02
1.1760,5.063008e+02
1.1780,5.040737e+02
1.1800,5.018577e+02
1.1820,4.996528e+02
1.1840,4.974588e+02
1.1860,4.952757e+02
1.1880,4.931035e+02
1.1900,4.909421e+02
1.1920,4.887915e+02
1.1940,4.866516e+02
1.1960,4.845223e+02
1.1980,4.824036e+02
1.2000,4.802954e+02
1.2020,4.781978e+02
1.2040,4.761106e+02
1.2060,4.740337e+02
1.2080,4.719672e+02
1.2100,4.699110e+02
1.2120,4.678650e+02
1.2140,4.658292e+02
1.2160,4.638035e+02
1.2180,4.617878e+02
1.2200,4.597822e+02
1.2220,4.577866e+02
1.2240,4.558009e+02
1.2260,4.538250e+02
1.2280,4.518590e+02
1.2300,4.499027e+02
1.2320,4.479562e+02
1.2340,4.460193e+02
1.2360,4.440920e+02
1.2380,4.421743e+02
1.2400,4.402661e+02
1.2420,4.383674e+02
1.2440,4.364781e+02
1.2460,4.345982e+02
1.2480,4.327276e+02
1.2500,4.308663e+02
1.2520,4.290142e+02
1.2540,4.271713e+02
1.2560,4.253375e+02
1.2580,4.235129e+02
1.2600,4.216972e+02
1.2620,4.198905e+02
1.2640,4.180928e+02
1.2660,4.163040e+02
1.2680,4.145240e+02
1.2700,4.127529e+02
1.2720,4.109905e+02
1.2740,4.092368e+02
1.2760,4.074918e+02
1.2780,4.057554e+02
1.2800,4.040275e+02
1.2820,4.023083e+02
1.2840,4.005975e+02
1.2860,3.988951e+02
1.2880,3.972011e+02
1.2900,3.955156e+02
1.2920,3.938383e+02
1.2940,3.921692e+02
1.2960,3.905084e+02
1.2980,3.888558e+02
1.3000,3.872114e+02
1.3020,3.855750e+02
1.3040,3.839467e+02
1.3060,3.823263e+02
1.3080,3.807140e+02
1.3100,3.791096e+02
1.3120,3.775130e+02
1.3140,3.759243e+02
1.3160,3.743435e+02
1.3180,3.727703e+02
1.3200,3.712049e+02
1.3220,3.696472e+02
1.3240,3.680971e+02
1.3260,3.665546e+02
1.3280,3.650197e+02
1.3300,3.634922e+02
1.3320,3.619723e+02
1.3340,3.604598e+02
1.3360,3.589547e+02
1.3380,3.574570e+02
1.3400,3.559665e+02
1.3420,3.544834e+02
1.3440,3.530075e+02
1.3460,3.515388e+02
1.3480,3.500773e+02
1.3500,3.486229e+02
1.3520,3.471756e+02
1.3540,3.457354e+02
1.3560,3.443021e+02
1.3580,3.428759e+02
1.3600,3.414566e+02
1.3620,3.400442e+02
1.3640,3.386386e+02
1.3660,3.372399e+02
1.3680,3.358480e+02
1.3700,3.344629e+02
1.3720,3.330845e+02
1.3740,3.317127e+02
1.3760,3.303477e+02
1.3780,3.289892e+02
1.3800,3.276373e+02
1.3820,3.262920e+02
1.3840,3.249532e+02
1.3860,3.236208e+02
1.3880,3.222949e+02
1.3900,3.209755e+02
1.3920,3.196623e+02
1.3940,3.183556e+02
1.3960,3.170551e+02
1.3980,3.157609e+02
1.4000,3.144730e+02
1.4020,3.131912e+02
1.4040,3.119157e+02
1.4060,3.106462e+02
1.4080,3.093829e+02
1.4100,3.081257e+02
1.4120,3.068745e+02
1.4140,3.056293e+02
1.4160,3.043901e+02
1.4180,3.031569e+02
1.4200,3.019295e+02
1.4220,3.007081e+02
1.4240,2.994925e+02
1.4260,2.982827e+02
1.4280,2.970788e+02
1.4300,2.958805e+02
1.4320,2.946881e+02
1.4340,2.935013e+02
1.4360,2.923202e+02
1.4380,2.911447e+02
1.4400,2.899748e+02
1.4420,2.888106e+02
1.4440,2.876518e+02
1.4460,2.864986e+02
1.4480,2.853509e+02
1.4500,2.842087e+02
1.4520,2.830718e+02
1.4540,2.819404e+02
1.4560,2.808144e+02
1.4580,2.796937e+02
1.4600,2.785783e+02
1.4620,2.774683e+02
1.4640,2.763635e+02
1.4660,2.752639e+02
1.4680,2.741695e+02
1.4700,2.730803e+02
1.4720,2.719963e+02
1.4740,2.709174e+02
1.4760,2.698436e+02
1.4780,2.687748e+02
1.4800,2.677111e+02
1.4820,2.666525e+02
1.4840,2.655988e+02
1.4860,2.645501e+02
1.4880,2.635063e+02
1.4900,2.624674e+02
1.4920,2.614335e+02
1.4940,2.604043e+02
1.4960,2.593801e+02
1.4980,2.583606e+02
1.5000,2.573459e+02
1.5020,2.563360e+02
1.5040,2.553308e+02
1.5060,2.543303e+02
1.5080,2.533345e+02
1.5100,2.523434e+02
1.5120,2.513569e+02
1.5140,2.503750e+02
1.5160,2.493977e+02
1.5180,2.484249e+02
1.5200,2.474567e+02
1.5220,2.464930e+02
1.5240,2.455338e+02
1.5260,2.445791e+02
1.5280,2.436288e+02
1.5300,2.426829e+02
1.5320,2.417415e+02
1.5340,2.408044e+02
1.5360,2.398716e+02
1.5380,2.389432e+02
1.5400,2.380191e+02
1.5420,2.370993e+02
1.5440,2.361837e+02
1.5460,2.352724e+02
1.5480,2.343653e+02
1.5500,2.334623e+02
1.5520,2.325636e+02
1.5540,2.316690e+02
1.5560,2.307785e+02
1.5580,2.298922e+02
1.5600,2.290099e+02
1.5620,2.281317e+02
1.5640,2.272575e+02
1.5660,2.263874e+02
1.5680,2.255212e+02
1.5700,2.246591e+02
1.5720,2.238008e+02
1.5740,2.229466e+02
1.5760,2.220962e+02
1.5780,2.212498e+02
1.5800,2.204072e+02
1.5820,2.195685e+02
1.5840,2.187336e+02
1.5860,2.179025e+02
1.5880,2.170753e+02
1.5900,2.162518e+02
1.5920,2.154320e+02
1.5940,2.146160e+02
1.5960,2.138038e+02
1.5980,2.129952e+02
1.6000,2.121903e+02
1.6020,2.113890e+02
1.6040,2.105915e+02
1.6060,2.097975e+02
1.6080,2.090071e+02
1.6100,2.082203e+02
1.6120,2.074371e+02
1.6140,2.066575e+02
1.6160,2.058813e+02
1.6180,2.051087e+02
1.6200,2.043396e+02
1.6220,2.035739e+02
1.6240,2.028117e+02
1.6260,2.020530e+02
1.6280,2.012977e+02
1.6300,2.005457e+02
1.6320,1.997972e+02
1.6340,1.990520e+02
1.6360,1.983102e+02
1.6380,1.975718e+02
1.6400,1.968366e+02
1.6420,1.961047e+02
1.6440,1.953762e+02
1.6460,1.946509e+02
1.6480,1.939288e+02
1.6500,1.932100e+02
1.6520,1.924944e+02
1.6540,1.917820e+02
1.6560,1.910727e+02
1.6580,1.903667e+02
1.6600,1.896638e+02
1.6620,1.889640e+02
1.6640,1.882674e+02
1.6660,1.875738e+02
1.6680,1.868834e+02
1.6700,1.861960e+02
1.6720,1.855117e+02
1.6740,1.848304e+02
1.6760,1.841521e+02
1.6780,1.834769e+02
1.6800,1.828046e+02
1.6820,1.821354e+02
1.6840,1.814691e+02
1.6860,1.808057e+02
1.6880,1.801453e+02
1.6900,1.794878e+02
1.6920,1.788332e+02
1.6940,1.781814e+02
1.6960,1.775326e+02
1.6980,1.768866e+02
1.7000,1.762435e+02
1.7020,1.756032e+02
1.7040,1.749657e+02
1.7060,1.743310e+02
1.7080,1.736991e+02
1.7100,1.730700e+02
1.7120,1.724437e+02
1.7140,1.718200e+02
1.7160,1.711992e+02
1.7180,1.705810e+02
1.7200,1.699656e+02
1.7220,1.693528e+02
1.7240,1.687427e+02
1.7260,1.681353e+02
1.7280,1.675305e+02
1.7300,1.669284e+02
1.7320,1.663289e+02
1.7340,1.657320e+02
1.7360,1.651377e+02
1.7380,1.645460e+02
1.7400,1.639568e+02
1.7420,1.633702e+02
1.7440,1.627862e+02
1.7460,1.622047e+02
1.7480,1.616257e+02
1.7500,1.610493e+02
1.7520,1.604753e+02
1.7540,1.599038e+02
1.7560,1.593348e+02
1.7580,1.587682e+02
1.7600,1.582041e+02
1.7620,1.576424e+02
1.7640,1.570831e+02
1.7660,1.565263e+02
1.7680,1.559718e+02
1.7700,1.554198e+02
1.7720,1.548701e+02
1.7740,1.543227e+02
1.7760,1.537778e+02
1.7780,1.532351e+02
1.7800,1.526948e+02
1.7820,1.521568e+02
1.7840,1.516211e+02
1.7860,1.510877e+02
1.7880,1.505566e+02
1.7900,1.500277e+02
1.7920,1.495011e+02
1.7940,1.489768e+02
1.7960,1.484547e+02
1.7980,1.479348e+02
1.8000,1.474171e+02
1.8020,1.469017e+02
1.8040,1.463884e+02
1.8060,1.458773e+02
1.8080,1.453684e+02
1.8100,1.448616e+02
1.8120,1.443570e+02
1.8140,1.438545e+02
1.8160,1.433542e+02
1.8180,1.428560e+02
1.8200,1.423599e+02
1.8220,1.418658e+02
1.8240,1.413739e+02
1.8260,1.408841e+02
1.8280,1.403963e+02
1.8300,1.399106e+02
1.8320,1.394269e+02
1.8340,1.389452e+02
1.8360,1.384656e+02
1.8380,1.379880e+02
1.8400,1.375124e+02
1.8420,1.370388e+02
1.8440,1.365672e+02
1.8460,1.360976e+02
1.8480,1.356299e+02
1.8500,1.351642e+02
1.8520,1.347004e+02
1.8540,1.342386e+02
1.8560,1.337787e+02
1.8580,1.333208e+02
1.8600,1.328647e+02
1.8620,1.324106e+02
1.8640,1.319583e+02
1.8660,1.315079e+02
1.8680,1.310594e+02
1.8700,1.306128e+02
1.8720,1.301680e+02
1.8740,1.297251e+02
1.8760,1.292840e+02
1.8780,1.288447e+02
1.8800,1.284073e+02
1.8820,1.279716e+02
1.8840,1.275378e+02
1.8860,1.271058e+02
1.8880,1.266755e+02
1.8900,1.262470e+02
1.8920,1.258203e+02
1.8940,1.253954e+02
1.8960,1.249722e+02
1.8980,1.245508e+02
1.9000,1.241311e+02
1.9020,1.237131e+02
1.9040,1.232968e+02
1.9060,1.228822e+02
1.9080,1.224694e+02
1.9100,1.220582e+02
1.9120,1.216488e+02
1.9140,1.212410e+02
1.9160,1.208348e+02
1.9180,1.204304e+02
1.9200,1.200276e+02
1.9220,1.196264e+02
1.9240,1.192269e+02
1.9260,1.188290e+02
1.9280,1.184327e+02
1.9300,1.180380e+02
1.9320,1.176450e+02
1.9340,1.172535e+02
1.9360,1.168637e+02
1.9380,1.164754e+02
1.9400,1.160887e+02
1.9420,1.157036e+02
1.9440,1.153200e+02
1.9460,1.149380e+02
1.9480,1.145575e+02
1.9500,1.141786e+02
1.9520,1.138012e+02
1.9540,1.134254e+02
1.9560,1.130510e+02
1.9580,1.126782e+02
1.9600,1.123068e+02
1.9620,1.119370e+02
1.9640,1.115687e+02
1.9660,1.112018e+02
1.9680,1.108364e+02
1.9700,1.104725e+02
1.9720,1.101100e+02
1.9740,1.097490e+02
1.9760,1.093895e+02
1.9780,1.090314e+02
1.9800,1.086747e+02
1.9820,1.083194e+02
1.9840,1.079656e+02
1.9860,1.076132e+02
1.9880,1.072622e+02
1.9900,1.069126e+02
1.9920,1.065644e+02
1.9940,1.062175e+02
1.9960,1.058721e+02
1.9980,1.055280e+02
2.0000,1.051853e+02
2.0020,1.048440e+02
2.0040,1.045040e+02
2.0060,1.041654e+02
2.0080,1.038281e+02
2.0100,1.034922e+02
2.0120,1.031576e+02
2.0140,1.028243e+02
2.0160,1.024923e+02
2.0180,1.021617e+02
2.0200,1.018323e+02
2.0220,1.015043e+02
2.0240,1.011775e+02
2.0260,1.008521e+02
2.0280,1.005279e+02
2.0300,1.002050e+02
2.0320,9.988334e+01
2.0340,9.956297e+01
2.0360,9.924386e+01
2.0380,9.892601e+01
2.0400,9.860940e+01
2.0420,9.829403e+01
2.0440,9.797991e+01
2.0460,9.766701e+01
2.0480,9.735533e+01
2.0500,9.704488e+01
2.0520,9.673564e+01
2.0540,9.642761e+01
2.0560,9.612078e+01
2.0580,9.581515e+01
2.0600,9.551071e+01
2.0620,9.520746e+01
2.0640,9.490539e+01
2.0660,9.460449e+01
2.0680,9.430476e+01
2.0700,9.400620e+01
2.0720,9.370880e+01
2.0740,9.341255e+01
2.0760,9.311745e+01
2.0780,9.282349e+01
2.0800,9.253068e+01
2.0820,9.223899e+01
2.0840,9.194844e+01
2.0860,9.165900e+01
2.0880,9.137069e+01
2.0900,9.108349e+01
2.0920,9.079739e+01
2.0940,9.051240e+01
2.0960,9.022851e+01
2.0980,8.994571e+01
2.1000,8.966400e+01
2.1020,8.938337e+01
2.1040,8.910382e+01
2.1060,8.882534e+01
2.1080,8.854793e+01
2.1100,8.827158e+01
2.1120,8.799630e+01
2.1140,8.772206e+01
2.1160,8.744888e+01
2.1180,8.717674e+01
2.1200,8.690564e+01
2.1220,8.663558e+01
2.1240,8.636655e+01
2.1260,8.609854e+01
2.1280,8.583156e+01
2.1300,8.556559e+01
2.1320,8.530063e+01
2.1340,8.503668e+01
2.1360,8.477374e+01
2.1380,8.451179e+01
2.1400,8.425084e+01
2.1420,8.399088e+01
2.1440,8.373190e+01
2.1460,8.347390e+01
2.1480,8.321689e+01
2.1500,8.296084e+01
2.1520,8.270576e+01
2.1540,8.245165e+01
2.1560,8.219849e+01
2.1580,8.194629e+01
2.1600,8.169504e+01
2.1620,8.144474e+01
2.1640,8.119538e+01
2.1660,8.094696e+01
2.1680,8.069947e+01
2.1700,8.045292e+01
2.1720,8.020729e+01
2.1740,7.996258e+01
2.1760,7.971879e+01
2.1780,7.947591e+01
2.1800,7.923394e+01
2.1820,7.899288e+01
2.1840,7.875272e+01
2.1860,7.851346e+01
2.1880,7.827509e+01
2.1900,7.803761e+01
2.1920,7.780102e+01
2.1940,7.756531e+01
2.1960,7.733047e+01
2.1980,7.709652e+01
2.2000,7.686343e+01
2.2020,7.663121e+01
2.2040,7.639985e+01
2.2060,7.616935e+01
2.2080,7.593971e+01
2.2100,7.571092e+01
2.2120,7.548298e+01
2.2140,7.525588e+01
2.2160,7.502962e+01
2.2180,7.480420e+01
2.2200,7.457961e+01
2.2220,7.435585e+01
2.2240,7.413292e+01
2.2260,7.391081e+01
2.2280,7.368952e+01
2.2300,7.346904e+01
2.2320,7.324938e+01
2.2340,7.303052e+01
2.2360,7.281247e+01
2.2380,7.259522e+01
2.2400,7.237877e+01
2.2420,7.216311e+01
2.2440,7.194824e+01
2.2460,7.173416e+01
2.2480,7.152087e+01
2.2500,7.130836e+01
2.2520,7.109662e+01
2.2540,7.088566e+01
2.2560,7.067546e+01
2.2580,7.046604e+01
2.2600,7.025738e+01
2.2620,7.004948e+01
2.2640,6.984233e+01
2.2660,6.963595e+01
2.2680,6.943031e+01
2.2700,6.922542e+01
2.2720,6.902127e+01
2.2740,6.881787e+01
2.2760,6.861520e+01
2.2780,6.841327e+01
2.2800,6.821208e+01
2.2820,6.801161e+01
2.2840,6.781186e+01
2.2860,6.761284e+01
2.2880,6.741454e+01
2.2900,6.721695e+01
2.2920,6.702008e+01
2.2940,6.682392e+01
2.2960,6.662846e+01
2.2980,6.643371e+01
2.3000,6.623966e+01
2.3020,6.604631e+01
2.3040,6.585366e+01
2.3060,6.566169e+01
2.3080,6.547042e+01
2.3100,6.527983e+01
2.3120,6.508993e+01
2.3140,6.490071e+01
2.3160,6.471216e+01
2.3180,6.452429e+01
2.3200,6.433710e+01
2.3220,6.415057e+01
2.3240,6.396471e+01
2.3260,6.377951e+01
2.3280,6.359497e+01
2.3300,6.341109e+01
2.3320,6.322787e+01
2.3340,6.304530e+01
2.3360,6.286338e+01
2.3380,6.268210e+01
2.3400,6.250147e+01
2.3420,6.232148e+01
2.3440,6.214213e+01
2.3460,6.196342e+01
2.3480,6.178534e+01
2.3500,6.160789e+01
2.3520,6.143107e+01
2.3540,6.125488e+01
2.3560,6.107931e+01
2.3580,6.090436e+01
2.3600,6.073003e+01
2.3620,6.055631e+01
2.3640,6.038320e+01
2.3660,6.021071e+01
2.3680,6.003882e+01
2.3700,5.986754e+01
2.3720,5.969686e+01
2.3740,5.952679e+01
2.3760,5.935730e+01
2.3780,5.918842e+01
2.3800,5.902013e+01
2.3820,5.885242e+01
2.3840,5.868531e+01
2.3860,5.851878e+01
2.3880,5.835283e+01
2.3900,5.818746e+01
2.3920,5.802268e+01
2.3940,5.785846e+01
2.3960,5.769482e+01
2.3980,5.753176e+01
2.4000,5.736926e+01
2.4020,5.720732e+01
2.4040,5.704595e+01
2.4060,5.688515e+01
2.4080,5.672490e+01
2.4100,5.656521e+01
2.4120,5.640607e+01
2.4140,5.624749e+01
2.4160,5.608945e+01
2.4180,5.593197e+01
2.4200,5.577503e+01
2.4220,5.561863e+01
2.4240,5.546277e+01
2.4260,5.530746e+01
2.4280,5.515268e+01
2.4300,5.499843e+01
2.4320,5.484472e+01
2.4340,5.469154e+01
2.4360,5.453888e+01
2.4380,5.438675e+01
2.4400,5.423515e+01
2.4420,5.408407e+01
2.4440,5.393350e+01
2.4460,5.378346e+01
2.4480,5.363393e+01
2.4500,5.348491e+01
2.4520,5.333640e+01
2.4540,5.318841e+01
2.4560,5.304092e+01
2.4580,5.289393e+01
2.4600,5.274745e+01
2.4620,5.260147e+01
2.4640,5.245599e+01
2.4660,5.231100e+01
2.4680,5.216651e+01
2.4700,5.202251e+01
2.4720,5.187900e+01
2.4740,5.173599e+01
2.4760,5.159345e+01
2.4780,5.145141e+01
2.4800,5.130984e+01
2.4820,5.116876e+01
2.4840,5.102816e+01
2.4860,5.088803e+01
2.4880,5.074838e+01
2.4900,5.060920e+01
2.4920,5.047050e+01
2.4940,5.033226e+01
2.4960,5.019449e+01
2.4980,5.005719e+01
2.5000,4.992035e+01
2.5020,4.978397e+01
2.5040,4.964806e+01
2.5060,4.951260e+01
2.5080,4.937760e+01
2.5100,4.924305e+01
2.5120,4.910896e+01
2.5140,4.897531e+01
2.5160,4.884212e+01
2.5180,4.870937e+01
2.5200,4.857707e+01
2.5220,4.844522e+01
2.5240,4.831380e+01
2.5260,4.818283e+01
2.5280,4.805229e+01
2.5300,4.792220e+01
2.5320,4.779253e+01
2.5340,4.766330e+01
2.5360,4.753451e+01
2.5380,4.740614e+01
2.5400,4.727820e+01
2.5420,4.715069e+01
2.5440,4.702360e+01
2.5460,4.689694e+01
2.5480,4.677070e+01
2.5500,4.664487e+01
2.5520,4.651947e+01
2.5540,4.639448e+01
2.5560,4.626991e+01
2.5580,4.614575e+01
2.5600,4.602201e+01
2.5620,4.589867e+01
2.5640,4.577574e+01
2.5660,4.565322e+01
2.5680,4.553111e+01
2.5700,4.540939e+01
2.5720,4.528809e+01
2.5740,4.516718e+01
2.5760,4.504667e+01
2.5780,4.492655e+01
2.5800,4.480684e+01
2.5820,4.468752e+01
2.5840,4.456859e+01
2.5860,4.445005e+01
2.5880,4.433190e+01
2.5900,4.421414e+01
2.5920,4.409677e+01
2.5940,4.397978e+01
2.5960,4.386318e+01
2.5980,4.374696e+01
2.6000,4.363112e+01
2.6020,4.351566e+01
2.6040,4.340057e+01
2.6060,4.328586e+01
2.6080,4.317153e+01
2.6100,4.305757e+01
2.6120,4.294399e+01
2.6140,4.283077e+01
2.6160,4.271792e+01
2.6180,4.260544e+01
2.6200,4.249333e+01
2.6220,4.238158e+01
2.6240,4.227020e+01
2.6260,4.215918e+01
2.6280,4.204852e+01
2.6300,4.193821e+01
2.6320,4.182827e+01
2.6340,4.171868e+01
2.6360,4.160945e+01
2.6380,4.150057e+01
2.6400,4.139204e+01
2.6420,4.128387e+01
2.6440,4.117604e+01
2.6460,4.106856e+01
2.6480,4.096143e+01
2.6500,4.085465e+01
2.6520,4.074821e+01
2.6540,4.064211e+01
2.6560,4.053636e+01
2.6580,4.043094e+01
2.6600,4.032586e+01
2.6620,4.022113e+01
2.6640,4.011673e+01
2.6660,4.001266e+01
2.6680,3.990893e+01
2.6700,3.980553e+01
2.6720,3.970246e+01
2.6740,3.959972e+01
2.6760,3.949732e+01
2.6780,3.939524e+01
2.6800,3.929348e+01
2.6820,3.919205e+01
2.6840,3.909095e+01
2.6860,3.899017e+01
2.6880,3.888970e+01
2.6900,3.878956e+01
2.6920,3.868974e+01
2.6940,3.859024e+01
2.6960,3.849105e+01
2.6980,3.839218e+01
2.7000,3.829363e+01
2.7020,3.819538e+01
2.7040,3.809745e+01
2.7060,3.799983e+01
2.7080,3.790252e+01
2.7100,3.780552e+01
2.7120,3.770882e+01
2.7140,3.761243e+01
2.7160,3.751635e+01
2.7180,3.742057e+01
2.7200,3.732509e+01
2.7220,3.722992e+01
2.7240,3.713504e+01
2.7260,3.704046e+01
2.7280,3.694619e+01
2.7300,3.685220e+01
2.7320,3.675852e+01
2.7340,3.666513e+01
2.7360,3.657203e+01
2.7380,3.647923e+01
2.7400,3.638672e+01
2.7420,3.629450e+01
2.7440,3.620256e+01
2.7460,3.611092e+01
2.7480,3.601956e+01
2.7500,3.592849e+01
2.7520,3.583771e+01
2.7540,3.574721e+01
2.7560,3.565699e+01
2.7580,3.556705e+01
2.7600,3.547740e+01
2.7620,3.538802e+01
2.7640,3.529892e+01
2.7660,3.521011e+01
2.7680,3.512156e+01
2.7700,3.503330e+01
2.7720,3.494530e+01
2.7740,3.485759e+01
2.7760,3.477014e+01
2.7780,3.468297e+01
2.7800,3.459606e+01
2.7820,3.450943e+01
2.7840,3.442307e+01
2.7860,3.433697e+01
2.7880,3.425114e+01
2.7900,3.416558e+01
2.7920,3.408028e+01
2.7940,3.399524e+01
2.7960,3.391047e+01
2.7980,3.382596e+01
2.8000,3.374171e+01
2.8020,3.365772e+01
2.8040,3.357398e+01
2.8060,3.349051e+01
2.8080,3.340729e+01
2.8100,3.332433e+01
2.8120,3.324163e+01
2.8140,3.315918e+01
2.8160,3.307698e+01
2.8180,3.299504e+01
2.8200,3.291334e+01
2.8220,3.283190e+01
2.8240,3.275071e+01
2.8260,3.266976e+01
2.8280,3.258907e+01
2.8300,3.250862e+01
2.8320,3.242841e+01
2.8340,3.234846e+01
2.8360,3.226874e+01
2.8380,3.218927e+01
2.8400,3.211004e+01
2.8420,3.203106e+01
2.8440,3.195231e+01
2.8460,3.187381e+01
2.8480,3.179554e+01
2.8500,3.171751e+01
2.8520,3.163972e+01
2.8540,3.156217e+01
2.8560,3.148485e+01
2.8580,3.140776e+01
2.8600,3.133091e+01
2.8620,3.125429e+01
2.8640,3.117791e+01
2.8660,3.110175e+01
2.8680,3.102583e+01
2.8700,3.095014e+01
2.8720,3.087467e+01
2.8740,3.079943e+01
2.8760,3.072442e+01
2.8780,3.064964e+01
2.8800,3.057508e+01
2.8820,3.050075e+01
2.8840,3.042664e+01
2.8860,3.035276e+01
2.8880,3.027909e+01
2.8900,3.020565e+01
2.8920,3.013243e+01
2.8940,3.005943e+01
2.8960,2.998665e+01
2.8980,2.991408e+01
2.9000,2.984174e+01
2.9020,2.976961e+01
2.9040,2.969770e+01
2.9060,2.962600e+01
2.9080,2.955452e+01
2.9100,2.948325e+01
2.9120,2.941219e+01
2.9140,2.934135e+01
2.9160,2.927072e+01
2.9180,2.920029e+01
2.9200,2.913008e+01
2.9220,2.906008e+01
2.9240,2.899029e+01
2.9260,2.892070e+01
2.9280,2.885132e+01
2.9300,2.878215e+01
2.9320,2.871319e+01
2.9340,2.864442e+01
2.9360,2.857587e+01
2.9380,2.850751e+01
2.9400,2.843936e+01
2.9420,2.837141e+01
2.9440,2.830366e+01
2.9460,2.823612e+01
2.9480,2.816877e+01
2.9500,2.810162e+01
2.9520,2.803467e+01
2.9540,2.796792e+01
2.9560,2.790136e+01
2.9580,2.783501e+01
2.9600,2.776884e+01
2.9620,2.770288e+01
2.9640,2.763710e+01
2.9660,2.757152e+01
2.9680,2.750614e+01
2.9700,2.744094e+01
2.9720,2.737594e+01
2.9740,2.731113e+01
2.9760,2.724650e+01
2.9780,2.718207e+01
2.9800,2.711783e+01
2.9820,2.705378e+01
2.9840,2.698991e+01
2.9860,2.692623e+01
2.9880,2.686273e+01
2.9900,2.679943e+01
2.9920,2.673630e+01
2.9940,2.667336e+01
2.9960,2.661061e+01
2.9980,2.654804e+01
3.0000,2.648565e+01
3.0020,2.642344e+01
3.0040,2.636142e+01
3.0060,2.629957e+01
3.0080,2.623790e+01
3.0100,2.617642e+01
3.0120,2.611511e+01
3.0140,2.605398e+01
3.0160,2.599303e+01
3.0180,2.593226e+01
3.0200,2.587166e+01
3.0220,2.581123e+01
3.0240,2.575099e+01
3.0260,2.569091e+01
3.0280,2.563101e+01
3.0300,2.557129e+01
3.0320,2.551173e+01
3.0340,2.545235e+01
3.0360,2.539314e+01
3.0380,2.533410e+01
3.0400,2.527523e+01
3.0420,2.521653e+01
3.0440,2.515800e+01
3.0460,2.509964e+01
3.0480,2.504145e+01
3.0500,2.498342e+01
3.0520,2.492556e+01
3.0540,2.486787e+01
3.0560,2.481034e+01
3.0580,2.475298e+01
3.0600,2.469578e+01
3.0620,2.463875e+01
3.0640,2.458188e+01
3.0660,2.452517e+01
3.0680,2.446863e+01
3.0700,2.441224e+01
3.0720,2.435602e+01
3.0740,2.429996e+01
3.0760,2.424406e+01
3.0780,2.418831e+01
3.0800,2.413273e+01
3.0820,2.407731e+01
3.0840,2.402204e+01
3.0860,2.396693e+01
3.0880,2.391198e+01
3.0900,2.385719e+01
3.0920,2.380255e+01
3.0940,2.374806e+01
3.0960,2.369373e+01
3.0980,2.363956e+01
3.1000,2.358553e+01
3.1020,2.353167e+01
3.1040,2.347795e+01
3.1060,2.342439e+01
3.1080,2.337097e+01
3.1100,2.331771e+01
3.1120,2.326460e+01
3.1140,2.321164e+01
3.1160,2.315883e+01
3.1180,2.310617e+01
3.1200,2.305366e+01
3.1220,2.300129e+01
3.1240,2.294908e+01
3.1260,2.289701e+01
3.1280,2.284508e+01
3.1300,2.279331e+01
3.1320,2.274168e+01
3.1340,2.269019e+01
3.1360,2.263885e+01
3.1380,2.258765e+01
3.1400,2.253660e+01
3.1420,2.248569e+01
3.1440,2.243492e+01
3.1460,2.238429e+01
3.1480,2.233381e+01
3.1500,2.228347e+01
3.1520,2.223327e+01
3.1540,2.218321e+01
3.1560,2.213329e+01
3.1580,2.208350e+01
3.1600,2.203386e+01
3.1620,2.198436e+01
3.1640,2.193499e+01
3.1660,2.188576e+01
3.1680,2.183667e+01
3.1700,2.178772e+01
3.1720,2.173890e+01
3.1740,2.169022e+01
3.1760,2.164167e+01
3.1780,2.159326e+01
3.1800,2.154498e+01
3.1820,2.149684e+01
3.1840,2.144883e+01
3.1860,2.140095e+01
3.1880,2.135321e+01
3.1900,2.130560e+01
3.1920,2.125811e+01
3.1940,2.121077e+01
3.1960,2.116355e+01
3.1980,2.111646e+01
3.2000,2.106950e+01
3.2020,2.102268e+01
3.2040,2.097598e+01
3.2060,2.092941e+01
3.2080,2.088297e+01
3.2100,2.083665e+01
3.2120,2.079047e+01
3.2140,2.074441e+01
3.2160,2.069848e+01
3.2180,2.065267e+01
3.2200,2.060699e+01
3.2220,2.056144e+01
3.2240,2.051601e+01
3.2260,2.047070e+01
3.2280,2.042552e+01
3.2300,2.038047e+01
3.2320,2.033553e+01
3.2340,2.029072e+01
3.2360,2.024604e+01
3.2380,2.020147e+01
3.2400,2.015703e+01
3.2420,2.011271e+01
3.2440,2.006851e+01
3.2460,2.002443e+01
3.2480,1.998047e+01
3.2500,1.993663e+01
3.2520,1.989291e+01
3.2540,1.984930e+01
3.2560,1.980582e+01
3.2580,1.976246e+01
3.2600,1.971921e+01
3.2620,1.967608e+01
3.2640,1.963307e+01
3.2660,1.959017e+01
3.2680,1.954739e+01
3.2700,1.950473e+01
3.2720,1.946218e+01
3.2740,1.941975e+01
3.2760,1.937744e+01
3.2780,1.933523e+01
3.2800,1.929314e+01
3.2820,1.925117e+01
3.2840,1.920931e+01
3.2860,1.916756e+01
3.2880,1.912593e+01
3.2900,1.908440e+01
3.2920,1.904299e+01
3.2940,1.900169e+01
3.2960,1.896051e+01
3.2980,1.891943e+01
3.3000,1.887846e+01
3.3020,1.883760e+01
3.3040,1.879686e+01
3.3060,1.875622e+01
3.3080,1.871569e+01
3.3100,1.867527e+01
3.3120,1.863496e+01
3.3140,1.859476e+01
3.3160,1.855467e+01
3.3180,1.851468e+01
3.3200,1.847480e+01
3.3220,1.843502e+01
3.3240,1.839536e+01
3.3260,1.835580e+01
3.3280,1.831634e+01
3.3300,1.827699e+01
3.3320,1.823774e+01
3.3340,1.819860e+01
3.3360,1.815957e+01
3.3380,1.812064e+01
3.3400,1.808181e+01
3.3420,1.804308e+01
3.3440,1.800446e+01
3.3460,1.796594e+01
3.3480,1.792752e+01
3.3500,1.788921e+01
3.3520,1.785100e+01
3.3540,1.781288e+01
3.3560,1.777487e+01
3.3580,1.773696e+01
3.3600,1.769916e+01
3.3620,1.766145e+01
3.3640,1.762384e+01
3.3660,1.758633e+01
3.3680,1.754892e+01
3.3700,1.751160e+01
3.3720,1.747439e+01
3.3740,1.743728e+01
3.3760,1.740026e+01
3.3780,1.736334e+01
3.3800,1.732652e+01
3.3820,1.728979e+01
3.3840,1.725316e+01
3.3860,1.721663e+01
3.3880,1.718020e+01
3.3900,1.714386e+01
3.3920,1.710761e+01
3.3940,1.707146e+01
3.3960,1.703541e+01
3.3980,1.699945e+01
3.4000,1.696359e+01
3.4020,1.692781e+01
3.4040,1.689214e+01
3.4060,1.685655e+01
3.4080,1.682106e+01
3.4100,1.678566e+01
3.4120,1.675036e+01
3.4140,1.671515e+01
3.4160,1.668002e+01
3.4180,1.664499e+01
3.4200,1.661006e+01
3.4220,1.657521e+01
3.4240,1.654045e+01
3.4260,1.650579e+01
3.4280,1.647121e+01
3.4300,1.643673e+01
3.4320,1.640233e+01
3.4340,1.636803e+01
3.4360,1.633381e+01
3.4380,1.629968e+01
3.4400,1.626564e+01
3.4420,1.623169e+01
3.4440,1.619783e+01
3.4460,1.616405e+01
3.4480,1.613037e+01
3.4500,1.609677e+01
3.4520,1.606325e+01
3.4540,1.602983e+01
3.4560,1.599649e+01
3.4580,1.596323e+01
3.4600,1.593007e+01
3.4620,1.589698e+01
3.4640,1.586399e+01
3.4660,1.583107e+01
3.4680,1.579825e+01
3.4700,1.576551e+01
3.4720,1.573285e+01
3.4740,1.570027e+01
3.4760,1.566778e+01
3.4780,1.563538e+01
3.4800,1.560305e+01
3.4820,1.557081e+01
3.4840,1.553866e+01
3.4860,1.550658e+01
3.4880,1.547459e+01
3.4900,1.544268e+01
3.4920,1.541085e+01
3.4940,1.537910e+01
3.4960,1.534744e+01
3.4980,1.531585e+01
3.5000,1.528435e+01
3.5020,1.525293e+01
3.5040,1.522158e+01
3.5060,1.519032e+01
3.5080,1.515914e+01
3.5100,1.512804e+01
3.5120,1.509701e+01
3.5140,1.506607e+01
3.5160,1.503520e+01
3.5180,1.500441e+01
3.5200,1.497370e+01
3.5220,1.494307e+01
3.5240,1.491252e+01
3.5260,1.488204e+01
3.5280,1.485165e+01
3.5300,1.482133e+01
3.5320,1.479108e+01
3.5340,1.476091e+01
3.5360,1.473082e+01
3.5380,1.470081e+01
3.5400,1.467087e+01
3.5420,1.464101e+01
3.5440,1.461122e+01
3.5460,1.458151e+01
3.5480,1.455187e+01
3.5500,1.452231e+01
3.5520,1.449283e+01
3.5540,1.446341e+01
3.5560,1.443408e+01
3.5580,1.440481e+01
3.5600,1.437562e+01
3.5620,1.434650e+01
3.5640,1.431746e+01
3.5660,1.428849e+01
3.5680,1.425959e+01
3.5700,1.423077e+01
3.5720,1.420201e+01
3.5740,1.417333e+01
3.5760,1.414473e+01
3.5780,1.411619e+01
3.5800,1.408772e+01
3.5820,1.405933e+01
3.5840,1.403101e+01
3.5860,1.400276e+01
3.5880,1.397458e+01
3.5900,1.394647e+01
3.5920,1.391843e+01
3.5940,1.389046e+01
3.5960,1.386256e+01
3.5980,1.383473e+01
3.6000,1.380697e+01
3.6020,1.377928e+01
3.6040,1.375165e+01
3.6060,1.372410e+01
3.6080,1.369662e+01
3.6100,1.366920e+01
3.6120,1.364185e+01
3.6140,1.361457e+01
3.6160,1.358736e+01
3.6180,1.356021e+01
3.6200,1.353314e+01
3.6220,1.350613e+01
3.6240,1.347919e+01
3.6260,1.345231e+01
3.6280,1.342550e+01
3.6300,1.339876e+01
3.6320,1.337208e+01
3.6340,1.334547e+01
3.6360,1.331893e+01
3.6380,1.329245e+01
3.6400,1.326603e+01
3.6420,1.323968e+01
3.6440,1.321340e+01
3.6460,1.318718e+01
3.6480,1.316103e+01
3.6500,1.313494e+01
3.6520,1.310892e+01
3.6540,1.308296e+01
3.6560,1.305706e+01
3.6580,1.303123e+01
3.6600,1.300546e+01
3.6620,1.297975e+01
3.6640,1.295411e+01
3.6660,1.292853e+01
3.6680,1.290301e+01
3.6700,1.287756e+01
3.6720,1.285216e+01
3.6740,1.282684e+01
3.6760,1.280157e+01
3.6780,1.277636e+01
3.6800,1.275122e+01
3.6820,1.272614e+01
3.6840,1.270112e+01
3.6860,1.267616e+01
3.6880,1.265126e+01
3.6900,1.262642e+01
3.6920,1.260164e+01
3.6940,1.257693e+01
3.6960,1.255227e+01
3.6980,1.252767e+01
3.7000,1.250314e+01
3.7020,1.247866e+01
3.7040,1.245424e+01
3.7060,1.242989e+01
3.7080,1.240559e+01
3.7100,1.238135e+01
3.7120,1.235717e+01
3.7140,1.233305e+01
3.7160,1.230898e+01
3.7180,1.228498e+01
3.7200,1.226103e+01
3.7220,1.223714e+01
3.7240,1.221331e+01
3.7260,1.218954e+01
3.7280,1.216583e+01
3.7300,1.214217e+01
3.7320,1.211857e+01
3.7340,1.209502e+01
3.7360,1.207154e+01
3.7380,1.204811e+01
3.7400,1.202474e+01
3.7420,1.200142e+01
3.7440,1.197816e+01
3.7460,1.195495e+01
3.7480,1.193181e+01
3.7500,1.190871e+01
3.7520,1.188568e+01
3.7540,1.186269e+01
3.7560,1.183977e+01
3.7580,1.181690e+01
3.7600,1.179408e+01
3.7620,1.177132e+01
3.7640,1.174861e+01
3.7660,1.172596e+01
3.7680,1.170336e+01
3.7700,1.168082e+01
3.7720,1.165833e+01
3.7740,1.163589e+01
3.7760,1.161351e+01
3.7780,1.159118e+01
3.7800,1.156891e+01
3.7820,1.154668e+01
3.7840,1.152452e+01
3.7860,1.150240e+01
3.7880,1.148034e+01
3.7900,1.145833e+01
3.7920,1.143637e+01
3.7940,1.141446e+01
3.7960,1.139261e+01
3.7980,1.137081e+01
3.8000,1.134906e+01
3.8020,1.132736e+01
3.8040,1.130572e+01
3.8060,1.128412e+01
3.8080,1.126258e+01
3.8100,1.124109e+01
3.8120,1.121964e+01
3.8140,1.119825e+01
3.8160,1.117692e+01
3.8180,1.115563e+01
3.8200,1.113439e+01
3.8220,1.111320e+01
3.8240,1.109206e+01
3.8260,1.107097e+01
3.8280,1.104994e+01
3.8300,1.102895e+01
3.8320,1.100801e+01
3.8340,1.098712e+01
3.8360,1.096628e+01
3.8380,1.094549e+01
3.8400,1.092475e+01
3.8420,1.090406e+01
3.8440,1.088341e+01
3.8460,1.086282e+01
3.8480,1.084227e+01
3.8500,1.082177e+01
3.8520,1.080132e+01
3.8540,1.078092e+01
3.8560,1.076057e+01
3.8580,1.074026e+01
3.8600,1.072000e+01
3.8620,1.069979e+01
3.8640,1.067963e+01
3.8660,1.065951e+01
3.8680,1.063944e+01
3.8700,1.061942e+01
3.8720,1.059944e+01
3.8740,1.057952e+01
3.8760,1.055963e+01
3.8780,1.053980e+01
3.8800,1.052001e+01
3.8820,1.050027e+01
3.8840,1.048057e+01
3.8860,1.046092e+01
3.8880,1.044132e+01
3.8900,1.042176e+01
3.8920,1.040224e+01
3.8940,1.038277e+01
3.8960,1.036335e+01
3.8980,1.034397e+01
3.9000,1.032464e+01
3.9020,1.030536e+01
3.9040,1.028611e+01
3.9060,1.026691e+01
3.9080,1.024776e+01
3.9100,1.022865e+01
3.9120,1.020959e+01
3.9140,1.019057e+01
3.9160,1.017159e+01
3.9180,1.015266e+01
3.9200,1.013377e+01
3.9220,1.011493e+01
3.9240,1.009613e+01
3.9260,1.007737e+01
3.9280,1.005866e+01
3.9300,1.003998e+01
3.9320,1.002136e+01
3.9340,1.000277e+01
3.9360,9.984231e+00
3.9380,9.965732e+00
3.9400,9.947276e+00
3.9420,9.928862e+00
3.9440,9.910491e+00
3.9460,9.892162e+00
3.9480,9.873875e+00
3.9500,9.855631e+00
3.9520,9.837428e+00
3.9540,9.819267e+00
3.9560,9.801148e+00
3.9580,9.783070e+00
3.9600,9.765034e+00
3.9620,9.747040e+00
3.9640,9.729086e+00
3.9660,9.711174e+00
3.9680,9.693303e+00
3.9700,9.675473e+00
3.9720,9.657684e+00
3.9740,9.639935e+00
3.9760,9.622227e+00
3.9780,9.604559e+00
3.9800,9.586932e+00
3.9820,9.569345e+00
3.9840,9.551798e+00
3.9860,9.534292e+00
3.9880,9.516825e+00
3.9900,9.499398e+00
3.9920,9.482011e+00
3.9940,9.464663e+00
3.9960,9.447355e+00
3.9980,9.430087e+00
4.0000,9.412857e+00
4.0020,9.395667e+00
4.0040,9.378516e+00
4.0060,9.361404e+00
4.0080,9.344330e+00
4.0100,9.327296e+00
4.0120,9.310300e+00
4.0140,9.293343e+00
4.0160,9.276424e+00
4.0180,9.259543e+00
4.0200,9.242701e+00
4.0220,9.225897e+00
4.0240,9.209131e+00
4.0260,9.192403e+00
4.0280,9.175713e+00
4.0300,9.159060e+00
4.0320,9.142445e+00
4.0340,9.125868e+00
4.0360,9.109328e+00
4.0380,9.092825e+00
4.0400,9.076359e+00
4.0420,9.059931e+00
4.0440,9.043540e+00
4.0460,9.027185e+00
4.0480,9.010868e+00
4.0500,8.994587e+00
4.0520,8.978343e+00
4.0540,8.962135e+00
4.0560,8.945964e+00
4.0580,8.929829e+00
4.0600,8.913730e+00
4.0620,8.897667e+00
4.0640,8.881641e+00
4.0660,8.865650e+00
4.0680,8.849695e+00
4.0700,8.833776e+00
4.0720,8.817893e+00
4.0740,8.802045e+00
4.0760,8.786233e+00
4.0780,8.770456e+00
4.0800,8.754714e+00
4.0820,8.739007e+00
4.0840,8.723336e+00
4.0860,8.707699e+00
4.0880,8.692098e+00
4.0900,8.676531e+00
4.0920,8.660999e+00
4.0940,8.645502e+00
4.0960,8.630039e+00
4.0980,8.614610e+00
4.1000,8.599216e+00
4.1020,8.583856e+00
4.1040,8.568530e+00
4.1060,8.553239e+00
4.1080,8.537981e+00
4.1100,8.522757e+00
4.1120,8.507567e+00
4.1140,8.492411e+00
4.1160,8.477289e+00
4.1180,8.462199e+00
4.1200,8.447144e+00
4.1220,8.432121e+00
4.1240,8.417132e+00
4.1260,8.402177e+00
4.1280,8.387254e+00
4.1300,8.372364e+00
4.1320,8.357507e+00
4.1340,8.342683e+00
4.1360,8.327892e+00
4.1380,8.313133e+00
4.1400,8.298407e+00
4.1420,8.283713e+00
4.1440,8.269052e+00
4.1460,8.254423e+00
4.1480,8.239827e+00
4.1500,8.225262e+00
4.1520,8.210730e+00
4.1540,8.196229e+00
4.1560,8.181761e+00
4.1580,8.167324e+00
4.1600,8.152919e+00
4.1620,8.138545e+00
4.1640,8.124204e+00
4.1660,8.109893e+00
4.1680,8.095614e+00
4.1700,8.081366e+00
4.1720,8.067150e+00
4.1740,8.052965e+00
4.1760,8.038810e+00
4.1780,8.024687e+00
4.1800,8.010595e+00
4.1820,7.996533e+00
4.1840,7.982502e+00
4.1860,7.968502e+00
4.1880,7.954533e+00
4.1900,7.940593e+00
4.1920,7.926685e+00
4.1940,7.912806e+00
4.1960,7.898958e+00
4.1980,7.885141e+00
4.2000,7.871353e+00
4.2020,7.857595e+00
4.2040,7.843867e+00
4.2060,7.830169e+00
4.2080,7.816501e+00
4.2100,7.802863e+00
4.2120,7.789254e+00
4.2140,7.775675e+00
4.2160,7.762125e+00
4.2180,7.748604e+00
4.2200,7.735113e+00
4.2220,7.721652e+00
4.2240,7.708219e+00
4.2260,7.694816e+00
4.2280,7.681441e+00
4.2300,7.668096e+00
4.2320,7.654779e+00
4.2340,7.641491e+00
4.2360,7.628232e+00
4.2380,7.615002e+00
4.2400,7.601800e+00
4.2420,7.588626e+00
4.2440,7.575481e+00
4.2460,7.562365e+00
4.2480,7.549276e+00
4.2500,7.536216e+00
4.2520,7.523184e+00
4.2540,7.510181e+00
4.2560,7.497205e+00
4.2580,7.484257e+00
4.2600,7.471337e+00
4.2620,7.458444e+00
4.2640,7.445580e+00
4.2660,7.432743e+00
4.2680,7.419933e+00
4.2700,7.407151e+00
4.2720,7.394397e+00
4.2740,7.381670e+00
4.2760,7.368970e+00
4.2780,7.356297e+00
4.2800,7.343652e+00
4.2820,7.331033e+00
4.2840,7.318442e+00
4.2860,7.305877e+00
4.2880,7.293340e+00
4.2900,7.280829e+00
4.2920,7.268345e+00
4.2940,7.255888e+00
4.2960,7.243457e+00
4.2980,7.231052e+00
4.3000,7.218675e+00
4.3020,7.206323e+00
4.3040,7.193998e+00
4.3060,7.181699e+00
4.3080,7.169427e+00
4.3100,7.157180e+00
4.3120,7.144959e+00
4.3140,7.132765e+00
4.3160,7.120596e+00
4.3180,7.108454e+00
4.3200,7.096337e+00
4.3220,7.084246e+00
4.3240,7.072180e+00
4.3260,7.060140e+00
4.3280,7.048126e+00
4.3300,7.036137e+00
4.3320,7.024173e+00
4.3340,7.012235e+00
4.3360,7.000322e+00
4.3380,6.988434e+00
4.3400,6.976572e+00
4.3420,6.964734e+00
4.3440,6.952922e+00
4.3460,6.941134e+00
4.3480,6.929372e+00
4.3500,6.917634e+00
4.3520,6.905921e+00
4.3540,6.894233e+00
4.3560,6.882569e+00
4.3580,6.870930e+00
4.3600,6.859315e+00
4.3620,6.847725e+00
4.3640,6.836160e+00
4.3660,6.824618e+00
4.3680,6.813101e+00
4.3700,6.801608e+00
4.3720,6.790139e+00
4.3740,6.778695e+00
4.3760,6.767274e+00
4.3780,6.755878e+00
4.3800,6.744505e+00
4.3820,6.733156e+00
4.3840,6.721831e+00
4.3860,6.710529e+00
4.3880,6.699252e+00
4.3900,6.687998e+00
4.3920,6.676767e+00
4.3940,6.665560e+00
4.3960,6.654377e+00
4.3980,6.643216e+00
4.4000,6.632079e+00
4.4020,6.620966e+00
4.4040,6.609875e+00
4.4060,6.598808e+00
4.4080,6.587764e+00
4.4100,6.576743e+00
4.4120,6.565744e+00
4.4140,6.554769e+00
4.4160,6.543817e+00
4.4180,6.532887e+00
4.4200,6.521980e+00
4.4220,6.511096e+00
4.4240,6.500234e+00
4.4260,6.489395e+00
4.4280,6.478579e+00
4.4300,6.467785e+00
4.4320,6.457013e+00
4.4340,6.446264e+00
4.4360,6.435537e+00
4.4380,6.424832e+00
4.4400,6.414149e+00
4.4420,6.403489e+00
4.4440,6.392851e+00
4.4460,6.382234e+00
4.4480,6.371640e+00
4.4500,6.361067e+00
4.4520,6.350517e+00
4.4540,6.339988e+00
4.4560,6.329481e+00
4.4580,6.318996e+00
4.4600,6.308532e+00
4.4620,6.298090e+00
4.4640,6.287669e+00
4.4660,6.277270e+00
4.4680,6.266892e+00
4.4700,6.256536e+00
4.4720,6.246201e+00
4.4740,6.235887e+00
4.4760,6.225595e+00
4.4780,6.215323e+00
4.4800,6.205073e+00
4.4820,6.194844e+00
4.4840,6.184636e+00
4.4860,6.174449e+00
4.4880,6.164282e+00
4.4900,6.154137e+00
4.4920,6.144012e+00
4.4940,6.133908e+00
4.4960,6.123825e+00
4.4980,6.113763e+00
4.5000,6.103721e+00
4.5020,6.093699e+00
4.5040,6.083699e+00
4.5060,6.073718e+00
4.5080,6.063758e+00
4.5100,6.053819e+00
4.5120,6.043899e+00
4.5140,6.034000e+00
4.5160,6.024121e+00
4.5180,6.014262e+00
4.5200,6.004424e+00
4.5220,5.994605e+00
4.5240,5.984807e+00
4.5260,5.975028e+00
4.5280,5.965269e+00
4.5300,5.955530e+00
4.5320,5.945811e+00
4.5340,5.936112e+00
4.5360,5.926432e+00
4.5380,5.916773e+00
4.5400,5.907132e+00
4.5420,5.897512e+00
4.5440,5.887910e+00
4.5460,5.878329e+00
4.5480,5.868766e+00
4.5500,5.859224e+00
4.5520,5.849700e+00
4.5540,5.840196e+00
4.5560,5.830711e+00
4.5580,5.821245e+00
4.5600,5.811798e+00
4.5620,5.802371e+00
4.5640,5.792962e+00
4.5660,5.783573e+00
4.5680,5.774202e+00
4.5700,5.764850e+00
4.5720,5.755518e+00
4.5740,5.746204e+00
4.5760,5.736908e+00
4.5780,5.727632e+00
4.5800,5.718374e+00
4.5820,5.709135e+00
4.5840,5.699915e+00
4.5860,5.690713e+00
4.5880,5.681529e+00
4.5900,5.672365e+00
4.5920,5.663218e+00
4.5940,5.654090e+00
4.5960,5.644980e+00
4.5980,5.635889e+00
4.6000,5.626815e+00
4.6020,5.617760e+00
4.6040,5.608723e+00
4.6060,5.599705e+00
4.6080,5.590704e+00
4.6100,5.581721e+00
4.6120,5.572756e+00
4.6140,5.563810e+00
4.6160,5.554881e+00
4.6180,5.545970e+00
4.6200,5.537077e+00
4.6220,5.528201e+00
4.6240,5.519344e+00
4.6260,5.510504e+00
4.6280,5.501681e+00
4.6300,5.492876e+00
4.6320,5.484089e+00
4.6340,5.475320e+00
4.6360,5.466567e+00
4.6380,5.457833e+00
4.6400,5.449115e+00
4.6420,5.440415e+00
4.6440,5.431733e+00
4.6460,5.423067e+00
4.6480,5.414419e+00
4.6500,5.405788e+00
4.6520,5.397174e+00
4.6540,5.388577e+00
4.6560,5.379998e+00
4.6580,5.371435e+00
4.6600,5.362889e+00
4.6620,5.354360e+00
4.6640,5.345849e+00
4.6660,5.337354e+00
4.6680,5.328875e+00
4.6700,5.320414e+00
4.6720,5.311969e+00
4.6740,5.303542e+00
4.6760,5.295130e+00
4.6780,5.286736e+00
4.6800,5.278358e+00
4.6820,5.269996e+00
4.6840,5.261651e+00
4.6860,5.253323e+00
4.6880,5.245010e+00
4.6900,5.236715e+00
4.6920,5.228435e+00
4.6940,5.220172e+00
4.6960,5.211926e+00
4.6980,5.203695e+00
4.7000,5.195481e+00
4.7020,5.187283e+00
4.7040,5.179101e+00
4.7060,5.170935e+00
4.7080,5.162785e+00
4.7100,5.154651e+00
4.7120,5.146533e+00
4.7140,5.138431e+00
4.7160,5.130345e+00
4.7180,5.122275e+00
4.7200,5.114220e+00
4.7220,5.106182e+00
4.7240,5.098159e+00
4.7260,5.090151e+00
4.7280,5.082160e+00
4.7300,5.074184e+00
4.7320,5.066224e+00
4.7340,5.058279e+00
4.7360,5.050350e+00
4.7380,5.042436e+00
4.7400,5.034538e+00
4.7420,5.026655e+00
4.7440,5.018788e+00
4.7460,5.010936e+00
4.7480,5.003099e+00
4.7500,4.995278e+00
4.7520,4.987471e+00
4.7540,4.979680e+00
4.7560,4.971904e+00
4.7580,4.964144e+00
4.7600,4.956398e+00
4.7620,4.948668e+00
4.7640,4.940952e+00
4.7660,4.933252e+00
4.7680,4.925566e+00
4.7700,4.917895e+00
4.7720,4.910239e+00
4.7740,4.902599e+00
4.7760,4.894972e+00
4.7780,4.887361e+00
4.7800,4.879765e+00
4.7820,4.872183e+00
4.7840,4.864616e+00
4.7860,4.857063e+00
4.7880,4.849525e+00
4.7900,4.842002e+00
4.7920,4.834493e+00
4.7940,4.826999e+00
4.7960,4.819519e+00
4.7980,4.812054e+00
4.8000,4.804603e+00
4.8020,4.797166e+00
4.8040,4.789744e+00
4.8060,4.782336e+00
4.8080,4.774943e+00
4.8100,4.767563e+00
4.8120,4.760198e+00
4.8140,4.752847e+00
4.8160,4.745511e+00
4.8180,4.738188e+00
4.8200,4.730879e+00
4.8220,4.723585e+00
4.8240,4.716304e+00
4.8260,4.709038e+00
4.8280,4.701785e+00
4.8300,4.694547e+00
4.8320,4.687322e+00
4.8340,4.680111e+00
4.8360,4.672914e+00
4.8380,4.665731e+00
4.8400,4.658561e+00
4.8420,4.651405e+00
4.8440,4.644263e+00
4.8460,4.637135e+00
4.8480,4.630020e+00
4.8500,4.622919e+00
4.8520,4.615831e+00
4.8540,4.608757e+00
4.8560,4.601697e+00
4.8580,4.594650e+00
4.8600,4.587616e+00
4.8620,4.580596e+00
4.8640,4.573589e+00
4.8660,4.566596e+00
4.8680,4.559616e+00
4.8700,4.552649e+00
4.8720,4.545696e+00
4.8740,4.538755e+00
4.8760,4.531828e+00
4.8780,4.524914e+00
4.8800,4.518014e+00
4.8820,4.511126e+00
4.8840,4.504252e+00
4.8860,4.497390e+00
4.8880,4.490542e+00
4.8900,4.483706e+00
4.8920,4.476884e+00
4.8940,4.470074e+00
4.8960,4.463278e+00
4.8980,4.456494e+00
4.9000,4.449723e+00
4.9020,4.442965e+00
4.9040,4.436220e+00
4.9060,4.429487e+00
4.9080,4.422768e+00
4.9100,4.416061e+00
4.9120,4.409366e+00
4.9140,4.402684e+00
4.9160,4.396015e+00
4.9180,4.389359e+00
4.9200,4.382715e+00
4.9220,4.376084e+00
4.9240,4.369465e+00
4.9260,4.362858e+00
4.9280,4.356264e+00
4.9300,4.349683e+00
4.9320,4.343114e+00
4.9340,4.336557e+00
4.9360,4.330013e+00
4.9380,4.323480e+00
4.9400,4.316961e+00
4.9420,4.310453e+00
4.9440,4.303958e+00
4.9460,4.297475e+00
4.9480,4.291004e+00
4.9500,4.284545e+00
4.9520,4.278098e+00
4.9540,4.271664e+00
4.9560,4.265241e+00
4.9580,4.258831e+00
4.9600,4.252432e+00
4.9620,4.246046e+00
4.9640,4.239671e+00
4.9660,4.233308e+00
4.9680,4.226958e+00
4.9700,4.220619e+00
4.9720,4.214292e+00
4.9740,4.207977e+00
4.9760,4.201673e+00
4.9780,4.195382e+00
4.9800,4.189102e+00
4.9820,4.182834e+00
4.9840,4.176578e+00
4.9860,4.170333e+00
4.9880,4.164100e+00
4.9900,4.157878e+00
4.9920,4.151668e+00
4.9940,4.145470e+00
4.9960,4.139283e+00
4.9980,4.133108e+00
5.0000,4.126944e+00
5.0020,4.120792e+00
5.0040,4.114651e+00
5.0060,4.108521e+00
5.0080,4.102403e+00
5.0100,4.096296e+00
5.0120,4.090201e+00
5.0140,4.084117e+00
5.0160,4.078044e+00
5.0180,4.071982e+00
5.0200,4.065932e+00
5.0220,4.059893e+00
5.0240,4.053865e+00
5.0260,4.047848e+00
5.0280,4.041843e+00
5.0300,4.035848e+00
5.0320,4.029865e+00
5.0340,4.023892e+00
5.0360,4.017931e+00
5.0380,4.011980e+00
5.0400,4.006041e+00
5.0420,4.000113e+00
5.0440,3.994195e+00
5.0460,3.988289e+00
5.0480,3.982393e+00
5.0500,3.976508e+00
5.0520,3.970634e+00
5.0540,3.964771e+00
5.0560,3.958919e+00
5.0580,3.953077e+00
5.0600,3.947246e+00
5.0620,3.941426e+00
5.0640,3.935617e+00
5.0660,3.929818e+00
5.0680,3.924030e+00
5.0700,3.918253e+00
5.0720,3.912486e+00
5.0740,3.906730e+00
5.0760,3.900984e+00
5.0780,3.895249e+00
5.0800,3.889524e+00
5.0820,3.883810e+00
5.0840,3.878106e+00
5.0860,3.872413e+00
5.0880,3.866730e+00
5.0900,3.861058e+00
5.0920,3.855396e+00
5.0940,3.849744e+00
5.0960,3.844103e+00
5.0980,3.838472e+00
5.1000,3.832851e+00
5.1020,3.827240e+00
5.1040,3.821640e+00
5.1060,3.816050e+00
5.1080,3.810470e+00
5.1100,3.804901e+00
5.1120,3.799341e+00
5.1140,3.793792e+00
5.1160,3.788252e+00
5.1180,3.782723e+00
5.1200,3.777204e+00
5.1220,3.771695e+00
5.1240,3.766196e+00
5.1260,3.760707e+00
5.1280,3.755228e+00
5.1300,3.749759e+00
5.1320,3.744299e+00
5.1340,3.738850e+00
5.1360,3.733411e+00
5.1380,3.727981e+00
5.1400,3.722561e+00
5.1420,3.717151e+00
5.1440,3.711751e+00
5.1460,3.706361e+00
5.1480,3.700980e+00
5.1500,3.695610e+00
5.1520,3.690249e+00
5.1540,3.684897e+00
5.1560,3.679556e+00
5.1580,3.674223e+00
5.1600,3.668901e+00
5.1620,3.663588e+00
5.1640,3.658285e+00
5.1660,3.652991e+00
5.1680,3.647707e+00
5.1700,3.642433e+00
5.1720,3.637168e+00
5.1740,3.631912e+00
5.1760,3.626666e+00
5.1780,3.621429e+00
5.1800,3.616202e+00
5.1820,3.610985e+00
5.1840,3.605776e+00
5.1860,3.600577e+00
5.1880,3.595387e+00
5.1900,3.590207e+00
5.1920,3.585036e+00
5.1940,3.579874e+00
5.1960,3.574722e+00
5.1980,3.569578e+00
5.2000,3.564444e+00
5.2020,3.559320e+00
5.2040,3.554204e+00
5.2060,3.549098e+00
5.2080,3.544000e+00
5.2100,3.538912e+00
5.2120,3.533833e+00
5.2140,3.528763e+00
5.2160,3.523702e+00
5.2180,3.518650e+00
5.2200,3.513607e+00
5.2220,3.508574e+00
5.2240,3.503549e+00
5.2260,3.498533e+00
5.2280,3.493526e+00
5.2300,3.488528e+00
5.2320,3.483539e+00
5.2340,3.478559e+00
5.2360,3.473588e+00
5.2380,3.468625e+00
5.2400,3.463672e+00
5.2420,3.458727e+00
5.2440,3.453791e+00
5.2460,3.448864e+00
5.2480,3.443945e+00
5.2500,3.439036e+00
5.2520,3.434135e+00
5.2540,3.429243e+00
5.2560,3.424359e+00
5.2580,3.419484e+00
5.2600,3.414618e+00
5.2620,3.409761e+00
5.2640,3.404912e+00
5.2660,3.400071e+00
5.2680,3.395240e+00
5.2700,3.390416e+00
5.2720,3.385602e+00
5.2740,3.380796e+00
5.2760,3.375998e+00
5.2780,3.371209e+00
5.2800,3.366428e+00
5.2820,3.361656e+00
5.2840,3.356892e+00
5.2860,3.352137e+00
5.2880,3.347390e+00
5.2900,3.342652e+00
5.2920,3.337921e+00
5.2940,3.333200e+00
5.2960,3.328486e+00
5.2980,3.323781e+00
5.3000,3.319084e+00
5.3020,3.314395e+00
5.3040,3.309715e+00
5.3060,3.305043e+00
5.3080,3.300379e+00
5.3100,3.295723e+00
5.3120,3.291076e+00
5.3140,3.286436e+00
5.3160,3.281805e+00
5.3180,3.277182e+00
5.3200,3.272567e+00
5.3220,3.267961e+00
5.3240,3.263362e+00
5.3260,3.258771e+00
5.3280,3.254189e+00
5.3300,3.249614e+00
5.3320,3.245048e+00
5.3340,3.240489e+00
5.3360,3.235938e+00
5.3380,3.231396e+00
5.3400,3.226861e+00
5.3420,3.222335e+00
5.3440,3.217816e+00
5.3460,3.213305e+00
5.3480,3.208802e+00
5.3500,3.204307e+00
5.3520,3.199820e+00
5.3540,3.195340e+00
5.3560,3.190869e+00
5.3580,3.186405e+00
5.3600,3.181949e+00
5.3620,3.177501e+00
5.3640,3.173060e+00
5.3660,3.168627e+00
5.3680,3.164202e+00
5.3700,3.159785e+00
5.3720,3.155376e+00
5.3740,3.150974e+00
5.3760,3.146579e+00
5.3780,3.142193e+00
5.3800,3.137814e+00
5.3820,3.133442e+00
5.3840,3.129079e+00
5.3860,3.124722e+00
5.3880,3.120374e+00
5.3900,3.116033e+00
5.3920,3.111699e+00
5.3940,3.107373e+00
5.3960,3.103054e+00
5.3980,3.098743e+00
5.4000,3.094440e+00
5.4020,3.090144e+00
5.4040,3.085855e+00
5.4060,3.081574e+00
5.4080,3.077300e+00
5.4100,3.073033e+00
5.4120,3.068774e+00
5.4140,3.064522e+00
5.4160,3.060278e+00
5.4180,3.056041e+00
5.4200,3.051811e+00
5.4220,3.047589e+00
5.4240,3.043374e+00
5.4260,3.039166e+00
5.4280,3.034965e+00
5.4300,3.030772e+00
5.4320,3.026585e+00
5.4340,3.022407e+00
5.4360,3.018235e+00
5.4380,3.014070e+00
5.4400,3.009913e+00
5.4420,3.005763e+00
5.4440,3.001619e+00
5.4460,2.997483e+00
5.4480,2.993355e+00
5.4500,2.989233e+00
5.4520,2.985118e+00
5.4540,2.981010e+00
5.4560,2.976910e+00
5.4580,2.972816e+00
5.4600,2.968730e+00
5.4620,2.964650e+00
5.4640,2.960578e+00
5.4660,2.956512e+00
5.4680,2.952453e+00
5.4700,2.948402e+00
5.4720,2.944357e+00
5.4740,2.940319e+00
5.4760,2.936288e+00
5.4780,2.932264e+00
5.4800,2.928247e+00
5.4820,2.924237e+00
5.4840,2.920234e+00
5.4860,2.916237e+00
5.4880,2.912247e+00
5.4900,2.908264e+00
5.4920,2.904288e+00
5.4940,2.900319e+00
5.4960,2.896356e+00
5.4980,2.892401e+00
5.5000,2.888451e+00
5.5020,2.884509e+00
5.5040,2.880573e+00
5.5060,2.876644e+00
5.5080,2.872722e+00
5.5100,2.868807e+00
5.5120,2.864898e+00
5.5140,2.860995e+00
5.5160,2.857100e+00
5.5180,2.853211e+00
5.5200,2.849328e+00
5.5220,2.845452e+00
5.5240,2.841583e+00
5.5260,2.837720e+00
5.5280,2.833864e+00
5.5300,2.830014e+00
5.5320,2.826171e+00
5.5340,2.822335e+00
5.5360,2.818505e+00
5.5380,2.814681e+00
5.5400,2.810864e+00
5.5420,2.807053e+00
5.5440,2.803249e+00
5.5460,2.799451e+00
5.5480,2.795660e+00
5.5500,2.791875e+00
5.5520,2.788096e+00
5.5540,2.784324e+00
5.5560,2.780558e+00
5.5580,2.776798e+00
5.5600,2.773045e+00
5.5620,2.769298e+00
5.5640,2.765558e+00
5.5660,2.761824e+00
5.5680,2.758096e+00
5.5700,2.754374e+00
5.5720,2.750659e+00
5.5740,2.746949e+00
5.5760,2.743246e+00
5.5780,2.739550e+00
5.5800,2.735859e+00
5.5820,2.732175e+00
5.5840,2.728497e+00
5.5860,2.724825e+00
5.5880,2.721159e+00
5.5900,2.717500e+00
5.5920,2.713846e+00
5.5940,2.710199e+00
5.5960,2.706558e+00
5.5980,2.702923e+00
5.6000,2.699294e+00
5.6020,2.695671e+00
5.6040,2.692054e+00
5.6060,2.688443e+00
5.6080,2.684838e+00
5.6100,2.681240e+00
5.6120,2.677647e+00
5.6140,2.674060e+00
5.6160,2.670479e+00
5.6180,2.666905e+00
5.6200,2.663336e+00
5.6220,2.659773e+00
5.6240,2.656216e+00
5.6260,2.652665e+00
5.6280,2.649120e+00
5.6300,2.645581e+00
5.6320,2.642048e+00
5.6340,2.638521e+00
5.6360,2.634999e+00
5.6380,2.631484e+00
5.6400,2.627974e+00
5.6420,2.624470e+00
5.6440,2.620972e+00
5.6460,2.617480e+00
5.6480,2.613993e+00
5.6500,2.610513e+00
5.6520,2.607038e+00
5.6540,2.603569e+00
5.6560,2.600105e+00
5.6580,2.596648e+00
5.6600,2.593196e+00
5.6620,2.589750e+00
5.6640,2.586309e+00
5.6660,2.582874e+00
5.6680,2.579445e+00
5.6700,2.576022e+00
5.6720,2.572604e+00
5.6740,2.569192e+00
5.6760,2.565786e+00
5.6780,2.562385e+00
5.6800,2.558990e+00
5.6820,2.555601e+00
5.6840,2.552217e+00
5.6860,2.548838e+00
5.6880,2.545466e+00
5.6900,2.542098e+00
5.6920,2.538737e+00
5.6940,2.535381e+00
5.6960,2.532030e+00
5.6980,2.528685e+00
5.7000,2.525346e+00
5.7020,2.522012e+00
5.7040,2.518683e+00
5.7060,2.515360e+00
5.7080,2.512043e+00
5.7100,2.508731e+00
5.7120,2.505424e+00
5.7140,2.502123e+00
5.7160,2.498827e+00
5.7180,2.495536e+00
5.7200,2.492252e+00
5.7220,2.488972e+00
5.7240,2.485698e+00
5.7260,2.482429e+00
5.7280,2.479165e+00
5.7300,2.475907e+00
5.7320,2.472655e+00
5.7340,2.469407e+00
5.7360,2.466165e+00
5.7380,2.462928e+00
5.7400,2.459697e+00
5.7420,2.456471e+00
5.7440,2.453250e+00
5.7460,2.450034e+00
5.7480,2.446824e+00
5.7500,2.443618e+00
5.7520,2.440419e+00
5.7540,2.437224e+00
5.7560,2.434034e+00
5.7580,2.430850e+00
5.7600,2.427671e+00
5.7620,2.424497e+00
5.7640,2.421328e+00
5.7660,2.418165e+00
5.7680,2.415007e+00
5.7700,2.411853e+00
5.7720,2.408705e+00
5.7740,2.405562e+00
5.7760,2.402424e+00
5.7780,2.399292e+00
5.7800,2.396164e+00
5.7820,2.393041e+00
5.7840,2.389924e+00
5.7860,2.386811e+00
5.7880,2.383704e+00
5.7900,2.380602e+00
5.7920,2.377505e+00
5.7940,2.374412e+00
5.7960,2.371325e+00
5.7980,2.368243e+00
5.8000,2.365166e+00
5.8020,2.362093e+00
5.8040,2.359026e+00
5.8060,2.355964e+00
5.8080,2.352906e+00
5.8100,2.349854e+00
5.8120,2.346807e+00
5.8140,2.343764e+00
5.8160,2.340726e+00
5.8180,2.337694e+00
5.8200,2.334666e+00
5.8220,2.331643e+00
5.8240,2.328625e+00
5.8260,2.325612e+00
5.8280,2.322604e+00
5.8300,2.319600e+00
5.8320,2.316602e+00
5.8340,2.313608e+00
5.8360,2.310619e+00
5.8380,2.307635e+00
5.8400,2.304656e+00
5.8420,2.301681e+00
5.8440,2.298712e+00
5.8460,2.295747e+00
5.8480,2.292787e+00
5.8500,2.289831e+00
5.8520,2.286881e+00
5.8540,2.283935e+00
5.8560,2.280994e+00
5.8580,2.278057e+00
5.8600,2.275125e+00
5.8620,2.272198e+00
5.8640,2.269276e+00
5.8660,2.266359e+00
5.8680,2.263446e+00
5.8700,2.260537e+00
5.8720,2.257634e+00
5.8740,2.254735e+00
5.8760,2.251841e+00
5.8780,2.248951e+00
5.8800,2.246066e+00
5.8820,2.243185e+00
5.8840,2.240310e+00
5.8860,2.237438e+00
5.8880,2.234572e+00
5.8900,2.231710e+00
5.8920,2.228852e+00
5.8940,2.225999e+00
5.8960,2.223151e+00
5.8980,2.220307e+00
5.9000,2.217468e+00
5.9020,2.214633e+00
5.9040,2.211803e+00
5.9060,2.208977e+00
5.9080,2.206156e+00
5.9100,2.203340e+00
5.9120,2.200527e+00
5.9140,2.197720e+00
5.9160,2.194916e+00
5.9180,2.192118e+00
5.9200,2.189323e+00
5.9220,2.186533e+00
5.9240,2.183748e+00
5.9260,2.180967e+00
5.9280,2.178190e+00
5.9300,2.175418e+00
5.9320,2.172650e+00
5.9340,2.169887e+00
5.9360,2.167128e+00
5.9380,2.164373e+00
5.9400,2.161623e+00
5.9420,2.158877e+00
5.9440,2.156135e+00
5.9460,2.153398e+00
5.9480,2.150665e+00
5.9500,2.147937e+00
5.9520,2.145212e+00
5.9540,2.142493e+00
5.9560,2.139777e+00
5.9580,2.137066e+00
5.9600,2.134359e+00
5.9620,2.131656e+00
5.9640,2.128957e+00
5.9660,2.126263e+00
5.9680,2.123573e+00
5.9700,2.120887e+00
5.9720,2.118206e+00
5.9740,2.115529e+00
5.9760,2.112856e+00
5.9780,2.110187e+00
5.9800,2.107522e+00
5.9820,2.104862e+00
5.9840,2.102205e+00
5.9860,2.099553e+00
5.9880,2.096906e+00
5.9900,2.094262e+00
5.9920,2.091622e+00
5.9940,2.088987e+00
5.9960,2.086356e+00
5.9980,2.083728e+00
6.0000,2.081105e+00
6.0020,2.078487e+00
6.0040,2.075872e+00
6.0060,2.073261e+00
6.0080,2.070655e+00
6.0100,2.068052e+00
6.0120,2.065454e+00
6.0140,2.062859e+00
6.0160,2.060269e+00
6.0180,2.057683e+00
6.0200,2.055101e+00
6.0220,2.052523e+00
6.0240,2.049949e+00
6.0260,2.047379e+00
6.0280,2.044813e+00
6.0300,2.042251e+00
6.0320,2.039693e+00
6.0340,2.037139e+00
6.0360,2.034589e+00
6.0380,2.032043e+00
6.0400,2.029501e+00
6.0420,2.026963e+00
6.0440,2.024428e+00
6.0460,2.021898e+00
6.0480,2.019372e+00
6.0500,2.016850e+00
6.0520,2.014331e+00
6.0540,2.011817e+00
6.0560,2.009306e+00
6.0580,2.006800e+00
6.0600,2.004297e+00
6.0620,2.001798e+00
6.0640,1.999303e+00
6.0660,1.996812e+00
6.0680,1.994325e+00
6.0700,1.991842e+00
6.0720,1.989362e+00
6.0740,1.986887e+00
6.0760,1.984415e+00
6.0780,1.981947e+00
6.0800,1.979483e+00
6.0820,1.977023e+00
6.0840,1.974566e+00
6.0860,1.972114e+00
6.0880,1.969665e+00
6.0900,1.967220e+00
6.0920,1.964779e+00
6.0940,1.962341e+00
6.0960,1.959908e+00
6.0980,1.957478e+00
6.1000,1.955051e+00
6.1020,1.952629e+00
6.1040,1.950210e+00
6.1060,1.947795e+00
6.1080,1.945384e+00
6.1100,1.942977e+00
6.1120,1.940573e+00
6.1140,1.938173e+00
6.1160,1.935777e+00
6.1180,1.933384e+00
6.1200,1.930995e+00
6.1220,1.928610e+00
6.1240,1.926228e+00
6.1260,1.923850e+00
6.1280,1.921476e+00
6.1300,1.919105e+00
6.1320,1.916738e+00
6.1340,1.914375e+00
6.1360,1.912015e+00
6.1380,1.909659e+00
6.1400,1.907307e+00
6.1420,1.904958e+00
6.1440,1.902613e+00
6.1460,1.900271e+00
6.1480,1.897933e+00
6.1500,1.895599e+00
6.1520,1.893268e+00
6.1540,1.890941e+00
6.1560,1.888617e+00
6.1580,1.886297e+00
6.1600,1.883980e+00
6.1620,1.881667e+00
6.1640,1.879358e+00
6.1660,1.877052e+00
6.1680,1.874750e+00
6.1700,1.872451e+00
6.1720,1.870155e+00
6.1740,1.867863e+00
6.1760,1.865575e+00
6.1780,1.863290e+00
6.1800,1.861009e+00
6.1820,1.858731e+00
6.1840,1.856457e+00
6.1860,1.854186e+00
6.1880,1.851918e+00
6.1900,1.849654e+00
6.1920,1.847394e+00
6.1940,1.845137e+00
6.1960,1.842883e+00
6.1980,1.840633e+00
6.2000,1.838386e+00
6.2020,1.836143e+00
6.2040,1.833903e+00
6.2060,1.831666e+00
6.2080,1.829433e+00
6.2100,1.827203e+00
6.2120,1.824977e+00
6.2140,1.822754e+00
6.2160,1.820534e+00
6.2180,1.818318e+00
6.2200,1.816105e+00
6.2220,1.813896e+00
6.2240,1.811690e+00
6.2260,1.809487e+00
6.2280,1.807288e+00
6.2300,1.805091e+00
6.2320,1.802899e+00
6.2340,1.800709e+00
6.2360,1.798523e+00
6.2380,1.796340e+00
6.2400,1.794161e+00
6.2420,1.791985e+00
6.2440,1.789812e+00
6.2460,1.787642e+00
6.2480,1.785476e+00
6.2500,1.783313e+00
6.2520,1.781153e+00
6.2540,1.778996e+00
6.2560,1.776843e+00
6.2580,1.774693e+00
6.2600,1.772546e+00
6.2620,1.770403e+00
6.2640,1.768262e+00
6.2660,1.766125e+00
6.2680,1.763991e+00
6.2700,1.761861e+00
6.2720,1.759733e+00
6.2740,1.757609e+00
6.2760,1.755488e+00
6.2780,1.753370e+00
6.2800,1.751256e+00
6.2820,1.749144e+00
6.2840,1.747036e+00
6.2860,1.744931e+00
6.2880,1.742829e+00
6.2900,1.740730e+00
6.2920,1.738635e+00
6.2940,1.736542e+00
6.2960,1.734453e+00
6.2980,1.732367e+00
6.3000,1.730284e+00
6.3020,1.728204e+00
6.3040,1.726127e+00
6.3060,1.724053e+00
6.3080,1.721983e+00
6.3100,1.719915e+00
6.3120,1.717851e+00
6.3140,1.715789e+00
6.3160,1.713731e+00
6.3180,1.711676e+00
6.3200,1.709624e+00
6.3220,1.707575e+00
6.3240,1.705529e+00
6.3260,1.703486e+00
6.3280,1.701446e+00
6.3300,1.699410e+00
6.3320,1.697376e+00
6.3340,1.695345e+00
6.3360,1.693318e+00
6.3380,1.691293e+00
6.3400,1.689271e+00
6.3420,1.687253e+00
6.3440,1.685237e+00
6.3460,1.683225e+00
6.3480,1.681215e+00
6.3500,1.679208e+00
6.3520,1.677205e+00
6.3540,1.675204e+00
6.3560,1.673207e+00
6.3580,1.671212e+00
6.3600,1.669220e+00
6.3620,1.667232e+00
6.3640,1.665246e+00
6.3660,1.663263e+00
6.3680,1.661283e+00
6.3700,1.659306e+00
6.3720,1.657332e+00
6.3740,1.655361e+00
6.3760,1.653393e+00
6.3780,1.651428e+00
6.3800,1.649466e+00
6.3820,1.647506e+00
6.3840,1.645550e+00
6.3860,1.643596e+00
6.3880,1.641645e+00
6.3900,1.639698e+00
6.3920,1.637753e+00
6.3940,1.635811e+00
6.3960,1.633872e+00
6.3980,1.631935e+00
6.4000,1.630002e+00
6.4020,1.628071e+00
6.4040,1.626143e+00
6.4060,1.624219e+00
6.4080,1.622297e+00
6.4100,1.620377e+00
6.4120,1.618461e+00
6.4140,1.616548e+00
6.4160,1.614637e+00
6.4180,1.612729e+00
6.4200,1.610824e+00
6.4220,1.608922e+00
6.4240,1.607022e+00
6.4260,1.605126e+00
6.4280,1.603232e+00
6.4300,1.601341e+00
6.4320,1.599452e+00
6.4340,1.597567e+00
6.4360,1.595684e+00
6.4380,1.593804e+00
6.4400,1.591927e+00
6.4420,1.590052e+00
6.4440,1.588181e+00
6.4460,1.586312e+00
6.4480,1.584446e+00
6.4500,1.582582e+00
6.4520,1.580721e+00
6.4540,1.578863e+00
6.4560,1.577008e+00
6.4580,1.575156e+00
6.4600,1.573306e+00
6.4620,1.571459e+00
6.4640,1.569614e+00
6.4660,1.567773e+00
6.4680,1.565934e+00
6.4700,1.564097e+00
6.4720,1.562264e+00
6.4740,1.560433e+00
6.4760,1.558604e+00
6.4780,1.556779e+00
6.4800,1.554956e+00
6.4820,1.553136e+00
6.4840,1.551318e+00
6.4860,1.549503e+00
6.4880,1.547691e+00
6.4900,1.545881e+00
6.4920,1.544074e+00
6.4940,1.542270e+00
6.4960,1.540468e+00
6.4980,1.538669e+00
6.5000,1.536872e+00
6.5020,1.535078e+00
6.5040,1.533287e+00
6.5060,1.531498e+00
6.5080,1.529712e+00
6.5100,1.527929e+00
6.5120,1.526148e+00
6.5140,1.524370e+00
6.5160,1.522594e+00
6.5180,1.520821e+00
6.5200,1.519051e+00
6.5220,1.517283e+00
6.5240,1.515517e+00
6.5260,1.513754e+00
6.5280,1.511994e+00
6.5300,1.510236e+00
6.5320,1.508481e+00
6.5340,1.506729e+00
6.5360,1.504979e+00
6.5380,1.503231e+00
6.5400,1.501486e+00
6.5420,1.499744e+00
6.5440,1.498004e+00
6.5460,1.496266e+00
6.5480,1.494531e+00
6.5500,1.492799e+00
6.5520,1.491069e+00
6.5540,1.489342e+00
6.5560,1.487617e+00
6.5580,1.485894e+00
6.5600,1.484174e+00
6.5620,1.482457e+00
6.5640,1.480742e+00
6.5660,1.479030e+00
6.5680,1.477320e+00
6.5700,1.475612e+00
6.5720,1.473907e+00
6.5740,1.472204e+00
6.5760,1.470504e+00
6.5780,1.468807e+00
6.5800,1.467111e+00
6.5820,1.465418e+00
6.5840,1.463728e+00
6.5860,1.462040e+00
6.5880,1.460355e+00
6.5900,1.458672e+00
6.5920,1.456991e+00
6.5940,1.455313e+00
6.5960,1.453637e+00
6.5980,1.451963e+00
6.6000,1.450292e+00
6.6020,1.448624e+00
6.6040,1.446957e+00
6.6060,1.445294e+00
6.6080,1.443632e+00
6.6100,1.441973e+00
6.6120,1.440316e+00
6.6140,1.438662e+00
6.6160,1.437010e+00
6.6180,1.435361e+00
6.6200,1.433713e+00
6.6220,1.432069e+00
6.6240,1.430426e+00
6.6260,1.428786e+00
6.6280,1.427148e+00
6.6300,1.425513e+00
6.6320,1.423880e+00
6.6340,1.422249e+00
6.6360,1.420620e+00
6.6380,1.418994e+00
6.6400,1.417370e+00
6.6420,1.415749e+00
6.6440,1.414130e+00
6.6460,1.412513e+00
6.6480,1.410898e+00
6.6500,1.409286e+00
6.6520,1.407676e+00
6.6540,1.406069e+00
6.6560,1.404463e+00
6.6580,1.402860e+00
6.6600,1.401259e+00
6.6620,1.399661e+00
6.6640,1.398065e+00
6.6660,1.396471e+00
6.6680,1.394879e+00
6.6700,1.393290e+00
6.6720,1.391703e+00
6.6740,1.390118e+00
6.6760,1.388535e+00
6.6780,1.386955e+00
6.6800,1.385376e+00
6.6820,1.383800e+00
6.6840,1.382227e+00
6.6860,1.380655e+00
6.6880,1.379086e+00
6.6900,1.377519e+00
6.6920,1.375954e+00
6.6940,1.374392e+00
6.6960,1.372832e+00
6.6980,1.371273e+00
6.7000,1.369718e+00
6.7020,1.368164e+00
6.7040,1.366612e+00
6.7060,1.365063e+00
6.7080,1.363516e+00
6.7100,1.361971e+00
6.7120,1.360428e+00
6.7140,1.358888e+00
6.7160,1.357349e+00
6.7180,1.355813e+00
6.7200,1.354279e+00
6.7220,1.352747e+00
6.7240,1.351217e+00
6.7260,1.349690e+00
6.7280,1.348164e+00
6.7300,1.346641e+00
6.7320,1.345120e+00
6.7340,1.343601e+00
6.7360,1.342084e+00
6.7380,1.340570e+00
6.7400,1.339057e+00
6.7420,1.337547e+00
6.7440,1.336038e+00
6.7460,1.334532e+00
6.7480,1.333028e+00
6.7500,1.331526e+00
6.7520,1.330026e+00
6.7540,1.328529e+00
6.7560,1.327033e+00
6.7580,1.325540e+00
6.7600,1.324048e+00
6.7620,1.322559e+00
6.7640,1.321072e+00
6.7660,1.319587e+00
6.7680,1.318104e+00
6.7700,1.316623e+00
6.7720,1.315144e+00
6.7740,1.313667e+00
6.7760,1.312192e+00
6.7780,1.310719e+00
6.7800,1.309249e+00
6.7820,1.307780e+00
6.7840,1.306314e+00
6.7860,1.304849e+00
6.7880,1.303387e+00
6.7900,1.301927e+00
6.7920,1.300468e+00
6.7940,1.299012e+00
6.7960,1.297558e+00
6.7980,1.296106e+00
6.8000,1.294655e+00
6.8020,1.293207e+00
6.8040,1.291761e+00
6.8060,1.290317e+00
6.8080,1.288875e+00
6.8100,1.287435e+00
6.8120,1.285997e+00
6.8140,1.284561e+00
6.8160,1.283127e+00
6.8180,1.281695e+00
6.8200,1.280265e+00
6.8220,1.278836e+00
6.8240,1.277410e+00
6.8260,1.275986e+00
6.8280,1.274564e+00
6.8300,1.273144e+00
6.8320,1.271726e+00
6.8340,1.270310e+00
6.8360,1.268895e+00
6.8380,1.267483e+00
6.8400,1.266073e+00
6.8420,1.264665e+00
6.8440,1.263258e+00
6.8460,1.261854e+00
6.8480,1.260451e+00
6.8500,1.259051e+00
6.8520,1.257652e+00
6.8540,1.256255e+00
6.8560,1.254861e+00
6.8580,1.253468e+00
6.8600,1.252077e+00
6.8620,1.250688e+00
6.8640,1.249301e+00
6.8660,1.247916e+00
6.8680,1.246533e+00
6.8700,1.245152e+00
6.8720,1.243772e+00
6.8740,1.242395e+00
6.8760,1.241019e+00
6.8780,1.239646e+00
6.8800,1.238274e+00
6.8820,1.236904e+00
6.8840,1.235536e+00
6.8860,1.234170e+00
6.8880,1.232806e+00
6.8900,1.231444e+00
6.8920,1.230083e+00
6.8940,1.228725e+00
6.8960,1.227368e+00
6.8980,1.226013e+00
6.9000,1.224660e+00
6.9020,1.223309e+00
6.9040,1.221960e+00
6.9060,1.220613e+00
6.9080,1.219267e+00
6.9100,1.217923e+00
6.9120,1.216582e+00
6.9140,1.215242e+00
6.9160,1.213904e+00
6.9180,1.212567e+00
6.9200,1.211233e+00
6.9220,1.209900e+00
6.9240,1.208569e+00
6.9260,1.207241e+00
6.9280,1.205913e+00
6.9300,1.204588e+00
6.9320,1.203265e+00
6.9340,1.201943e+00
6.9360,1.200623e+00
6.9380,1.199305e+00
6.9400,1.197989e+00
6.9420,1.196674e+00
6.9440,1.195362e+00
6.9460,1.194051e+00
6.9480,1.192742e+00
6.9500,1.191435e+00
6.9520,1.190129e+00
6.9540,1.188826e+00
6.9560,1.187524e+00
6.9580,1.186224e+00
6.9600,1.184925e+00
6.9620,1.183629e+00
6.9640,1.182334e+00
6.9660,1.181041e+00
6.9680,1.179750e+00
6.9700,1.178460e+00
6.9720,1.177172e+00
6.9740,1.175886e+00
6.9760,1.174602e+00
6.9780,1.173320e+00
6.9800,1.172039e+00
6.9820,1.170760e+00
6.9840,1.169483e+00
6.9860,1.168207e+00
6.9880,1.166933e+00
6.9900,1.165661e+00
6.9920,1.164391e+00
6.9940,1.163123e+00
6.9960,1.161856e+00
6.9980,1.160591e+00
7.0000,1.159327e+00
7.0020,1.158065e+00
7.0040,1.156805e+00
7.0060,1.155547e+00
7.0080,1.154291e+00
7.0100,1.153036e+00
7.0120,1.151783e+00
7.0140,1.150531e+00
7.0160,1.149281e+00
7.0180,1.148033e+00
7.0200,1.146787e+00
7.0220,1.145542e+00
7.0240,1.144299e+00
7.0260,1.143058e+00
7.0280,1.141818e+00
7.0300,1.140581e+00
7.0320,1.139344e+00
7.0340,1.138110e+00
7.0360,1.136877e+00
7.0380,1.135646e+00
7.0400,1.134416e+00
7.0420,1.133188e+00
7.0440,1.131962e+00
7.0460,1.130737e+00
7.0480,1.129514e+00
7.0500,1.128293e+00
7.0520,1.127073e+00
7.0540,1.125855e+00
7.0560,1.124639e+00
7.0580,1.123424e+00
7.0600,1.122211e+00
7.0620,1.121000e+00
7.0640,1.119790e+00
7.0660,1.118581e+00
7.0680,1.117375e+00
7.0700,1.116170e+00
7.0720,1.114967e+00
7.0740,1.113765e+00
7.0760,1.112565e+00
7.0780,1.111366e+00
7.0800,1.110170e+00
7.0820,1.108974e+00
7.0840,1.107781e+00
7.0860,1.106589e+00
7.0880,1.105398e+00
7.0900,1.104209e+00
7.0920,1.103022e+00
7.0940,1.101836e+00
7.0960,1.100652e+00
7.0980,1.099470e+00
7.1000,1.098289e+00
7.1020,1.097110e+00
7.1040,1.095932e+00
7.1060,1.094756e+00
7.1080,1.093581e+00
7.1100,1.092408e+00
7.1120,1.091237e+00
7.1140,1.090067e+00
7.1160,1.088899e+00
7.1180,1.087732e+00
7.1200,1.086567e+00
7.1220,1.085403e+00
7.1240,1.084241e+00
7.1260,1.083081e+00
7.1280,1.081922e+00
7.1300,1.080764e+00
7.1320,1.079608e+00
7.1340,1.078454e+00
7.1360,1.077301e+00
7.1380,1.076150e+00
7.1400,1.075000e+00
7.1420,1.073852e+00
7.1440,1.072706e+00
7.1460,1.071561e+00
7.1480,1.070417e+00
7.1500,1.069275e+00
7.1520,1.068134e+00
7.1540,1.066995e+00
7.1560,1.065858e+00
7.1580,1.064722e+00
7.1600,1.063587e+00
7.1620,1.062455e+00
7.1640,1.061323e+00
7.1660,1.060193e+00
7.1680,1.059065e+00
7.1700,1.057938e+00
7.1720,1.056812e+00
7.1740,1.055688e+00
7.1760,1.054566e+00
7.1780,1.053445e+00
7.1800,1.052325e+00
7.1820,1.051207e+00
7.1840,1.050091e+00
7.1860,1.048976e+00
7.1880,1.047862e+00
7.1900,1.046750e+00
7.1920,1.045640e+00
7.1940,1.044530e+00
7.1960,1.043423e+00
7.1980,1.042317e+00
7.2000,1.041212e+00
7.2020,1.040108e+00
7.2040,1.039007e+00
7.2060,1.037906e+00
7.2080,1.036807e+00
7.2100,1.035710e+00
7.2120,1.034614e+00
7.2140,1.033519e+00
7.2160,1.032426e+00
7.2180,1.031335e+00
7.2200,1.030244e+00
7.2220,1.029156e+00
7.2240,1.028068e+00
7.2260,1.026982e+00
7.2280,1.025898e+00
7.2300,1.024815e+00
7.2320,1.023733e+00
7.2340,1.022653e+00
7.2360,1.021574e+00
7.2380,1.020497e+00
7.2400,1.019421e+00
7.2420,1.018346e+00
7.2440,1.017273e+00
7.2460,1.016202e+00
7.2480,1.015131e+00
7.2500,1.014062e+00
7.2520,1.012995e+00
7.2540,1.011929e+00
7.2560,1.010864e+00
7.2580,1.009801e+00
7.2600,1.008739e+00
7.2620,1.007678e+00
7.2640,1.006619e+00
7.2660,1.005562e+00
7.2680,1.004505e+00
7.2700,1.003450e+00
7.2720,1.002397e+00
7.2740,1.001345e+00
7.2760,1.000294e+00
7.2780,9.992445e-01
7.2800,9.981965e-01
7.2820,9.971498e-01
7.2840,9.961045e-01
7.2860,9.950606e-01
7.2880,9.940180e-01
7.2900,9.929768e-01
7.2920,9.919370e-01
7.2940,9.908985e-01
7.2960,9.898614e-01
7.2980,9.888256e-01
7.3000,9.877912e-01
7.3020,9.867581e-01
7.3040,9.857264e-01
7.3060,9.846961e-01
7.3080,9.836670e-01
7.3100,9.826394e-01
7.3120,9.816130e-01
7.3140,9.805880e-01
7.3160,9.795644e-01
7.3180,9.785420e-01
7.3200,9.775210e-01
7.3220,9.765014e-01
7.3240,9.754830e-01
7.3260,9.744660e-01
7.3280,9.734503e-01
7.3300,9.724360e-01
7.3320,9.714229e-01
7.3340,9.704112e-01
7.3360,9.694008e-01
7.3380,9.683917e-01
7.3400,9.673839e-01
7.3420,9.663774e-01
7.3440,9.653722e-01
7.3460,9.643684e-01
7.3480,9.633658e-01
7.3500,9.623645e-01
7.3520,9.613646e-01
7.3540,9.603659e-01
7.3560,9.593685e-01
7.3580,9.583725e-01
7.3600,9.573777e-01
7.3620,9.563842e-01
7.3640,9.553920e-01
7.3660,9.544010e-01
7.3680,9.534114e-01
7.3700,9.524230e-01
7.3720,9.514360e-01
7.3740,9.504502e-01
7.3760,9.494656e-01
7.3780,9.484824e-01
7.3800,9.475004e-01
7.3820,9.465197e-01
7.3840,9.455402e-01
7.3860,9.445620e-01
7.3880,9.435851e-01
7.3900,9.426095e-01
7.3920,9.416351e-01
7.3940,9.406619e-01
7.3960,9.396900e-01
7.3980,9.387194e-01
7.4000,9.377500e-01
7.4020,9.367819e-01
7.4040,9.358150e-01
7.4060,9.348494e-01
7.4080,9.338850e-01
7.4100,9.329218e-01
7.4120,9.319599e-01
7.4140,9.309993e-01
7.4160,9.300398e-01
7.4180,9.290816e-01
7.4200,9.281247e-01
7.4220,9.271689e-01
7.4240,9.262144e-01
7.4260,9.252611e-01
7.4280,9.243091e-01
7.4300,9.233582e-01
7.4320,9.224086e-01
7.4340,9.214602e-01
7.4360,9.205130e-01
7.4380,9.195671e-01
7.4400,9.186223e-01
7.4420,9.176788e-01
7.4440,9.167365e-01
7.4460,9.157954e-01
7.4480,9.148555e-01
7.4500,9.139167e-01
7.4520,9.129792e-01
7.4540,9.120429e-01
7.4560,9.111078e-01
7.4580,9.101739e-01
7.4600,9.092412e-01
7.4620,9.083097e-01
7.4640,9.073794e-01
7.4660,9.064502e-01
7.4680,9.055223e-01
7.4700,9.045955e-01
7.4720,9.036699e-01
7.4740,9.027455e-01
7.4760,9.018223e-01
7.4780,9.009003e-01
7.4800,8.999794e-01
7.4820,8.990597e-01
7.4840,8.981412e-01
7.4860,8.972239e-01
7.4880,8.963077e-01
7.4900,8.953927e-01
7.4920,8.944789e-01
7.4940,8.935662e-01
7.4960,8.926547e-01
7.4980,8.917444e-01
7.5000,8.908352e-01
7.5020,8.899271e-01
7.5040,8.890203e-01
7.5060,8.881145e-01
7.5080,8.872100e-01
7.5100,8.863065e-01
7.5120,8.854043e-01
7.5140,8.845031e-01
7.5160,8.836032e-01
7.5180,8.827043e-01
7.5200,8.818066e-01
7.5220,8.809101e-01
7.5240,8.800147e-01
7.5260,8.791204e-01
7.5280,8.782272e-01
7.5300,8.773352e-01
7.5320,8.764443e-01
7.5340,8.755546e-01
7.5360,8.746660e-01
7.5380,8.737785e-01
7.5400,8.728921e-01
7.5420,8.720068e-01
7.5440,8.711227e-01
7.5460,8.702397e-01
7.5480,8.693578e-01
7.5500,8.684770e-01
7.5520,8.675974e-01
7.5540,8.667188e-01
7.5560,8.658414e-01
7.5580,8.649650e-01
7.5600,8.640898e-01
7.5620,8.632157e-01
7.5640,8.623427e-01
7.5660,8.614708e-01
7.5680,8.606000e-01
7.5700,8.597303e-01
7.5720,8.588616e-01
7.5740,8.579941e-01
7.5760,8.571277e-01
7.5780,8.562624e-01
7.5800,8.553981e-01
7.5820,8.545350e-01
7.5840,8.536729e-01
7.5860,8.528119e-01
7.5880,8.519520e-01
7.5900,8.510932e-01
7.5920,8.502355e-01
7.5940,8.493788e-01
7.5960,8.485233e-01
7.5980,8.476688e-01
7.6000,8.468153e-01
7.6020,8.459630e-01
7.6040,8.451117e-01
7.6060,8.442615e-01
7.6080,8.434124e-01
7.6100,8.425643e-01
7.6120,8.417173e-01
7.6140,8.408713e-01
7.6160,8.400264e-01
7.6180,8.391826e-01
7.6200,8.383398e-01
7.6220,8.374981e-01
7.6240,8.366575e-01
7.6260,8.358179e-01
7.6280,8.349793e-01
7.6300,8.341418e-01
7.6320,8.333054e-01
7.6340,8.324700e-01
7.6360,8.316356e-01
7.6380,8.308023e-01
7.6400,8.299700e-01
7.6420,8.291388e-01
7.6440,8.283086e-01
7.6460,8.274794e-01
7.6480,8.266513e-01
7.6500,8.258242e-01
7.6520,8.249982e-01
7.6540,8.241732e-01
7.6560,8.233492e-01
7.6580,8.225262e-01
7.6600,8.217043e-01
7.6620,8.208834e-01
7.6640,8.200635e-01
7.6660,8.192446e-01
7.6680,8.184268e-01
7.6700,8.176100e-01
7.6720,8.167942e-01
7.6740,8.159794e-01
7.6760,8.151656e-01
7.6780,8.143529e-01
7.6800,8.135411e-01
7.6820,8.127304e-01
7.6840,8.119207e-01
7.6860,8.111119e-01
7.6880,8.103042e-01
7.6900,8.094975e-01
7.6920,8.086918e-01
7.6940,8.078871e-01
7.6960,8.070834e-01
7.6980,8.062807e-01
7.7000,8.054790e-01
7.7020,8.046783e-01
7.7040,8.038785e-01
7.7060,8.030798e-01
7.7080,8.022821e-01
7.7100,8.014853e-01
7.7120,8.006896e-01
7.7140,7.998948e-01
7.7160,7.991010e-01
7.7180,7.983082e-01
7.7200,7.975164e-01
7.7220,7.967255e-01
7.7240,7.959357e-01
7.7260,7.951468e-01
7.7280,7.943589e-01
7.7300,7.935719e-01
7.7320,7.927860e-01
7.7340,7.920010e-01
7.7360,7.912170e-01
7.7380,7.904339e-01
7.7400,7.896518e-01
7.7420,7.888707e-01
7.7440,7.880906e-01
7.7460,7.873114e-01
7.7480,7.865332e-01
7.7500,7.857559e-01
7.7520,7.849796e-01
7.7540,7.842042e-01
7.7560,7.834299e-01
7.7580,7.826564e-01
7.7600,7.818839e-01
7.7620,7.811124e-01
7.7640,7.803418e-01
7.7660,7.795722e-01
7.7680,7.788035e-01
7.7700,7.780358e-01
7.7720,7.772690e-01
7.7740,7.765031e-01
7.7760,7.757382e-01
7.7780,7.749743e-01
7.7800,7.742112e-01
7.7820,7.734491e-01
7.7840,7.726880e-01
7.7860,7.719278e-01
7.7880,7.711685e-01
7.7900,7.704101e-01
7.7920,7.696527e-01
7.7940,7.688962e-01
7.7960,7.681407e-01
7.7980,7.673860e-01
7.8000,7.666323e-01
7.8020,7.658795e-01
7.8040,7.651277e-01
7.8060,7.643767e-01
7.8080,7.636267e-01
7.8100,7.628776e-01
7.8120,7.621294e-01
7.8140,7.613822e-01
7.8160,7.606358e-01
7.8180,7.598904e-01
7.8200,7.591459e-01
7.8220,7.584022e-01
7.8240,7.576595e-01
7.8260,7.569177e-01
7.8280,7.561769e-01
7.8300,7.554369e-01
7.8320,7.546978e-01
7.8340,7.539596e-01
7.8360,7.532223e-01
7.8380,7.524860e-01
7.8400,7.517505e-01
7.8420,7.510159e-01
7.8440,7.502822e-01
7.8460,7.495494e-01
7.8480,7.488175e-01
7.8500,7.480865e-01
7.8520,7.473564e-01
7.8540,7.466272e-01
7.8560,7.458989e-01
7.8580,7.451714e-01
7.8600,7.444449e-01
7.8620,7.437192e-01
7.8640,7.429944e-01
7.8660,7.422705e-01
7.8680,7.415475e-01
7.8700,7.408253e-01
7.8720,7.401040e-01
7.8740,7.393836e-01
7.8760,7.386641e-01
7.8780,7.379455e-01
7.8800,7.372277e-01
7.8820,7.365108e-01
7.8840,7.357948e-01
7.8860,7.350796e-01
7.8880,7.343653e-01
7.8900,7.336519e-01
7.8920,7.329393e-01
7.8940,7.322276e-01
7.8960,7.315168e-01
7.8980,7.308068e-01
7.9000,7.300977e-01
7.9020,7.293895e-01
7.9040,7.286821e-01
7.9060,7.279755e-01
7.9080,7.272699e-01
7.9100,7.265650e-01
7.9120,7.258611e-01
7.9140,7.251579e-01
7.9160,7.244557e-01
7.9180,7.237542e-01
7.9200,7.230537e-01
7.9220,7.223539e-01
7.9240,7.216550e-01
7.9260,7.209570e-01
7.9280,7.202598e-01
7.9300,7.195635e-01
7.9320,7.188679e-01
7.9340,7.181733e-01
7.9360,7.174794e-01
7.9380,7.167864e-01
7.9400,7.160943e-01
7.9420,7.154029e-01
7.9440,7.147124e-01
7.9460,7.140228e-01
7.9480,7.133340e-01
7.9500,7.126460e-01
7.9520,7.119588e-01
7.9540,7.112724e-01
7.9560,7.105869e-01
7.9580,7.099022e-01
7.9600,7.092183e-01
7.9620,7.085353e-01
7.9640,7.078531e-01
7.9660,7.071717e-01
7.9680,7.064911e-01
7.9700,7.058113e-01
7.9720,7.051324e-01
7.9740,7.044542e-01
7.9760,7.037769e-01
7.9780,7.031004e-01
7.9800,7.024247e-01
7.9820,7.017498e-01
7.9840,7.010757e-01
7.9860,7.004025e-01
7.9880,6.997300e-01
7.9900,6.990583e-01
7.9920,6.983875e-01
7.9940,6.977174e-01
7.9960,6.970482e-01
7.9980,6.963798e-01
8.0000,6.957121e-01
8.0020,6.950453e-01
8.0040,6.943792e-01
8.0060,6.937140e-01
8.0080,6.930495e-01
8.0100,6.923859e-01
8.0120,6.917230e-01
8.0140,6.910609e-01
8.0160,6.903997e-01
8.0180,6.897392e-01
8.0200,6.890795e-01
8.0220,6.884206e-01
8.0240,6.877624e-01
8.0260,6.871051e-01
8.0280,6.864485e-01
8.0300,6.857928e-01
8.0320,6.851378e-01
8.0340,6.844836e-01
8.0360,6.838301e-01
8.0380,6.831775e-01
8.0400,6.825256e-01
8.0420,6.818745e-01
8.0440,6.812242e-01
8.0460,6.805747e-01
8.0480,6.799259e-01
8.0500,6.792779e-01
8.0520,6.786307e-01
8.0540,6.779842e-01
8.0560,6.773385e-01
8.0580,6.766936e-01
8.0600,6.760494e-01
8.0620,6.754061e-01
8.0640,6.747634e-01
8.0660,6.741216e-01
8.0680,6.734805e-01
8.0700,6.728401e-01
8.0720,6.722006e-01
8.0740,6.715617e-01
8.0760,6.709237e-01
8.0780,6.702864e-01
8.0800,6.696498e-01
8.0820,6.690140e-01
8.0840,6.683790e-01
8.0860,6.677447e-01
8.0880,6.671112e-01
8.0900,6.664784e-01
8.0920,6.658464e-01
8.0940,6.652151e-01
8.0960,6.645845e-01
8.0980,6.639548e-01
8.1000,6.633257e-01
8.1020,6.626974e-01
8.1040,6.620699e-01
8.1060,6.614430e-01
8.1080,6.608170e-01
8.1100,6.601916e-01
8.1120,6.595670e-01
8.1140,6.589432e-01
8.1160,6.583200e-01
8.1180,6.576977e-01
8.1200,6.570760e-01
8.1220,6.564551e-01
8.1240,6.558349e-01
8.1260,6.552155e-01
8.1280,6.545967e-01
8.1300,6.539787e-01
8.1320,6.533615e-01
8.1340,6.527449e-01
8.1360,6.521291e-01
8.1380,6.515140e-01
8.1400,6.508997e-01
8.1420,6.502861e-01
8.1440,6.496731e-01
8.1460,6.490609e-01
8.1480,6.484495e-01
8.1500,6.478387e-01
8.1520,6.472287e-01
8.1540,6.466194e-01
8.1560,6.460108e-01
8.1580,6.454029e-01
8.1600,6.447957e-01
8.1620,6.441892e-01
8.1640,6.435835e-01
8.1660,6.429785e-01
8.1680,6.423741e-01
8.1700,6.417705e-01
8.1720,6.411676e-01
8.1740,6.405654e-01
8.1760,6.399639e-01
8.1780,6.393631e-01
8.1800,6.387631e-01
8.1820,6.381637e-01
8.1840,6.375650e-01
8.1860,6.369670e-01
8.1880,6.363697e-01
8.1900,6.357732e-01
8.1920,6.351773e-01
8.1940,6.345821e-01
8.1960,6.339876e-01
8.1980,6.333938e-01
8.2000,6.328007e-01
8.2020,6.322083e-01
8.2040,6.316166e-01
8.2060,6.310256e-01
8.2080,6.304353e-01
8.2100,6.298456e-01
8.2120,6.292567e-01
8.2140,6.286684e-01
8.2160,6.280809e-01
8.2180,6.274940e-01
8.2200,6.269078e-01
8.2220,6.263223e-01
8.2240,6.257374e-01
8.2260,6.251533e-01
8.2280,6.245698e-01
8.2300,6.239870e-01
8.2320,6.234049e-01
8.2340,6.228234e-01
8.2360,6.222427e-01
8.2380,6.216626e-01
8.2400,6.210832e-01
8.2420,6.205045e-01
8.2440,6.199264e-01
8.2460,6.193490e-01
8.2480,6.187723e-01
8.2500,6.181963e-01
8.2520,6.176209e-01
8.2540,6.170462e-01
8.2560,6.164721e-01
8.2580,6.158988e-01
8.2600,6.153261e-01
8.2620,6.147540e-01
8.2640,6.141826e-01
8.2660,6.136119e-01
8.2680,6.130419e-01
8.2700,6.124725e-01
8.2720,6.119038e-01
8.2740,6.113357e-01
8.2760,6.107683e-01
8.2780,6.102015e-01
8.2800,6.096354e-01
8.2820,6.090700e-01
8.2840,6.085052e-01
8.2860,6.079411e-01
8.2880,6.073776e-01
8.2900,6.068148e-01
8.2920,6.062526e-01
8.2940,6.056911e-01
8.2960,6.051302e-01
8.2980,6.045700e-01
8.3000,6.040104e-01
8.3020,6.034514e-01
8.3040,6.028932e-01
8.3060,6.023355e-01
8.3080,6.017785e-01
8.3100,6.012222e-01
8.3120,6.006664e-01
8.3140,6.001114e-01
8.3160,5.995569e-01
8.3180,5.990032e-01
8.3200,5.984500e-01
8.3220,5.978975e-01
8.3240,5.973456e-01
8.3260,5.967944e-01
8.3280,5.962438e-01
8.3300,5.956938e-01
8.3320,5.951445e-01
8.3340,5.945958e-01
8.3360,5.940477e-01
8.3380,5.935002e-01
8.3400,5.929534e-01
8.3420,5.924072e-01
8.3440,5.918617e-01
8.3460,5.913168e-01
8.3480,5.907725e-01
8.3500,5.902288e-01
8.3520,5.896857e-01
8.3540,5.891433e-01
8.3560,5.886015e-01
8.3580,5.880603e-01
8.3600,5.875198e-01
8.3620,5.869798e-01
8.3640,5.864405e-01
8.3660,5.859018e-01
8.3680,5.853637e-01
8.3700,5.848262e-01
8.3720,5.842894e-01
8.3740,5.837532e-01
8.3760,5.832175e-01
8.3780,5.826825e-01
8.3800,5.821481e-01
8.3820,5.816144e-01
8.3840,5.810812e-01
8.3860,5.805486e-01
8.3880,5.800167e-01
8.3900,5.794853e-01
8.3920,5.789546e-01
8.3940,5.784245e-01
8.3960,5.778950e-01
8.3980,5.773661e-01
8.4000,5.768377e-01
8.4020,5.763100e-01
8.4040,5.757829e-01
8.4060,5.752564e-01
8.4080,5.747305e-01
8.4100,5.742052e-01
8.4120,5.736805e-01
8.4140,5.731564e-01
8.4160,5.726329e-01
8.4180,5.721100e-01
8.4200,5.715877e-01
8.4220,5.710660e-01
8.4240,5.705449e-01
8.4260,5.700243e-01
8.4280,5.695044e-01
8.4300,5.689851e-01
8.4320,5.684663e-01
8.4340,5.679482e-01
8.4360,5.674306e-01
8.4380,5.669136e-01
8.4400,5.663972e-01
8.4420,5.658814e-01
8.4440,5.653662e-01
8.4460,5.648516e-01
8.4480,5.643375e-01
8.4500,5.638241e-01
8.4520,5.633112e-01
8.4540,5.627989e-01
8.4560,5.622872e-01
8.4580,5.617760e-01
8.4600,5.612655e-01
8.4620,5.607555e-01
8.4640,5.602461e-01
8.4660,5.597373e-01
8.4680,5.592291e-01
8.4700,5.587214e-01
8.4720,5.582143e-01
8.4740,5.577078e-01
8.4760,5.572019e-01
8.4780,5.566965e-01
8.4800,5.561917e-01
8.4820,5.556875e-01
8.4840,5.551838e-01
8.4860,5.546807e-01
8.4880,5.541782e-01
8.4900,5.536763e-01
8.4920,5.531749e-01
8.4940,5.526741e-01
8.4960,5.521739e-01
8.4980,5.516742e-01
8.5000,5.511751e-01
8.5020,5.506765e-01
8.5040,5.501785e-01
8.5060,5.496811e-01
8.5080,5.491842e-01
8.5100,5.486879e-01
8.5120,5.481922e-01
8.5140,5.476970e-01
8.5160,5.472024e-01
8.5180,5.467083e-01
8.5200,5.462148e-01
8.5220,5.457219e-01
8.5240,5.452295e-01
8.5260,5.447376e-01
8.5280,5.442463e-01
8.5300,5.437556e-01
8.5320,5.432654e-01
8.5340,5.427758e-01
8.5360,5.422867e-01
8.5380,5.417982e-01
8.5400,5.413102e-01
8.5420,5.408228e-01
8.5440,5.403359e-01
8.5460,5.398496e-01
8.5480,5.393638e-01
8.5500,5.388786e-01
8.5520,5.383939e-01
8.5540,5.379097e-01
8.5560,5.374261e-01
8.5580,5.369430e-01
8.5600,5.364605e-01
8.5620,5.359785e-01
8.5640,5.354971e-01
8.5660,5.350162e-01
8.5680,5.345358e-01
8.5700,5.340560e-01
8.5720,5.335767e-01
8.5740,5.330980e-01
8.5760,5.326198e-01
8.5780,5.321421e-01
8.5800,5.316649e-01
8.5820,5.311883e-01
8.5840,5.307123e-01
8.5860,5.302367e-01
8.5880,5.297617e-01
8.5900,5.292873e-01
8.5920,5.288133e-01
8.5940,5.283399e-01
8.5960,5.278670e-01
8.5980,5.273946e-01
8.6000,5.269228e-01
8.6020,5.264515e-01
8.6040,5.259807e-01
8.6060,5.255105e-01
8.6080,5.250408e-01
8.6100,5.245716e-01
8.6120,5.241029e-01
8.6140,5.236347e-01
8.6160,5.231671e-01
8.6180,5.227000e-01
8.6200,5.222334e-01
8.6220,5.217673e-01
8.6240,5.213018e-01
8.6260,5.208368e-01
8.6280,5.203722e-01
8.6300,5.199083e-01
8.6320,5.194448e-01
8.6340,5.189818e-01
8.6360,5.185194e-01
8.6380,5.180574e-01
8.6400,5.175960e-01
8.6420,5.171351e-01
8.6440,5.166747e-01
8.6460,5.162148e-01
8.6480,5.157555e-01
8.6500,5.152966e-01
8.6520,5.148383e-01
8.6540,5.143804e-01
8.6560,5.139231e-01
8.6580,5.134663e-01
8.6600,5.130099e-01
8.6620,5.125541e-01
8.6640,5.120988e-01
8.6660,5.116440e-01
8.6680,5.111897e-01
8.6700,5.107359e-01
8.6720,5.102827e-01
8.6740,5.098299e-01
8.6760,5.093776e-01
8.6780,5.089258e-01
8.6800,5.084745e-01
8.6820,5.080237e-01
8.6840,5.075735e-01
8.6860,5.071237e-01
8.6880,5.066744e-01
8.6900,5.062256e-01
8.6920,5.057773e-01
8.6940,5.053295e-01
8.6960,5.048822e-01
8.6980,5.044354e-01
8.7000,5.039891e-01
8.7020,5.035433e-01
8.7040,5.030979e-01
8.7060,5.026531e-01
8.7080,5.022087e-01
8.7100,5.017649e-01
8.7120,5.013215e-01
8.7140,5.008786e-01
8.7160,5.004363e-01
8.7180,4.999944e-01
8.7200,4.995529e-01
8.7220,4.991120e-01
8.7240,4.986716e-01
8.7260,4.982316e-01
8.7280,4.977922e-01
8.7300,4.973532e-01
8.7320,4.969147e-01
8.7340,4.964767e-01
8.7360,4.960391e-01
8.7380,4.956021e-01
8.7400,4.951655e-01
8.7420,4.947294e-01
8.7440,4.942938e-01
8.7460,4.938586e-01
8.7480,4.934240e-01
8.7500,4.929898e-01
8.7520,4.925561e-01
8.7540,4.921229e-01
8.7560,4.916901e-01
8.7580,4.912579e-01
8.7600,4.908261e-01
8.7620,4.903947e-01
8.7640,4.899639e-01
8.7660,4.895335e-01
8.7680,4.891036e-01
8.7700,4.886742e-01
8.7720,4.882452e-01
8.7740,4.878167e-01
8.7760,4.873887e-01
8.7780,4.869611e-01
8.7800,4.865340e-01
8.7820,4.861074e-01
8.7840,4.856813e-01
8.7860,4.852556e-01
8.7880,4.848304e-01
8.7900,4.844056e-01
8.7920,4.839813e-01
8.7940,4.835575e-01
8.7960,4.831341e-01
8.7980,4.827112e-01
8.8000,4.822888e-01
8.8020,4.818668e-01
8.8040,4.814453e-01
8.8060,4.810242e-01
8.8080,4.806036e-01
8.8100,4.801835e-01
8.8120,4.797638e-01
8.8140,4.793446e-01
8.8160,4.789259e-01
8.8180,4.785076e-01
8.8200,4.780897e-01
8.8220,4.776723e-01
8.8240,4.772554e-01
8.8260,4.768389e-01
8.8280,4.764229e-01
8.8300,4.760073e-01
8.8320,4.755922e-01
8.8340,4.751775e-01
8.8360,4.747633e-01
8.8380,4.743495e-01
8.8400,4.739362e-01
8.8420,4.735233e-01
8.8440,4.731109e-01
8.8460,4.726990e-01
8.8480,4.722874e-01
8.8500,4.718764e-01
8.8520,4.714657e-01
8.8540,4.710556e-01
8.8560,4.706458e-01
8.8580,4.702365e-01
8.8600,4.698277e-01
8.8620,4.694193e-01
8.8640,4.690113e-01
8.8660,4.686038e-01
8.8680,4.681967e-01
8.8700,4.677901e-01
8.8720,4.673839e-01
8.8740,4.669782e-01
8.8760,4.665729e-01
8.8780,4.661680e-01
8.8800,4.657636e-01
8.8820,4.653596e-01
8.8840,4.649560e-01
8.8860,4.645529e-01
8.8880,4.641502e-01
8.8900,4.637480e-01
8.8920,4.633461e-01
8.8940,4.629448e-01
8.8960,4.625438e-01
8.8980,4.621433e-01
8.9000,4.617432e-01
8.9020,4.613436e-01
8.9040,4.609444e-01
8.9060,4.605456e-01
8.9080,4.601473e-01
8.9100,4.597494e-01
8.9120,4.593519e-01
8.9140,4.589548e-01
8.9160,4.585582e-01
8.9180,4.581620e-01
8.9200,4.577662e-01
8.9220,4.573709e-01
8.9240,4.569759e-01
8.9260,4.565814e-01
8.9280,4.561874e-01
8.9300,4.557937e-01
8.9320,4.554005e-01
8.9340,4.550077e-01
8.9360,4.546153e-01
8.9380,4.542234e-01
8.9400,4.538318e-01
8.9420,4.534407e-01
8.9440,4.530501e-01
8.9460,4.526598e-01
8.9480,4.522699e-01
8.9500,4.518805e-01
8.9520,4.514915e-01
8.9540,4.511029e-01
8.9560,4.507147e-01
8.9580,4.503270e-01
8.9600,4.499396e-01
8.9620,4.495527e-01
8.9640,4.491662e-01
8.9660,4.487801e-01
8.9680,4.483944e-01
8.9700,4.480092e-01
8.9720,4.476243e-01
8.9740,4.472399e-01
8.9760,4.468559e-01
8.9780,4.464723e-01
8.9800,4.460891e-01
8.9820,4.457063e-01
8.9840,4.453239e-01
8.9860,4.449419e-01
8.9880,4.445604e-01
8.9900,4.441792e-01
8.9920,4.437985e-01
8.9940,4.434181e-01
8.9960,4.430382e-01
8.9980,4.426587e-01
9.0000,4.422795e-01
9.0020,4.419008e-01
9.0040,4.415225e-01
9.0060,4.411446e-01
9.0080,4.407671e-01
9.0100,4.403900e-01
9.0120,4.400133e-01
9.0140,4.396371e-01
9.0160,4.392612e-01
9.0180,4.388857e-01
9.0200,4.385106e-01
9.0220,4.381359e-01
9.0240,4.377616e-01
9.0260,4.373877e-01
9.0280,4.370142e-01
9.0300,4.366412e-01
9.0320,4.362685e-01
9.0340,4.358962e-01
9.0360,4.355243e-01
9.0380,4.351528e-01
9.0400,4.347817e-01
9.0420,4.344110e-01
9.0440,4.340406e-01
9.0460,4.336707e-01
9.0480,4.333012e-01
9.0500,4.329321e-01
9.0520,4.325633e-01
9.0540,4.321950e-01
9.0560,4.318270e-01
9.0580,4.314595e-01
9.0600,4.310923e-01
9.0620,4.307255e-01
9.0640,4.303591e-01
9.0660,4.299931e-01
9.0680,4.296275e-01
9.0700,4.292623e-01
9.0720,4.288974e-01
9.0740,4.285330e-01
9.0760,4.281689e-01
9.0780,4.278052e-01
9.0800,4.274419e-01
9.0820,4.270790e-01
9.0840,4.267165e-01
9.0860,4.263543e-01
9.0880,4.259926e-01
9.0900,4.256312e-01
9.0920,4.252702e-01
9.0940,4.249096e-01
9.0960,4.245494e-01
9.0980,4.241895e-01
9.1000,4.238301e-01
9.1020,4.234710e-01
9.1040,4.231123e-01
9.1060,4.227540e-01
9.1080,4.223960e-01
9.1100,4.220385e-01
9.1120,4.216813e-01
9.1140,4.213245e-01
9.1160,4.209680e-01
9.1180,4.206120e-01
9.1200,4.202563e-01
9.1220,4.199010e-01
9.1240,4.195461e-01
9.1260,4.191915e-01
9.1280,4.188373e-01
9.1300,4.184835e-01
9.1320,4.181301e-01
9.1340,4.177770e-01
9.1360,4.174243e-01
9.1380,4.170720e-01
9.1400,4.167201e-01
9.1420,4.163685e-01
9.1440,4.160173e-01
9.1460,4.156665e-01
9.1480,4.153160e-01
9.1500,4.149659e-01
9.1520,4.146162e-01
9.1540,4.142668e-01
9.1560,4.139178e-01
9.1580,4.135692e-01
9.1600,4.132210e-01
9.1620,4.128731e-01
9.1640,4.125255e-01
9.1660,4.121784e-01
9.1680,4.118316e-01
9.1700,4.114852e-01
9.1720,4.111391e-01
9.1740,4.107934e-01
9.1760,4.104480e-01
9.1780,4.101031e-01
9.1800,4.097585e-01
9.1820,4.094142e-01
9.1840,4.090703e-01
9.1860,4.087268e-01
9.1880,4.083836e-01
9.1900,4.080408e-01
9.1920,4.076984e-01
9.1940,4.073563e-01
9.1960,4.070145e-01
9.1980,4.066731e-01
9.2000,4.063321e-01
9.2020,4.059915e-01
9.2040,4.056512e-01
9.2060,4.053112e-01
9.2080,4.049716e-01
9.2100,4.046324e-01
9.2120,4.042935e-01
9.2140,4.039550e-01
9.2160,4.036168e-01
9.2180,4.032790e-01
9.2200,4.029415e-01
9.2220,4.026044e-01
9.2240,4.022676e-01
9.2260,4.019312e-01
9.2280,4.015952e-01
9.2300,4.012595e-01
9.2320,4.009241e-01
9.2340,4.005891e-01
9.2360,4.002544e-01
9.2380,3.999201e-01
9.2400,3.995862e-01
9.2420,3.992526e-01
9.2440,3.989193e-01
9.2460,3.985864e-01
9.2480,3.982538e-01
9.2500,3.979216e-01
9.2520,3.975897e-01
9.2540,3.972582e-01
9.2560,3.969270e-01
9.2580,3.965962e-01
9.2600,3.962657e-01
9.2620,3.959355e-01
9.2640,3.956057e-01
9.2660,3.952762e-01
9.2680,3.949471e-01
9.2700,3.946183e-01
9.2720,3.942899e-01
9.2740,3.939618e-01
9.2760,3.936341e-01
9.2780,3.933066e-01
9.2800,3.929796e-01
9.2820,3.926528e-01
9.2840,3.923264e-01
9.2860,3.920004e-01
9.2880,3.916747e-01
9.2900,3.913493e-01
9.2920,3.910242e-01
9.2940,3.906995e-01
9.2960,3.903752e-01
9.2980,3.900511e-01
9.3000,3.897274e-01
9.3020,3.894041e-01
9.3040,3.890810e-01
9.3060,3.887584e-01
9.3080,3.884360e-01
9.3100,3.881140e-01
9.3120,3.877923e-01
9.3140,3.874709e-01
9.3160,3.871499e-01
9.3180,3.868292e-01
9.3200,3.865089e-01
9.3220,3.861888e-01
9.3240,3.858691e-01
9.3260,3.855498e-01
9.3280,3.852307e-01
9.3300,3.849120e-01
9.3320,3.845936e-01
9.3340,3.842756e-01
9.3360,3.839579e-01
9.3380,3.836405e-01
9.3400,3.833234e-01
9.3420,3.830067e-01
9.3440,3.826903e-01
9.3460,3.823742e-01
9.3480,3.820584e-01
9.3500,3.817430e-01
9.3520,3.814279e-01
9.3540,3.811131e-01
9.3560,3.807986e-01
9.3580,3.804845e-01
9.3600,3.801707e-01
9.3620,3.798572e-01
9.3640,3.795440e-01
9.3660,3.792312e-01
9.3680,3.789187e-01
9.3700,3.786065e-01
9.3720,3.782946e-01
9.3740,3.779831e-01
9.3760,3.776718e-01
9.3780,3.773609e-01
9.3800,3.770503e-01
9.3820,3.767400e-01
9.3840,3.764301e-01
9.3860,3.761204e-01
9.3880,3.758111e-01
9.3900,3.755021e-01
9.3920,3.751934e-01
9.3940,3.748851e-01
9.3960,3.745770e-01
9.3980,3.742693e-01
9.4000,3.739619e-01
9.4020,3.736548e-01
9.4040,3.733480e-01
9.4060,3.730415e-01
9.4080,3.727353e-01
9.4100,3.724295e-01
9.4120,3.721239e-01
9.4140,3.718187e-01
9.4160,3.715138e-01
9.4180,3.712092e-01
9.4200,3.709049e-01
9.4220,3.706010e-01
9.4240,3.702973e-01
9.4260,3.699940e-01
9.4280,3.696909e-01
9.4300,3.693882e-01
9.4320,3.690858e-01
9.4340,3.687837e-01
9.4360,3.684819e-01
9.4380,3.681804e-01
9.4400,3.678792e-01
9.4420,3.675783e-01
9.4440,3.672777e-01
9.4460,3.669775e-01
9.4480,3.666775e-01
9.4500,3.663779e-01
9.4520,3.660785e-01
9.4540,3.657795e-01
9.4560,3.654807e-01
9.4580,3.651823e-01
9.4600,3.648842e-01
9.4620,3.645864e-01
9.4640,3.642889e-01
9.4660,3.639916e-01
9.4680,3.636947e-01
9.4700,3.633981e-01
9.4720,3.631018e-01
9.4740,3.628058e-01
9.4760,3.625101e-01
9.4780,3.622147e-01
9.4800,3.619196e-01
9.4820,3.616248e-01
9.4840,3.613303e-01
9.4860,3.610361e-01
9.4880,3.607422e-01
9.4900,3.604486e-01
9.4920,3.601553e-01
9.4940,3.598623e-01
9.4960,3.595696e-01
9.4980,3.592772e-01
9.5000,3.589851e-01
9.5020,3.586932e-01
9.5040,3.584017e-01
9.5060,3.581105e-01
9.5080,3.578196e-01
9.5100,3.575289e-01
9.5120,3.572386e-01
9.5140,3.569485e-01
9.5160,3.566588e-01
9.5180,3.563693e-01
9.5200,3.560802e-01
9.5220,3.557913e-01
9.5240,3.555027e-01
9.5260,3.552144e-01
9.5280,3.549264e-01
9.5300,3.546387e-01
9.5320,3.543513e-01
9.5340,3.540642e-01
9.5360,3.537774e-01
9.5380,3.534908e-01
9.5400,3.532046e-01
9.5420,3.529186e-01
9.5440,3.526330e-01
9.5460,3.523476e-01
9.5480,3.520625e-01
9.5500,3.517777e-01
9.5520,3.514932e-01
9.5540,3.512089e-01
9.5560,3.509250e-01
9.5580,3.506413e-01
9.5600,3.503580e-01
9.5620,3.500749e-01
9.5640,3.497921e-01
9.5660,3.495096e-01
9.5680,3.492273e-01
9.5700,3.489454e-01
9.5720,3.486637e-01
9.5740,3.483824e-01
9.5760,3.481013e-01
9.5780,3.478205e-01
9.5800,3.475399e-01
9.5820,3.472597e-01
9.5840,3.469797e-01
9.5860,3.467000e-01
9.5880,3.464207e-01
9.5900,3.461415e-01
9.5920,3.458627e-01
9.5940,3.455841e-01
9.5960,3.453059e-01
9.5980,3.450279e-01
9.6000,3.447502e-01
9.6020,3.444727e-01
9.6040,3.441956e-01
9.6060,3.439187e-01
9.6080,3.436421e-01
9.6100,3.433658e-01
9.6120,3.430897e-01
9.6140,3.428140e-01
9.6160,3.425385e-01
9.6180,3.422633e-01
9.6200,3.419883e-01
9.6220,3.417137e-01
9.6240,3.414393e-01
9.6260,3.411652e-01
9.6280,3.408913e-01
9.6300,3.406178e-01
9.6320,3.403445e-01
9.6340,3.400715e-01
9.6360,3.397987e-01
9.6380,3.395263e-01
9.6400,3.392541e-01
9.6420,3.389821e-01
9.6440,3.387105e-01
9.6460,3.384391e-01
9.6480,3.381680e-01
9.6500,3.378972e-01
9.6520,3.376266e-01
9.6540,3.373563e-01
9.6560,3.370863e-01
9.6580,3.368166e-01
9.6600,3.365471e-01
9.6620,3.362779e-01
9.6640,3.360089e-01
9.6660,3.357402e-01
9.6680,3.354718e-01
9.6700,3.352037e-01
9.6720,3.349358e-01
9.6740,3.346682e-01
9.6760,3.344009e-01
9.6780,3.341338e-01
9.6800,3.338670e-01
9.6820,3.336005e-01
9.6840,3.333342e-01
9.6860,3.330682e-01
9.6880,3.328024e-01
9.6900,3.325370e-01
9.6920,3.322718e-01
9.6940,3.320068e-01
9.6960,3.317421e-01
9.6980,3.314777e-01
9.7000,3.312135e-01
9.7020,3.309497e-01
9.7040,3.306860e-01
9.7060,3.304227e-01
9.7080,3.301595e-01
9.7100,3.298967e-01
9.7120,3.296341e-01
9.7140,3.293718e-01
9.7160,3.291097e-01
9.7180,3.288479e-01
9.7200,3.285864e-01
9.7220,3.283251e-01
9.7240,3.280641e-01
9.7260,3.278033e-01
9.7280,3.275428e-01
9.7300,3.272826e-01
9.7320,3.270226e-01
9.7340,3.267629e-01
9.7360,3.265034e-01
9.7380,3.262442e-01
9.7400,3.259852e-01
9.7420,3.257265e-01
9.7440,3.254681e-01
9.7460,3.252099e-01
9.7480,3.249519e-01
9.7500,3.246943e-01
9.7520,3.244368e-01
9.7540,3.241797e-01
9.7560,3.239228e-01
9.7580,3.236661e-01
9.7600,3.234097e-01
9.7620,3.231536e-01
9.7640,3.228977e-01
9.7660,3.226420e-01
9.7680,3.223866e-01
9.7700,3.221315e-01
9.7720,3.218766e-01
9.7740,3.216220e-01
9.7760,3.213676e-01
9.7780,3.211135e-01
9.7800,3.208596e-01
9.7820,3.206059e-01
9.7840,3.203526e-01
9.7860,3.200994e-01
9.7880,3.198466e-01
9.7900,3.195939e-01
9.7920,3.193416e-01
9.7940,3.190894e-01
9.7960,3.188375e-01
9.7980,3.185859e-01
9.8000,3.183345e-01
9.8020,3.180834e-01
9.8040,3.178325e-01
9.8060,3.175818e-01
9.8080,3.173314e-01
9.8100,3.170813e-01
9.8120,3.168314e-01
9.8140,3.165817e-01
9.8160,3.163323e-01
9.8180,3.160832e-01
9.8200,3.158342e-01
9.8220,3.155856e-01
9.8240,3.153371e-01
9.8260,3.150889e-01
9.8280,3.148410e-01
9.8300,3.145933e-01
9.8320,3.143458e-01
9.8340,3.140986e-01
9.8360,3.138517e-01
9.8380,3.136049e-01
9.8400,3.133584e-01
9.8420,3.131122e-01
9.8440,3.128662e-01
9.8460,3.126204e-01
9.8480,3.123749e-01
9.8500,3.121296e-01
9.8520,3.118846e-01
9.8540,3.116398e-01
9.8560,3.113952e-01
9.8580,3.111509e-01
9.8600,3.109068e-01
9.8620,3.106630e-01
9.8640,3.104194e-01
9.8660,3.101760e-01
9.8680,3.099329e-01
9.8700,3.096900e-01
9.8720,3.094474e-01
9.8740,3.092050e-01
9.8760,3.089628e-01
9.8780,3.087209e-01
9.8800,3.084792e-01
9.8820,3.082377e-01
9.8840,3.079965e-01
9.8860,3.077555e-01
9.8880,3.075147e-01
9.8900,3.072742e-01
9.8920,3.070339e-01
9.8940,3.067939e-01
9.8960,3.065541e-01
9.8980,3.063145e-01
9.9000,3.060751e-01
9.9020,3.058360e-01
9.9040,3.055971e-01
9.9060,3.053585e-01
9.9080,3.051201e-01
9.9100,3.048819e-01
9.9120,3.046439e-01
9.9140,3.044062e-01
9.9160,3.041687e-01
9.9180,3.039315e-01
9.9200,3.036944e-01
9.9220,3.034577e-01
9.9240,3.032211e-01
9.9260,3.029848e-01
9.9280,3.027487e-01
9.9300,3.025128e-01
9.9320,3.022771e-01
9.9340,3.020417e-01
9.9360,3.018065e-01
9.9380,3.015716e-01
9.9400,3.013369e-01
9.9420,3.011024e-01
9.9440,3.008681e-01
9.9460,3.006340e-01
9.9480,3.004002e-01
9.9500,3.001666e-01
9.9520,2.999333e-01
9.9540,2.997001e-01
9.9560,2.994672e-01
9.9580,2.992345e-01
9.9600,2.990021e-01
9.9620,2.987699e-01
9.9640,2.985379e-01
9.9660,2.983061e-01
9.9680,2.980745e-01
9.9700,2.978432e-01
9.9720,2.976121e-01
9.9740,2.973812e-01
9.9760,2.971505e-01
9.9780,2.969201e-01
9.9800,2.966899e-01
9.9820,2.964599e-01
9.9840,2.962301e-01
9.9860,2.960006e-01
9.9880,2.957713e-01
9.9900,2.955422e-01
9.9920,2.953133e-01
9.9940,2.950846e-01
9.9960,2.948562e-01
9.9980,2.946280e-01
10.0000,2.944000e-01
10.0020,2.941722e-01
10.0040,2.939446e-01
10.0060,2.937173e-01
10.0080,2.934902e-01
10.0100,2.932633e-01
10.0120,2.930366e-01
10.0140,2.928102e-01
10.0160,2.925839e-01
10.0180,2.923579e-01
10.0200,2.921321e-01
10.0220,2.919065e-01
10.0240,2.916811e-01
10.0260,2.914560e-01
10.0280,2.912311e-01
10.0300,2.910063e-01
10.0320,2.907818e-01
10.0340,2.905576e-01
10.0360,2.903335e-01
10.0380,2.901096e-01
10.0400,2.898860e-01
10.0420,2.896626e-01
10.0440,2.894394e-01
10.0460,2.892164e-01
10.0480,2.889936e-01
10.0500,2.887710e-01
10.0520,2.885487e-01
10.0540,2.883266e-01
10.0560,2.881046e-01
10.0580,2.878829e-01
10.0600,2.876614e-01
10.0620,2.874402e-01
10.0640,2.872191e-01
10.0660,2.869982e-01
10.0680,2.867776e-01
10.0700,2.865572e-01
10.0720,2.863369e-01
10.0740,2.861169e-01
10.0760,2.858971e-01
10.0780,2.856776e-01
10.0800,2.854582e-01
10.0820,2.852390e-01
10.0840,2.850201e-01
10.0860,2.848013e-01
10.0880,2.845828e-01
10.0900,2.843644e-01
10.0920,2.841463e-01
10.0940,2.839284e-01
10.0960,2.837107e-01
10.0980,2.834932e-01
10.1000,2.832760e-01
10.1020,2.830589e-01
10.1040,2.828420e-01
10.1060,2.826254e-01
10.1080,2.824089e-01
10.1100,2.821927e-01
10.1120,2.819766e-01
10.1140,2.817608e-01
10.1160,2.815452e-01
10.1180,2.813297e-01
10.1200,2.811145e-01
10.1220,2.808995e-01
10.1240,2.806847e-01
10.1260,2.804701e-01
10.1280,2.802557e-01
10.1300,2.800415e-01
10.1320,2.798276e-01
10.1340,2.796138e-01
10.1360,2.794002e-01
10.1380,2.791868e-01
10.1400,2.789737e-01
10.1420,2.787607e-01
10.1440,2.785480e-01
10.1460,2.783354e-01
10.1480,2.781230e-01
10.1500,2.779109e-01
10.1520,2.776989e-01
10.1540,2.774872e-01
10.1560,2.772756e-01
10.1580,2.770643e-01
10.1600,2.768532e-01
10.1620,2.766422e-01
10.1640,2.764315e-01
10.1660,2.762209e-01
10.1680,2.760106e-01
10.1700,2.758004e-01
10.1720,2.755905e-01
10.1740,2.753808e-01
10.1760,2.751712e-01
10.1780,2.749619e-01
10.1800,2.747527e-01
10.1820,2.745438e-01
10.1840,2.743350e-01
10.1860,2.741265e-01
10.1880,2.739181e-01
10.1900,2.737100e-01
10.1920,2.735020e-01
10.1940,2.732943e-01
10.1960,2.730867e-01
10.1980,2.728793e-01
10.2000,2.726722e-01
10.2020,2.724652e-01
10.2040,2.722584e-01
10.2060,2.720519e-01
10.2080,2.718455e-01
10.2100,2.716393e-01
10.2120,2.714333e-01
10.2140,2.712275e-01
10.2160,2.710219e-01
10.2180,2.708165e-01
10.2200,2.706113e-01
10.2220,2.704063e-01
10.2240,2.702014e-01
10.2260,2.699968e-01
10.2280,2.697924e-01
10.2300,2.695881e-01
10.2320,2.693841e-01
10.2340,2.691802e-01
10.2360,2.689765e-01
10.2380,2.687731e-01
10.2400,2.685698e-01
10.2420,2.683667e-01
10.2440,2.681638e-01
10.2460,2.679611e-01
10.2480,2.677586e-01
10.2500,2.675563e-01
10.2520,2.673541e-01
10.2540,2.671522e-01
10.2560,2.669504e-01
10.2580,2.667489e-01
10.2600,2.665475e-01
10.2620,2.663463e-01
10.2640,2.661453e-01
10.2660,2.659445e-01
10.2680,2.657439e-01
10.2700,2.655435e-01
10.2720,2.653433e-01
10.2740,2.651432e-01
10.2760,2.649434e-01
10.2780,2.647437e-01
10.2800,2.645442e-01
10.2820,2.643449e-01
10.2840,2.641458e-01
10.2860,2.639469e-01
10.2880,2.637482e-01
10.2900,2.635496e-01
10.2920,2.633513e-01
10.2940,2.631531e-01
10.2960,2.629551e-01
10.2980,2.627573e-01
10.3000,2.625597e-01
10.3020,2.623623e-01
10.3040,2.621651e-01
10.3060,2.619680e-01
10.3080,2.617711e-01
10.3100,2.615744e-01
10.3120,2.613779e-01
10.3140,2.611816e-01
10.3160,2.609855e-01
10.3180,2.607895e-01
10.3200,2.605938e-01
10.3220,2.603982e-01
10.3240,2.602028e-01
10.3260,2.600076e-01
10.3280,2.598126e-01
10.3300,2.596177e-01
10.3320,2.594230e-01
10.3340,2.592286e-01
10.3360,2.590343e-01
10.3380,2.588401e-01
10.3400,2.586462e-01
10.3420,2.584524e-01
10.3440,2.582589e-01
10.3460,2.580655e-01
10.3480,2.578723e-01
10.3500,2.576792e-01
10.3520,2.574864e-01
10.3540,2.572937e-01
10.3560,2.571012e-01
10.3580,2.569089e-01
10.3600,2.567168e-01
10.3620,2.565248e-01
10.3640,2.563330e-01
10.3660,2.561414e-01
10.3680,2.559500e-01
10.3700,2.557588e-01
10.3720,2.555677e-01
10.3740,2.553768e-01
10.3760,2.551861e-01
10.3780,2.549956e-01
10.3800,2.548053e-01
10.3820,2.546151e-01
10.3840,2.544251e-01
10.3860,2.542353e-01
10.3880,2.540457e-01
10.3900,2.538562e-01
10.3920,2.536669e-01
10.3940,2.534778e-01
10.3960,2.532889e-01
10.3980,2.531001e-01
10.4000,2.529115e-01
10.4020,2.527231e-01
10.4040,2.525349e-01
10.4060,2.523469e-01
10.4080,2.521590e-01
10.4100,2.519713e-01
10.4120,2.517837e-01
10.4140,2.515964e-01
10.4160,2.514092e-01
10.4180,2.512222e-01
10.4200,2.510354e-01
10.4220,2.508487e-01
10.4240,2.506622e-01
10.4260,2.504759e-01
10.4280,2.502898e-01
10.4300,2.501038e-01
10.4320,2.499180e-01
10.4340,2.497324e-01
10.4360,2.495469e-01
10.4380,2.493616e-01
10.4400,2.491765e-01
10.4420,2.489916e-01
10.4440,2.488068e-01
10.4460,2.486222e-01
10.4480,2.484378e-01
10.4500,2.482536e-01
10.4520,2.480695e-01
10.4540,2.478856e-01
10.4560,2.477018e-01
10.4580,2.475183e-01
10.4600,2.473349e-01
10.4620,2.471516e-01
10.4640,2.469686e-01
10.4660,2.467857e-01
10.4680,2.466030e-01
10.4700,2.464204e-01
10.4720,2.462380e-01
10.4740,2.460558e-01
10.4760,2.458738e-01
10.4780,2.456919e-01
10.4800,2.455102e-01
10.4820,2.453286e-01
10.4840,2.451473e-01
10.4860,2.449661e-01
10.4880,2.447850e-01
10.4900,2.446042e-01
10.4920,2.444234e-01
10.4940,2.442429e-01
10.4960,2.440625e-01
10.4980,2.438823e-01
10.5000,2.437023e-01
10.5020,2.435224e-01
10.5040,2.433427e-01
10.5060,2.431632e-01
10.5080,2.429838e-01
10.5100,2.428046e-01
10.5120,2.426255e-01
10.5140,2.424467e-01
10.5160,2.422679e-01
10.5180,2.420894e-01
10.5200,2.419110e-01
10.5220,2.417328e-01
10.5240,2.415547e-01
10.5260,2.413768e-01
10.5280,2.411991e-01
10.5300,2.410215e-01
10.5320,2.408441e-01
10.5340,2.406669e-01
10.5360,2.404898e-01
10.5380,2.403129e-01
10.5400,2.401361e-01
10.5420,2.399595e-01
10.5440,2.397831e-01
10.5460,2.396068e-01
10.5480,2.394307e-01
10.5500,2.392548e-01
10.5520,2.390790e-01
10.5540,2.389034e-01
10.5560,2.387279e-01
10.5580,2.385526e-01
10.5600,2.383775e-01
10.5620,2.382025e-01
10.5640,2.380277e-01
10.5660,2.378530e-01
10.5680,2.376786e-01
10.5700,2.375042e-01
10.5720,2.373300e-01
10.5740,2.371560e-01
10.5760,2.369822e-01
10.5780,2.368085e-01
10.5800,2.366349e-01
10.5820,2.364615e-01
10.5840,2.362883e-01
10.5860,2.361153e-01
10.5880,2.359424e-01
10.5900,2.357696e-01
10.5920,2.355970e-01
10.5940,2.354246e-01
10.5960,2.352523e-01
10.5980,2.350802e-01
10.6000,2.349082e-01
10.6020,2.347364e-01
10.6040,2.345648e-01
10.6060,2.343933e-01
10.6080,2.342220e-01
10.6100,2.340508e-01
10.6120,2.338798e-01
10.6140,2.337089e-01
10.6160,2.335382e-01
10.6180,2.333677e-01
10.6200,2.331973e-01
10.6220,2.330270e-01
10.6240,2.328570e-01
10.6260,2.326870e-01
10.6280,2.325173e-01
10.6300,2.323476e-01
10.6320,2.321782e-01
10.6340,2.320089e-01
10.6360,2.318397e-01
10.6380,2.316707e-01
10.6400,2.315019e-01
10.6420,2.313332e-01
10.6440,2.311646e-01
10.6460,2.309962e-01
10.6480,2.308280e-01
10.6500,2.306599e-01
10.6520,2.304920e-01
10.6540,2.303242e-01
10.6560,2.301566e-01
10.6580,2.299891e-01
10.6600,2.298218e-01
10.6620,2.296546e-01
10.6640,2.294876e-01
10.6660,2.293208e-01
10.6680,2.291540e-01
10.6700,2.289875e-01
10.6720,2.288211e-01
10.6740,2.286548e-01
10.6760,2.284887e-01
10.6780,2.283228e-01
10.6800,2.281570e-01
10.6820,2.279913e-01
10.6840,2.278258e-01
10.6860,2.276604e-01
10.6880,2.274952e-01
10.6900,2.273302e-01
10.6920,2.271653e-01
10.6940,2.270005e-01
10.6960,2.268359e-01
10.6980,2.266715e-01
10.7000,2.265071e-01
10.7020,2.263430e-01
10.7040,2.261790e-01
10.7060,2.260151e-01
10.7080,2.258514e-01
10.7100,2.256878e-01
10.7120,2.255244e-01
10.7140,2.253611e-01
10.7160,2.251980e-01
10.7180,2.250351e-01
10.7200,2.248722e-01
10.7220,2.247095e-01
10.7240,2.245470e-01
10.7260,2.243846e-01
10.7280,2.242224e-01
10.7300,2.240603e-01
10.7320,2.238983e-01
10.7340,2.237365e-01
10.7360,2.235749e-01
10.7380,2.234134e-01
10.7400,2.232520e-01
10.7420,2.230908e-01
10.7440,2.229297e-01
10.7460,2.227688e-01
10.7480,2.226080e-01
10.7500,2.224474e-01
10.7520,2.222869e-01
10.7540,2.221265e-01
10.7560,2.219663e-01
10.7580,2.218063e-01
10.7600,2.216464e-01
10.7620,2.214866e-01
10.7640,2.213270e-01
10.7660,2.211675e-01
10.7680,2.210082e-01
10.7700,2.208490e-01
10.7720,2.206899e-01
10.7740,2.205310e-01
10.7760,2.203722e-01
10.7780,2.202136e-01
10.7800,2.200551e-01
10.7820,2.198968e-01
10.7840,2.197386e-01
10.7860,2.195805e-01
10.7880,2.194226e-01
10.7900,2.192649e-01
10.7920,2.191072e-01
10.7940,2.189497e-01
10.7960,2.187924e-01
10.7980,2.186352e-01
10.8000,2.184781e-01
10.8020,2.183212e-01
10.8040,2.181644e-01
10.8060,2.180078e-01
10.8080,2.178513e-01
10.8100,2.176949e-01
10.8120,2.175387e-01
10.8140,2.173826e-01
10.8160,2.172267e-01
10.8180,2.170709e-01
10.8200,2.169152e-01
10.8220,2.167597e-01
10.8240,2.166043e-01
10.8260,2.164491e-01
10.8280,2.162940e-01
10.8300,2.161390e-01
10.8320,2.159842e-01
10.8340,2.158295e-01
10.8360,2.156750e-01
10.8380,2.155205e-01
10.8400,2.153663e-01
10.8420,2.152121e-01
10.8440,2.150581e-01
10.8460,2.149043e-01
10.8480,2.147506e-01
10.8500,2.145970e-01
10.8520,2.144435e-01
10.8540,2.142902e-01
10.8560,2.141370e-01
10.8580,2.139840e-01
10.8600,2.138311e-01
10.8620,2.136783e-01
10.8640,2.135257e-01
10.8660,2.133732e-01
10.8680,2.132209e-01
10.8700,2.130687e-01
10.8720,2.129166e-01
10.8740,2.127646e-01
10.8760,2.126128e-01
10.8780,2.124611e-01
10.8800,2.123096e-01
10.8820,2.121582e-01
10.8840,2.120069e-01
10.8860,2.118558e-01
10.8880,2.117048e-01
10.8900,2.115539e-01
10.8920,2.114032e-01
10.8940,2.112526e-01
10.8960,2.111021e-01
10.8980,2.109518e-01
10.9000,2.108016e-01
10.9020,2.106515e-01
10.9040,2.105016e-01
10.9060,2.103518e-01
10.9080,2.102021e-01
10.9100,2.100526e-01
10.9120,2.099032e-01
10.9140,2.097539e-01
10.9160,2.096048e-01
10.9180,2.094558e-01
10.9200,2.093069e-01
10.9220,2.091582e-01
10.9240,2.090096e-01
10.9260,2.088611e-01
10.9280,2.087128e-01
10.9300,2.085646e-01
10.9320,2.084165e-01
10.9340,2.082686e-01
10.9360,2.081207e-01
10.9380,2.079731e-01
10.9400,2.078255e-01
10.9420,2.076781e-01
10.9440,2.075308e-01
10.9460,2.073836e-01
10.9480,2.072366e-01
10.9500,2.070897e-01
10.9520,2.069429e-01
10.9540,2.067963e-01
10.9560,2.066498e-01
10.9580,2.065034e-01
10.9600,2.063571e-01
10.9620,2.062110e-01
10.9640,2.060650e-01
10.9660,2.059192e-01
10.9680,2.057734e-01
10.9700,2.056278e-01
10.9720,2.054824e-01
10.9740,2.053370e-01
10.9760,2.051918e-01
10.9780,2.050467e-01
10.9800,2.049017e-01
10.9820,2.047569e-01
10.9840,2.046122e-01
10.9860,2.044676e-01
10.9880,2.043232e-01
10.9900,2.041788e-01
10.9920,2.040346e-01
10.9940,2.038906e-01
10.9960,2.037466e-01
10.9980,2.036028e-01
11.0000,2.034591e-01
11.0020,2.033156e-01
11.0040,2.031721e-01
11.0060,2.030288e-01
11.0080,2.028856e-01
11.0100,2.027426e-01
11.0120,2.025996e-01
11.0140,2.024568e-01
11.0160,2.023142e-01
11.0180,2.021716e-01
11.0200,2.020292e-01
11.0220,2.018869e-01
11.0240,2.017447e-01
11.0260,2.016027e-01
11.0280,2.014607e-01
11.0300,2.013189e-01
11.0320,2.011772e-01
11.0340,2.010357e-01
11.0360,2.008943e-01
11.0380,2.007530e-01
11.0400,2.006118e-01
11.0420,2.004707e-01
11.0440,2.003298e-01
11.0460,2.001890e-01
11.0480,2.000483e-01
11.0500,1.999077e-01
11.0520,1.997673e-01
11.0540,1.996270e-01
11.0560,1.994868e-01
11.0580,1.993467e-01
11.0600,1.992068e-01
11.0620,1.990670e-01
11.0640,1.989273e-01
11.0660,1.987877e-01
11.0680,1.986482e-01
11.0700,1.985089e-01
11.0720,1.983697e-01
11.0740,1.982306e-01
11.0760,1.980916e-01
11.0780,1.979528e-01
11.0800,1.978140e-01
11.0820,1.976754e-01
11.0840,1.975370e-01
11.0860,1.973986e-01
11.0880,1.972604e-01
11.0900,1.971222e-01
11.0920,1.969842e-01
11.0940,1.968464e-01
11.0960,1.967086e-01
11.0980,1.965710e-01
11.1000,1.964335e-01
11.1020,1.962961e-01
11.1040,1.961588e-01
11.1060,1.960216e-01
11.1080,1.958846e-01
11.1100,1.957477e-01
11.1120,1.956109e-01
11.1140,1.954742e-01
11.1160,1.953377e-01
11.1180,1.952012e-01
11.1200,1.950649e-01
11.1220,1.949287e-01
11.1240,1.947926e-01
11.1260,1.946566e-01
11.1280,1.945208e-01
11.1300,1.943851e-01
11.1320,1.942495e-01
11.1340,1.941140e-01
11.1360,1.939786e-01
11.1380,1.938434e-01
11.1400,1.937082e-01
11.1420,1.935732e-01
11.1440,1.934383e-01
11.1460,1.933035e-01
11.1480,1.931689e-01
11.1500,1.930343e-01
11.1520,1.928999e-01
11.1540,1.927656e-01
11.1560,1.926314e-01
11.1580,1.924973e-01
11.1600,1.923633e-01
11.1620,1.922295e-01
11.1640,1.920957e-01
11.1660,1.919621e-01
11.1680,1.918286e-01
11.1700,1.916952e-01
11.1720,1.915620e-01
11.1740,1.914288e-01
11.1760,1.912958e-01
11.1780,1.911629e-01
11.1800,1.910301e-01
11.1820,1.908974e-01
11.1840,1.907648e-01
11.1860,1.906323e-01
11.1880,1.905000e-01
11.1900,1.903678e-01
11.1920,1.902356e-01
11.1940,1.901036e-01
11.1960,1.899718e-01
11.1980,1.898400e-01
11.2000,1.897083e-01
11.2020,1.895768e-01
11.2040,1.894454e-01
11.2060,1.893140e-01
11.2080,1.891828e-01
11.2100,1.890518e-01
11.2120,1.889208e-01
11.2140,1.887899e-01
11.2160,1.886592e-01
11.2180,1.885285e-01
11.2200,1.883980e-01
11.2220,1.882676e-01
11.2240,1.881373e-01
11.2260,1.880071e-01
11.2280,1.878770e-01
11.2300,1.877471e-01
11.2320,1.876172e-01
11.2340,1.874875e-01
11.2360,1.873579e-01
11.2380,1.872284e-01
11.2400,1.870990e-01
11.2420,1.869697e-01
11.2440,1.868405e-01
11.2460,1.867115e-01
11.2480,1.865825e-01
11.2500,1.864537e-01
11.2520,1.863249e-01
11.2540,1.861963e-01
11.2560,1.860678e-01
11.2580,1.859394e-01
11.2600,1.858111e-01
11.2620,1.856829e-01
11.2640,1.855549e-01
11.2660,1.854269e-01
11.2680,1.852991e-01
11.2700,1.851713e-01
11.2720,1.850437e-01
11.2740,1.849162e-01
11.2760,1.847888e-01
11.2780,1.846615e-01
11.2800,1.845343e-01
11.2820,1.844072e-01
11.2840,1.842803e-01
11.2860,1.841534e-01
11.2880,1.840267e-01
11.2900,1.839000e-01
11.2920,1.837735e-01
11.2940,1.836471e-01
11.2960,1.835208e-01
11.2980,1.833945e-01
11.3000,1.832685e-01
11.3020,1.831425e-01
11.3040,1.830166e-01
11.3060,1.828908e-01
11.3080,1.827651e-01
11.3100,1.826396e-01
11.3120,1.825141e-01
11.3140,1.823888e-01
11.3160,1.822636e-01
11.3180,1.821384e-01
11.3200,1.820134e-01
11.3220,1.818885e-01
11.3240,1.817637e-01
11.3260,1.816390e-01
11.3280,1.815144e-01
11.3300,1.813899e-01
11.3320,1.812656e-01
11.3340,1.811413e-01
11.3360,1.810171e-01
11.3380,1.808931e-01
11.3400,1.807691e-01
11.3420,1.806453e-01
11.3440,1.805215e-01
11.3460,1.803979e-01
11.3480,1.802744e-01
11.3500,1.801510e-01
11.3520,1.800276e-01
11.3540,1.799044e-01
11.3560,1.797813e-01
11.3580,1.796583e-01
11.3600,1.795354e-01
11.3620,1.794126e-01
11.3640,1.792899e-01
11.3660,1.791674e-01
11.3680,1.790449e-01
11.3700,1.789225e-01
11.3720,1.788003e-01
11.3740,1.786781e-01
11.3760,1.785560e-01
11.3780,1.784341e-01
11.3800,1.783122e-01
11.3820,1.781905e-01
11.3840,1.780688e-01
11.3860,1.779473e-01
11.3880,1.778259e-01
11.3900,1.777045e-01
11.3920,1.775833e-01
11.3940,1.774622e-01
11.3960,1.773412e-01
11.3980,1.772202e-01
11.4000,1.770994e-01
11.4020,1.769787e-01
11.4040,1.768581e-01
11.4060,1.767376e-01
11.4080,1.766172e-01
11.4100,1.764969e-01
11.4120,1.763767e-01
11.4140,1.762566e-01
11.4160,1.761366e-01
11.4180,1.760167e-01
11.4200,1.758969e-01
11.4220,1.757772e-01
11.4240,1.756576e-01
11.4260,1.755382e-01
11.4280,1.754188e-01
11.4300,1.752995e-01
11.4320,1.751803e-01
11.4340,1.750612e-01
11.4360,1.749423e-01
11.4380,1.748234e-01
11.4400,1.747046e-01
11.4420,1.745859e-01
11.4440,1.744673e-01
11.4460,1.743489e-01
11.4480,1.742305e-01
11.4500,1.741122e-01
11.4520,1.739941e-01
11.4540,1.738760e-01
11.4560,1.737580e-01
11.4580,1.736401e-01
11.4600,1.735224e-01
11.4620,1.734047e-01
11.4640,1.732871e-01
11.4660,1.731696e-01
11.4680,1.730523e-01
11.4700,1.729350e-01
11.4720,1.728178e-01
11.4740,1.727007e-01
11.4760,1.725838e-01
11.4780,1.724669e-01
11.4800,1.723501e-01
11.4820,1.722334e-01
11.4840,1.721168e-01
11.4860,1.720003e-01
11.4880,1.718840e-01
11.4900,1.717677e-01
11.4920,1.716515e-01
11.4940,1.715354e-01
11.4960,1.714194e-01
11.4980,1.713035e-01
11.5000,1.711877e-01
11.5020,1.710720e-01
11.5040,1.709564e-01
11.5060,1.708409e-01
11.5080,1.707255e-01
11.5100,1.706102e-01
11.5120,1.704950e-01
11.5140,1.703799e-01
11.5160,1.702649e-01
11.5180,1.701499e-01
11.5200,1.700351e-01
11.5220,1.699204e-01
11.5240,1.698058e-01
11.5260,1.696912e-01
11.5280,1.695768e-01
11.5300,1.694624e-01
11.5320,1.693482e-01
11.5340,1.692341e-01
11.5360,1.691200e-01
11.5380,1.690060e-01
11.5400,1.688922e-01
11.5420,1.687784e-01
11.5440,1.686648e-01
11.5460,1.685512e-01
11.5480,1.684377e-01
11.5500,1.683243e-01
11.5520,1.682110e-01
11.5540,1.680979e-01
11.5560,1.679848e-01
11.5580,1.678718e-01
11.5600,1.677588e-01
11.5620,1.676460e-01
11.5640,1.675333e-01
11.5660,1.674207e-01
11.5680,1.673082e-01
11.5700,1.671957e-01
11.5720,1.670834e-01
11.5740,1.669712e-01
11.5760,1.668590e-01
11.5780,1.667470e-01
11.5800,1.666350e-01
11.5820,1.665231e-01
11.5840,1.664114e-01
11.5860,1.662997e-01
11.5880,1.661881e-01
11.5900,1.660766e-01
11.5920,1.659652e-01
11.5940,1.658539e-01
11.5960,1.657427e-01
11.5980,1.656316e-01
11.6000,1.655205e-01
11.6020,1.654096e-01
11.6040,1.652988e-01
11.6060,1.651880e-01
11.6080,1.650774e-01
11.6100,1.649668e-01
11.6120,1.648563e-01
11.6140,1.647460e-01
11.6160,1.646357e-01
11.6180,1.645255e-01
11.6200,1.644154e-01
11.6220,1.643054e-01
11.6240,1.641954e-01
11.6260,1.640856e-01
11.6280,1.639759e-01
11.6300,1.638663e-01
11.6320,1.637567e-01
11.6340,1.636472e-01
11.6360,1.635379e-01
11.6380,1.634286e-01
11.6400,1.633194e-01
11.6420,1.632103e-01
11.6440,1.631013e-01
11.6460,1.629924e-01
11.6480,1.628836e-01
11.6500,1.627749e-01
11.6520,1.626662e-01
11.6540,1.625577e-01
11.6560,1.624492e-01
11.6580,1.623409e-01
11.6600,1.622326e-01
11.6620,1.621244e-01
11.6640,1.620163e-01
11.6660,1.619083e-01
11.6680,1.618004e-01
11.6700,1.616925e-01
11.6720,1.615848e-01
11.6740,1.614772e-01
11.6760,1.613696e-01
11.6780,1.612621e-01
11.6800,1.611548e-01
11.6820,1.610475e-01
11.6840,1.609403e-01
11.6860,1.608332e-01
11.6880,1.607261e-01
11.6900,1.606192e-01
11.6920,1.605124e-01
11.6940,1.604056e-01
11.6960,1.602989e-01
11.6980,1.601924e-01
11.7000,1.600859e-01
11.7020,1.599795e-01
11.7040,1.598732e-01
11.7060,1.597669e-01
11.7080,1.596608e-01
11.7100,1.595547e-01
11.7120,1.594488e-01
11.7140,1.593429e-01
11.7160,1.592371e-01
11.7180,1.591314e-01
11.7200,1.590258e-01
11.7220,1.589203e-01
11.7240,1.588149e-01
11.7260,1.587095e-01
11.7280,1.586043e-01
11.7300,1.584991e-01
11.7320,1.583940e-01
11.7340,1.582890e-01
11.7360,1.581841e-01
11.7380,1.580793e-01
11.7400,1.579745e-01
11.7420,1.578699e-01
11.7440,1.577653e-01
11.7460,1.576608e-01
11.7480,1.575564e-01
11.7500,1.574521e-01
11.7520,1.573479e-01
11.7540,1.572438e-01
11.7560,1.571397e-01
11.7580,1.570358e-01
11.7600,1.569319e-01
11.7620,1.568281e-01
11.7640,1.567244e-01
11.7660,1.566208e-01
11.7680,1.565173e-01
11.7700,1.564138e-01
11.7720,1.563105e-01
11.7740,1.562072e-01
11.7760,1.561040e-01
11.7780,1.560009e-01
11.7800,1.558979e-01
11.7820,1.557949e-01
11.7840,1.556921e-01
11.7860,1.555893e-01
11.7880,1.554867e-01
11.7900,1.553841e-01
11.7920,1.552815e-01
11.7940,1.551791e-01
11.7960,1.550768e-01
11.7980,1.549745e-01
11.8000,1.548723e-01
11.8020,1.547703e-01
11.8040,1.546683e-01
11.8060,1.545663e-01
11.8080,1.544645e-01
11.8100,1.543627e-01
11.8120,1.542611e-01
11.8140,1.541595e-01
11.8160,1.540580e-01
11.8180,1.539566e-01
11.8200,1.538552e-01
11.8220,1.537540e-01
11.8240,1.536528e-01
11.8260,1.535517e-01
11.8280,1.534507e-01
11.8300,1.533498e-01
11.8320,1.532490e-01
11.8340,1.531482e-01
11.8360,1.530475e-01
11.8380,1.529470e-01
11.8400,1.528464e-01
11.8420,1.527460e-01
11.8440,1.526457e-01
11.8460,1.525454e-01
11.8480,1.524452e-01
11.8500,1.523452e-01
11.8520,1.522451e-01
11.8540,1.521452e-01
11.8560,1.520454e-01
11.8580,1.519456e-01
11.8600,1.518459e-01
11.8620,1.517463e-01
11.8640,1.516468e-01
11.8660,1.515473e-01
11.8680,1.514480e-01
11.8700,1.513487e-01
11.8720,1.512495e-01
11.8740,1.511504e-01
11.8760,1.510514e-01
11.8780,1.509524e-01
11.8800,1.508535e-01
11.8820,1.507548e-01
11.8840,1.506560e-01
11.8860,1.505574e-01
11.8880,1.504589e-01
11.8900,1.503604e-01
11.8920,1.502620e-01
11.8940,1.501637e-01
11.8960,1.500655e-01
11.8980,1.499673e-01
11.9000,1.498693e-01
11.9020,1.497713e-01
11.9040,1.496734e-01
11.9060,1.495756e-01
11.9080,1.494778e-01
11.9100,1.493802e-01
11.9120,1.492826e-01
11.9140,1.491851e-01
11.9160,1.490876e-01
11.9180,1.489903e-01
11.9200,1.488930e-01
11.9220,1.487958e-01
11.9240,1.486987e-01
11.9260,1.486017e-01
11.9280,1.485047e-01
11.9300,1.484079e-01
11.9320,1.483111e-01
11.9340,1.482144e-01
11.9360,1.481177e-01
11.9380,1.480212e-01
11.9400,1.479247e-01
11.9420,1.478283e-01
11.9440,1.477320e-01
11.9460,1.476357e-01
11.9480,1.475396e-01
11.9500,1.474435e-01
11.9520,1.473475e-01
11.9540,1.472515e-01
11.9560,1.471557e-01
11.9580,1.470599e-01
11.9600,1.469642e-01
11.9620,1.468686e-01
11.9640,1.467731e-01
11.9660,1.466776e-01
11.9680,1.465822e-01
11.9700,1.464869e-01
11.9720,1.463917e-01
11.9740,1.462965e-01
11.9760,1.462014e-01
11.9780,1.461065e-01
11.9800,1.460115e-01
11.9820,1.459167e-01
11.9840,1.458219e-01
11.9860,1.457272e-01
11.9880,1.456326e-01
11.9900,1.455381e-01
11.9920,1.454436e-01
11.9940,1.453492e-01
11.9960,1.452549e-01
11.9980,1.451607e-01
12.0000,1.450665e-01
12.0020,1.449725e-01
12.0040,1.448785e-01
12.0060,1.447845e-01
12.0080,1.446907e-01
12.0100,1.445969e-01
12.0120,1.445032e-01
12.0140,1.444096e-01
12.0160,1.443161e-01
12.0180,1.442226e-01
12.0200,1.441292e-01
12.0220,1.440359e-01
12.0240,1.439426e-01
12.0260,1.438495e-01
12.0280,1.437564e-01
12.0300,1.436633e-01
12.0320,1.435704e-01
12.0340,1.434775e-01
12.0360,1.433847e-01
12.0380,1.432920e-01
12.0400,1.431994e-01
12.0420,1.431068e-01
12.0440,1.430143e-01
12.0460,1.429219e-01
12.0480,1.428296e-01
12.0500,1.427373e-01
12.0520,1.426451e-01
12.0540,1.425530e-01
12.0560,1.424609e-01
12.0580,1.423690e-01
12.0600,1.422771e-01
12.0620,1.421853e-01
12.0640,1.420935e-01
12.0660,1.420018e-01
12.0680,1.419102e-01
12.0700,1.418187e-01
12.0720,1.417272e-01
12.0740,1.416359e-01
12.0760,1.415446e-01
12.0780,1.414533e-01
12.0800,1.413622e-01
12.0820,1.412711e-01
12.0840,1.411801e-01
12.0860,1.410891e-01
12.0880,1.409983e-01
12.0900,1.409075e-01
12.0920,1.408168e-01
12.0940,1.407261e-01
12.0960,1.406355e-01
12.0980,1.405450e-01
12.1000,1.404546e-01
12.1020,1.403642e-01
12.1040,1.402740e-01
12.1060,1.401838e-01
12.1080,1.400936e-01
12.1100,1.400036e-01
12.1120,1.399136e-01
12.1140,1.398236e-01
12.1160,1.397338e-01
12.1180,1.396440e-01
12.1200,1.395543e-01
12.1220,1.394647e-01
12.1240,1.393751e-01
12.1260,1.392856e-01
12.1280,1.391962e-01
12.1300,1.391069e-01
12.1320,1.390176e-01
12.1340,1.389284e-01
12.1360,1.388393e-01
12.1380,1.387502e-01
12.1400,1.386612e-01
12.1420,1.385723e-01
12.1440,1.384835e-01
12.1460,1.383947e-01
12.1480,1.383060e-01
12.1500,1.382173e-01
12.1520,1.381288e-01
12.1540,1.380403e-01
12.1560,1.379519e-01
12.1580,1.378635e-01
12.1600,1.377752e-01
12.1620,1.376870e-01
12.1640,1.375989e-01
12.1660,1.375108e-01
12.1680,1.374228e-01
12.1700,1.373349e-01
12.1720,1.372471e-01
12.1740,1.371593e-01
12.1760,1.370716e-01
12.1780,1.369839e-01
12.1800,1.368963e-01
12.1820,1.368088e-01
12.1840,1.367214e-01
12.1860,1.366340e-01
12.1880,1.365467e-01
12.1900,1.364595e-01
12.1920,1.363724e-01
12.1940,1.362853e-01
12.1960,1.361983e-01
12.1980,1.361113e-01
12.2000,1.360244e-01
12.2020,1.359376e-01
12.2040,1.358509e-01
12.2060,1.357642e-01
12.2080,1.356776e-01
12.2100,1.355911e-01
12.2120,1.355046e-01
12.2140,1.354182e-01
12.2160,1.353319e-01
12.2180,1.352456e-01
12.2200,1.351595e-01
12.2220,1.350733e-01
12.2240,1.349873e-01
12.2260,1.349013e-01
12.2280,1.348154e-01
12.2300,1.347295e-01
12.2320,1.346438e-01
12.2340,1.345581e-01
12.2360,1.344724e-01
12.2380,1.343868e-01
12.2400,1.343013e-01
12.2420,1.342159e-01
12.2440,1.341305e-01
12.2460,1.340452e-01
12.2480,1.339600e-01
12.2500,1.338748e-01
12.2520,1.337897e-01
12.2540,1.337047e-01
12.2560,1.336197e-01
12.2580,1.335348e-01
12.2600,1.334500e-01
12.2620,1.333653e-01
12.2640,1.332806e-01
12.2660,1.331959e-01
12.2680,1.331114e-01
12.2700,1.330269e-01
12.2720,1.329425e-01
12.2740,1.328581e-01
12.2760,1.327738e-01
12.2780,1.326896e-01
12.2800,1.326054e-01
12.2820,1.325213e-01
12.2840,1.324373e-01
12.2860,1.323534e-01
12.2880,1.322695e-01
12.2900,1.321856e-01
12.2920,1.321019e-01
12.2940,1.320182e-01
12.2960,1.319346e-01
12.2980,1.318510e-01
12.3000,1.317675e-01
12.3020,1.316841e-01
12.3040,1.316007e-01
12.3060,1.315174e-01
12.3080,1.314342e-01
12.3100,1.313510e-01
12.3120,1.312679e-01
12.3140,1.311849e-01
12.3160,1.311019e-01
12.3180,1.310190e-01
12.3200,1.309362e-01
12.3220,1.308534e-01
12.3240,1.307707e-01
12.3260,1.306881e-01
12.3280,1.306055e-01
12.3300,1.305230e-01
12.3320,1.304406e-01
12.3340,1.303582e-01
12.3360,1.302759e-01
12.3380,1.301936e-01
12.3400,1.301114e-01
12.3420,1.300293e-01
12.3440,1.299473e-01
12.3460,1.298653e-01
12.3480,1.297833e-01
12.3500,1.297015e-01
12.3520,1.296197e-01
12.3540,1.295380e-01
12.3560,1.294563e-01
12.3580,1.293747e-01
12.3600,1.292931e-01
12.3620,1.292117e-01
12.3640,1.291303e-01
12.3660,1.290489e-01
12.3680,1.289676e-01
12.3700,1.288864e-01
12.3720,1.288053e-01
12.3740,1.287242e-01
12.3760,1.286431e-01
12.3780,1.285622e-01
12.3800,1.284813e-01
12.3820,1.284004e-01
12.3840,1.283197e-01
12.3860,1.282390e-01
12.3880,1.281583e-01
12.3900,1.280777e-01
12.3920,1.279972e-01
12.3940,1.279168e-01
12.3960,1.278364e-01
12.3980,1.277560e-01
12.4000,1.276758e-01
12.4020,1.275956e-01
12.4040,1.275154e-01
12.4060,1.274353e-01
12.4080,1.273553e-01
12.4100,1.272754e-01
12.4120,1.271955e-01
12.4140,1.271157e-01
12.4160,1.270359e-01
12.4180,1.269562e-01
12.4200,1.268766e-01
12.4220,1.267970e-01
12.4240,1.267175e-01
12.4260,1.266380e-01
12.4280,1.265586e-01
12.4300,1.264793e-01
12.4320,1.264000e-01
12.4340,1.263208e-01
12.4360,1.262417e-01
12.4380,1.261626e-01
12.4400,1.260836e-01
12.4420,1.260046e-01
12.4440,1.259257e-01
12.4460,1.258469e-01
12.4480,1.257681e-01
12.4500,1.256894e-01
12.4520,1.256108e-01
12.4540,1.255322e-01
12.4560,1.254537e-01
12.4580,1.253752e-01
12.4600,1.252968e-01
12.4620,1.252185e-01
12.4640,1.251402e-01
12.4660,1.250620e-01
12.4680,1.249838e-01
12.4700,1.249057e-01
12.4720,1.248277e-01
12.4740,1.247497e-01
12.4760,1.246718e-01
12.4780,1.245940e-01
12.4800,1.245162e-01
12.4820,1.244384e-01
12.4840,1.243608e-01
12.4860,1.242832e-01
12.4880,1.242056e-01
12.4900,1.241281e-01
12.4920,1.240507e-01
12.4940,1.239733e-01
12.4960,1.238960e-01
12.4980,1.238188e-01
12.5000,1.237416e-01
12.5020,1.236644e-01
12.5040,1.235874e-01
12.5060,1.235104e-01
12.5080,1.234334e-01
12.5100,1.233565e-01
12.5120,1.232797e-01
12.5140,1.232029e-01
12.5160,1.231262e-01
12.5180,1.230496e-01
12.5200,1.229730e-01
12.5220,1.228965e-01
12.5240,1.228200e-01
12.5260,1.227436e-01
12.5280,1.226672e-01
12.5300,1.225909e-01
12.5320,1.225147e-01
12.5340,1.224385e-01
12.5360,1.223624e-01
12.5380,1.222864e-01
12.5400,1.222104e-01
12.5420,1.221344e-01
12.5440,1.220586e-01
12.5460,1.219827e-01
12.5480,1.219070e-01
12.5500,1.218313e-01
12.5520,1.217556e-01
12.5540,1.216801e-01
12.5560,1.216045e-01
12.5580,1.215291e-01
12.5600,1.214537e-01
12.5620,1.213783e-01
12.5640,1.213030e-01
12.5660,1.212278e-01
12.5680,1.211526e-01
12.5700,1.210775e-01
12.5720,1.210024e-01
12.5740,1.209274e-01
12.5760,1.208525e-01
12.5780,1.207776e-01
12.5800,1.207028e-01
12.5820,1.206280e-01
12.5840,1.205533e-01
12.5860,1.204787e-01
12.5880,1.204041e-01
12.5900,1.203295e-01
12.5920,1.202551e-01
12.5940,1.201806e-01
12.5960,1.201063e-01
12.5980,1.200320e-01
12.6000,1.199577e-01
12.6020,1.198835e-01
12.6040,1.198094e-01
12.6060,1.197353e-01
12.6080,1.196613e-01
12.6100,1.195873e-01
12.6120,1.195134e-01
12.6140,1.194396e-01
12.6160,1.193658e-01
12.6180,1.192920e-01
12.6200,1.192184e-01
12.6220,1.191447e-01
12.6240,1.190712e-01
12.6260,1.189977e-01
12.6280,1.189242e-01
12.6300,1.188508e-01
12.6320,1.187775e-01
12.6340,1.187042e-01
12.6360,1.186310e-01
12.6380,1.185578e-01
12.6400,1.184847e-01
12.6420,1.184117e-01
12.6440,1.183387e-01
12.6460,1.182657e-01
12.6480,1.181928e-01
12.6500,1.181200e-01
12.6520,1.180472e-01
12.6540,1.179745e-01
12.6560,1.179018e-01
12.6580,1.178292e-01
12.6600,1.177567e-01
12.6620,1.176842e-01
12.6640,1.176118e-01
12.6660,1.175394e-01
12.6680,1.174670e-01
12.6700,1.173948e-01
12.6720,1.173226e-01
12.6740,1.172504e-01
12.6760,1.171783e-01
12.6780,1.171062e-01
12.6800,1.170342e-01
12.6820,1.169623e-01
12.6840,1.168904e-01
12.6860,1.168186e-01
12.6880,1.167468e-01
12.6900,1.166751e-01
12.6920,1.166034e-01
12.6940,1.165318e-01
12.6960,1.164603e-01
12.6980,1.163888e-01
12.7000,1.163173e-01
12.7020,1.162459e-01
12.7040,1.161746e-01
12.7060,1.161033e-01
12.7080,1.160321e-01
12.7100,1.159609e-01
12.7120,1.158898e-01
12.7140,1.158188e-01
12.7160,1.157478e-01
12.7180,1.156768e-01
12.7200,1.156059e-01
12.7220,1.155351e-01
12.7240,1.154643e-01
12.7260,1.153935e-01
12.7280,1.153229e-01
12.7300,1.152522e-01
12.7320,1.151817e-01
12.7340,1.151111e-01
12.7360,1.150407e-01
12.7380,1.149703e-01
12.7400,1.148999e-01
12.7420,1.148296e-01
12.7440,1.147593e-01
12.7460,1.146892e-01
12.7480,1.146190e-01
12.7500,1.145489e-01
12.7520,1.144789e-01
12.7540,1.144089e-01
12.7560,1.143390e-01
12.7580,1.142691e-01
12.7600,1.141993e-01
12.7620,1.141295e-01
12.7640,1.140598e-01
12.7660,1.139901e-01
12.7680,1.139205e-01
12.7700,1.138510e-01
12.7720,1.137815e-01
12.7740,1.137120e-01
12.7760,1.136426e-01
12.7780,1.135733e-01
12.7800,1.135040e-01
12.7820,1.134347e-01
12.7840,1.133656e-01
12.7860,1.132964e-01
12.7880,1.132273e-01
12.7900,1.131583e-01
12.7920,1.130893e-01
12.7940,1.130204e-01
12.7960,1.129516e-01
12.7980,1.128827e-01
12.8000,1.128140e-01
12.8020,1.127453e-01
12.8040,1.126766e-01
12.8060,1.126080e-01
12.8080,1.125394e-01
12.8100,1.124709e-01
12.8120,1.124025e-01
12.8140,1.123341e-01
12.8160,1.122657e-01
12.8180,1.121974e-01
12.8200,1.121292e-01
12.8220,1.120610e-01
12.8240,1.119929e-01
12.8260,1.119248e-01
12.8280,1.118567e-01
12.8300,1.117888e-01
12.8320,1.117208e-01
12.8340,1.116529e-01
12.8360,1.115851e-01
12.8380,1.115173e-01
12.8400,1.114496e-01
12.8420,1.113819e-01
12.8440,1.113143e-01
12.8460,1.112467e-01
12.8480,1.111792e-01
12.8500,1.111117e-01
12.8520,1.110443e-01
12.8540,1.109770e-01
12.8560,1.109096e-01
12.8580,1.108424e-01
12.8600,1.107752e-01
12.8620,1.107080e-01
12.8640,1.106409e-01
12.8660,1.105738e-01
12.8680,1.105068e-01
12.8700,1.104398e-01
12.8720,1.103729e-01
12.8740,1.103061e-01
12.8760,1.102393e-01
12.8780,1.101725e-01
12.8800,1.101058e-01
12.8820,1.100391e-01
12.8840,1.099725e-01
12.8860,1.099060e-01
12.8880,1.098395e-01
12.8900,1.097730e-01
12.8920,1.097066e-01
12.8940,1.096403e-01
12.8960,1.095739e-01
12.8980,1.095077e-01
12.9000,1.094415e-01
12.9020,1.093753e-01
12.9040,1.093092e-01
12.9060,1.092432e-01
12.9080,1.091772e-01
12.9100,1.091112e-01
12.9120,1.090453e-01
12.9140,1.089794e-01
12.9160,1.089136e-01
12.9180,1.088479e-01
12.9200,1.087822e-01
12.9220,1.087165e-01
12.9240,1.086509e-01
12.9260,1.085853e-01
12.9280,1.085198e-01
12.9300,1.084544e-01
12.9320,1.083890e-01
12.9340,1.083236e-01
12.9360,1.082583e-01
12.9380,1.081930e-01
12.9400,1.081278e-01
12.9420,1.080627e-01
12.9440,1.079975e-01
12.9460,1.079325e-01
12.9480,1.078675e-01
12.9500,1.078025e-01
12.9520,1.077376e-01
12.9540,1.076727e-01
12.9560,1.076079e-01
12.9580,1.075431e-01
12.9600,1.074784e-01
12.9620,1.074137e-01
12.9640,1.073491e-01
12.9660,1.072845e-01
12.9680,1.072200e-01
12.9700,1.071555e-01
12.9720,1.070910e-01
12.9740,1.070267e-01
12.9760,1.069623e-01
12.9780,1.068980e-01
12.9800,1.068338e-01
12.9820,1.067696e-01
12.9840,1.067055e-01
12.9860,1.066414e-01
12.9880,1.065773e-01
12.9900,1.065133e-01
12.9920,1.064494e-01
12.9940,1.063855e-01
12.9960,1.063216e-01
12.9980,1.062578e-01
13.0000,1.061940e-01
13.0020,1.061303e-01
13.0040,1.060667e-01
13.0060,1.060031e-01
13.0080,1.059395e-01
13.0100,1.058760e-01
13.0120,1.058125e-01
13.0140,1.057491e-01
13.0160,1.056857e-01
13.0180,1.056224e-01
13.0200,1.055591e-01
13.0220,1.054958e-01
13.0240,1.054326e-01
13.0260,1.053695e-01
13.0280,1.053064e-01
13.0300,1.052434e-01
13.0320,1.051804e-01
13.0340,1.051174e-01
13.0360,1.050545e-01
13.0380,1.049916e-01
13.0400,1.049288e-01
13.0420,1.048661e-01
13.0440,1.048034e-01
13.0460,1.047407e-01
13.0480,1.046781e-01
13.0500,1.046155e-01
13.0520,1.045530e-01
13.0540,1.044905e-01
13.0560,1.044280e-01
13.0580,1.043656e-01
13.0600,1.043033e-01
13.0620,1.042410e-01
13.0640,1.041787e-01
13.0660,1.041165e-01
13.0680,1.040544e-01
13.0700,1.039923e-01
13.0720,1.039302e-01
13.0740,1.038682e-01
13.0760,1.038062e-01
13.0780,1.037443e-01
13.0800,1.036824e-01
13.0820,1.036206e-01
13.0840,1.035588e-01
13.0860,1.034970e-01
13.0880,1.034353e-01
13.0900,1.033737e-01
13.0920,1.033121e-01
13.0940,1.032505e-01
13.0960,1.031890e-01
13.0980,1.031276e-01
13.1000,1.030661e-01
13.1020,1.030048e-01
13.1040,1.029434e-01
13.1060,1.028821e-01
13.1080,1.028209e-01
13.1100,1.027597e-01
13.1120,1.026986e-01
13.1140,1.026375e-01
13.1160,1.025764e-01
13.1180,1.025154e-01
13.1200,1.024544e-01
13.1220,1.023935e-01
13.1240,1.023326e-01
13.1260,1.022718e-01
13.1280,1.022110e-01
13.1300,1.021503e-01
13.1320,1.020896e-01
13.1340,1.020289e-01
13.1360,1.019683e-01
13.1380,1.019078e-01
13.1400,1.018473e-01
13.1420,1.017868e-01
13.1440,1.017264e-01
13.1460,1.016660e-01
13.1480,1.016056e-01
13.1500,1.015454e-01
13.1520,1.014851e-01
13.1540,1.014249e-01
13.1560,1.013648e-01
13.1580,1.013046e-01
13.1600,1.012446e-01
13.1620,1.011845e-01
13.1640,1.011246e-01
13.1660,1.010646e-01
13.1680,1.010047e-01
13.1700,1.009449e-01
13.1720,1.008851e-01
13.1740,1.008253e-01
13.1760,1.007656e-01
13.1780,1.007060e-01
13.1800,1.006463e-01
13.1820,1.005868e-01
13.1840,1.005272e-01
13.1860,1.004677e-01
13.1880,1.004083e-01
13.1900,1.003489e-01
13.1920,1.002895e-01
13.1940,1.002302e-01
13.1960,1.001709e-01
13.1980,1.001117e-01
13.2000,1.000525e-01
13.2020,9.999337e-02
13.2040,9.993428e-02
13.2060,9.987522e-02
13.2080,9.981621e-02
13.2100,9.975725e-02
13.2120,9.969832e-02
13.2140,9.963944e-02
13.2160,9.958061e-02
13.2180,9.952181e-02
13.2200,9.946306e-02
13.2220,9.940436e-02
13.2240,9.934569e-02
13.2260,9.928708e-02
13.2280,9.922850e-02
13.2300,9.916997e-02
13.2320,9.911148e-02
13.2340,9.905303e-02
13.2360,9.899462e-02
13.2380,9.893626e-02
13.2400,9.887795e-02
13.2420,9.881967e-02
13.2440,9.876144e-02
13.2460,9.870325e-02
13.2480,9.864510e-02
13.2500,9.858700e-02
13.2520,9.852894e-02
13.2540,9.847092e-02
13.2560,9.841295e-02
13.2580,9.835501e-02
13.2600,9.829712e-02
13.2620,9.823928e-02
13.2640,9.818147e-02
13.2660,9.812371e-02
13.2680,9.806599e-02
13.2700,9.800831e-02
13.2720,9.795068e-02
13.2740,9.789308e-02
13.2760,9.783553e-02
13.2780,9.777802e-02
13.2800,9.772056e-02
13.2820,9.766313e-02
13.2840,9.760575e-02
13.2860,9.754841e-02
13.2880,9.749111e-02
13.2900,9.743386e-02
13.2920,9.737665e-02
13.2940,9.731947e-02
13.2960,9.726234e-02
13.2980,9.720526e-02
13.3000,9.714821e-02
13.3020,9.709121e-02
13.3040,9.703425e-02
13.3060,9.697733e-02
13.3080,9.692045e-02
13.3100,9.686361e-02
13.3120,9.680681e-02
13.3140,9.675006e-02
13.3160,9.669335e-02
13.3180,9.663668e-02
13.3200,9.658005e-02
13.3220,9.652346e-02
13.3240,9.646692e-02
13.3260,9.641041e-02
13.3280,9.635395e-02
13.3300,9.629752e-02
13.3320,9.624114e-02
13.3340,9.618480e-02
13.3360,9.612851e-02
13.3380,9.607225e-02
13.3400,9.601603e-02
13.3420,9.595986e-02
13.3440,9.590372e-02
13.3460,9.584763e-02
13.3480,9.579158e-02
13.3500,9.573557e-02
13.3520,9.567960e-02
13.3540,9.562367e-02
13.3560,9.556778e-02
13.3580,9.551193e-02
13.3600,9.545613e-02
13.3620,9.540036e-02
13.3640,9.534464e-02
13.3660,9.528895e-02
13.3680,9.523331e-02
13.3700,9.517770e-02
13.3720,9.512214e-02
13.3740,9.506662e-02
13.3760,9.501114e-02
13.3780,9.495570e-02
13.3800,9.490029e-02
13.3820,9.484493e-02
13.3840,9.478961e-02
13.3860,9.473433e-02
13.3880,9.467909e-02
13.3900,9.462390e-02
13.3920,9.456874e-02
13.3940,9.451362e-02
13.3960,9.445854e-02
13.3980,9.440350e-02
13.4000,9.434850e-02
13.4020,9.429354e-02
13.4040,9.423862e-02
13.4060,9.418375e-02
13.4080,9.412891e-02
13.4100,9.407411e-02
13.4120,9.401935e-02
13.4140,9.396463e-02
13.4160,9.390995e-02
13.4180,9.385531e-02
13.4200,9.380071e-02
13.4220,9.374615e-02
13.4240,9.369163e-02
13.4260,9.363715e-02
13.4280,9.358271e-02
13.4300,9.352831e-02
13.4320,9.347395e-02
13.4340,9.341962e-02
13.4360,9.336534e-02
13.4380,9.331110e-02
13.4400,9.325689e-02
13.4420,9.320273e-02
13.4440,9.314860e-02
13.4460,9.309451e-02
13.4480,9.304047e-02
13.4500,9.298646e-02
13.4520,9.293249e-02
13.4540,9.287856e-02
13.4560,9.282467e-02
13.4580,9.277082e-02
13.4600,9.271700e-02
13.4620,9.266323e-02
13.4640,9.260950e-02
13.4660,9.255580e-02
13.4680,9.250214e-02
13.4700,9.244853e-02
13.4720,9.239495e-02
13.4740,9.234141e-02
13.4760,9.228790e-02
13.4780,9.223444e-02
13.4800,9.218102e-02
13.4820,9.212763e-02
13.4840,9.207429e-02
13.4860,9.202098e-02
13.4880,9.196771e-02
13.4900,9.191448e-02
13.4920,9.186128e-02
13.4940,9.180813e-02
13.4960,9.175501e-02
13.4980,9.170194e-02
13.5000,9.164890e-02
13.5020,9.159590e-02
13.5040,9.154294e-02
13.5060,9.149001e-02
13.5080,9.143713e-02
13.5100,9.138428e-02
13.5120,9.133147e-02
13.5140,9.127870e-02
13.5160,9.122596e-02
13.5180,9.117327e-02
13.5200,9.112061e-02
13.5220,9.106799e-02
13.5240,9.101541e-02
13.5260,9.096287e-02
13.5280,9.091036e-02
13.5300,9.085789e-02
13.5320,9.080547e-02
13.5340,9.075307e-02
13.5360,9.070072e-02
13.5380,9.064840e-02
13.5400,9.059612e-02
13.5420,9.054388e-02
13.5440,9.049168e-02
13.5460,9.043951e-02
13.5480,9.038739e-02
13.5500,9.033530e-02
13.5520,9.028324e-02
13.5540,9.023123e-02
13.5560,9.017925e-02
13.5580,9.012731e-02
13.5600,9.007540e-02
13.5620,9.002354e-02
13.5640,8.997171e-02
13.5660,8.991992e-02
13.5680,8.986816e-02
13.5700,8.981645e-02
13.5720,8.976477e-02
13.5740,8.971313e-02
13.5760,8.966152e-02
13.5780,8.960995e-02
13.5800,8.955842e-02
13.5820,8.950693e-02
13.5840,8.945547e-02
13.5860,8.940405e-02
13.5880,8.935266e-02
13.5900,8.930132e-02
13.5920,8.925001e-02
13.5940,8.919874e-02
13.5960,8.914750e-02
13.5980,8.909630e-02
13.6000,8.904514e-02
13.6020,8.899401e-02
13.6040,8.894292e-02
13.6060,8.889187e-02
13.6080,8.884085e-02
13.6100,8.878988e-02
13.6120,8.873893e-02
13.6140,8.868803e-02
13.6160,8.863716e-02
13.6180,8.858632e-02
13.6200,8.853553e-02
13.6220,8.848477e-02
13.6240,8.843404e-02
13.6260,8.838335e-02
13.6280,8.833270e-02
13.6300,8.828209e-02
13.6320,8.823151e-02
13.6340,8.818097e-02
13.6360,8.813046e-02
13.6380,8.807999e-02
13.6400,8.802956e-02
13.6420,8.797916e-02
13.6440,8.792880e-02
13.6460,8.787847e-02
13.6480,8.782818e-02
13.6500,8.777792e-02
13.6520,8.772771e-02
13.6540,8.767752e-02
13.6560,8.762738e-02
13.6580,8.757727e-02
13.6600,8.752719e-02
13.6620,8.747715e-02
13.6640,8.742715e-02
13.6660,8.737718e-02
13.6680,8.732725e-02
13.6700,8.727735e-02
13.6720,8.722749e-02
13.6740,8.717767e-02
13.6760,8.712788e-02
13.6780,8.707813e-02
13.6800,8.702841e-02
13.6820,8.697872e-02
13.6840,8.692908e-02
13.6860,8.687946e-02
13.6880,8.682989e-02
13.6900,8.678035e-02
13.6920,8.673084e-02
13.6940,8.668137e-02
13.6960,8.663193e-02
13.6980,8.658253e-02
13.7000,8.653317e-02
13.7020,8.648384e-02
13.7040,8.643454e-02
13.7060,8.638528e-02
13.7080,8.633606e-02
13.7100,8.628687e-02
13.7120,8.623771e-02
13.7140,8.618860e-02
13.7160,8.613951e-02
13.7180,8.609046e-02
13.7200,8.604145e-02
13.7220,8.599247e-02
13.7240,8.594352e-02
13.7260,8.589461e-02
13.7280,8.584574e-02
13.7300,8.579689e-02
13.7320,8.574809e-02
13.7340,8.569932e-02
13.7360,8.565058e-02
13.7380,8.560188e-02
13.7400,8.555321e-02
13.7420,8.550458e-02
13.7440,8.545598e-02
13.7460,8.540742e-02
13.7480,8.535889e-02
13.7500,8.531039e-02
13.7520,8.526193e-02
13.7540,8.521351e-02
13.7560,8.516511e-02
13.7580,8.511676e-02
13.7600,8.506843e-02
13.7620,8.502015e-02
13.7640,8.497189e-02
13.7660,8.492367e-02
13.7680,8.487548e-02
13.7700,8.482733e-02
13.7720,8.477921e-02
13.7740,8.473113e-02
13.7760,8.468308e-02
13.7780,8.463507e-02
13.7800,8.458708e-02
13.7820,8.453914e-02
13.7840,8.449122e-02
13.7860,8.444334e-02
13.7880,8.439550e-02
13.7900,8.434769e-02
13.7920,8.429991e-02
13.7940,8.425216e-02
13.7960,8.420445e-02
13.7980,8.415678e-02
13.8000,8.410913e-02
13.8020,8.406152e-02
13.8040,8.401395e-02
13.8060,8.396641e-02
13.8080,8.391890e-02
13.8100,8.387142e-02
13.8120,8.382398e-02
13.8140,8.377657e-02
13.8160,8.372920e-02
13.8180,8.368186e-02
13.8200,8.363455e-02
13.8220,8.358728e-02
13.8240,8.354004e-02
13.8260,8.349283e-02
13.8280,8.344566e-02
13.8300,8.339852e-02
13.8320,8.335141e-02
13.8340,8.330434e-02
13.8360,8.325730e-02
13.8380,8.321029e-02
13.8400,8.316331e-02
13.8420,8.311637e-02
13.8440,8.306946e-02
13.8460,8.302259e-02
13.8480,8.297575e-02
13.8500,8.292894e-02
13.8520,8.288216e-02
13.8540,8.283542e-02
13.8560,8.278871e-02
13.8580,8.274203e-02
13.8600,8.269539e-02
13.8620,8.264878e-02
13.8640,8.260220e-02
13.8660,8.255565e-02
13.8680,8.250914e-02
13.8700,8.246266e-02
13.8720,8.241621e-02
13.8740,8.236980e-02
13.8760,8.232341e-02
13.8780,8.227707e-02
13.8800,8.223075e-02
13.8820,8.218446e-02
13.8840,8.213821e-02
13.8860,8.209199e-02
13.8880,8.204581e-02
13.8900,8.199965e-02
13.8920,8.195353e-02
13.8940,8.190744e-02
13.8960,8.186138e-02
13.8980,8.181536e-02
13.9000,8.176937e-02
13.9020,8.172341e-02
13.9040,8.167748e-02
13.9060,8.163158e-02
13.9080,8.158572e-02
13.9100,8.153989e-02
13.9120,8.149409e-02
13.9140,8.144832e-02
13.9160,8.140259e-02
13.9180,8.135689e-02
13.9200,8.131122e-02
13.9220,8.126558e-02
13.9240,8.121997e-02
13.9260,8.117440e-02
13.9280,8.112885e-02
13.9300,8.108334e-02
13.9320,8.103786e-02
13.9340,8.099242e-02
13.9360,8.094700e-02
13.9380,8.090162e-02
13.9400,8.085627e-02
13.9420,8.081095e-02
13.9440,8.076566e-02
13.9460,8.072040e-02
13.9480,8.067518e-02
13.9500,8.062999e-02
13.9520,8.058482e-02
13.9540,8.053970e-02
13.9560,8.049460e-02
13.9580,8.044953e-02
13.9600,8.040450e-02
13.9620,8.035949e-02
13.9640,8.031452e-02
13.9660,8.026958e-02
13.9680,8.022467e-02
13.9700,8.017979e-02
13.9720,8.013495e-02
13.9740,8.009013e-02
13.9760,8.004535e-02
13.9780,8.000060e-02
13.9800,7.995587e-02
13.9820,7.991118e-02
13.9840,7.986653e-02
13.9860,7.982190e-02
13.9880,7.977730e-02
13.9900,7.973274e-02
13.9920,7.968820e-02
13.9940,7.964370e-02
13.9960,7.959923e-02
13.9980,7.955479e-02
14.0000,7.951038e-02
14.0020,7.946600e-02
14.0040,7.942165e-02
14.0060,7.937733e-02
14.0080,7.933305e-02
14.0100,7.928879e-02
14.0120,7.924457e-02
14.0140,7.920037e-02
14.0160,7.915621e-02
14.0180,7.911208e-02
14.0200,7.906798e-02
14.0220,7.902391e-02
14.0240,7.897987e-02
14.0260,7.893586e-02
14.0280,7.889188e-02
14.0300,7.884793e-02
14.0320,7.880401e-02
14.0340,7.876013e-02
14.0360,7.871627e-02
14.0380,7.867244e-02
14.0400,7.862865e-02
14.0420,7.858488e-02
14.0440,7.854115e-02
14.0460,7.849745e-02
14.0480,7.845377e-02
14.0500,7.841013e-02
14.0520,7.836652e-02
14.0540,7.832293e-02
14.0560,7.827938e-02
14.0580,7.823586e-02
14.0600,7.819237e-02
14.0620,7.814891e-02
14.0640,7.810548e-02
14.0660,7.806207e-02
14.0680,7.801870e-02
14.0700,7.797536e-02
14.0720,7.793205e-02
14.0740,7.788877e-02
14.0760,7.784552e-02
14.0780,7.780230e-02
14.0800,7.775911e-02
14.0820,7.771595e-02
14.0840,7.767282e-02
14.0860,7.762971e-02
14.0880,7.758664e-02
14.0900,7.754360e-02
14.0920,7.750059e-02
14.0940,7.745761e-02
14.0960,7.741466e-02
14.0980,7.737174e-02
14.1000,7.732884e-02
14.1020,7.728598e-02
14.1040,7.724315e-02
14.1060,7.720034e-02
14.1080,7.715757e-02
14.1100,7.711483e-02
14.1120,7.707211e-02
14.1140,7.702943e-02
14.1160,7.698677e-02
14.1180,7.694415e-02
14.1200,7.690155e-02
14.1220,7.685898e-02
14.1240,7.681645e-02
14.1260,7.677394e-02
14.1280,7.673146e-02
14.1300,7.668901e-02
14.1320,7.664659e-02
14.1340,7.660420e-02
14.1360,7.656184e-02
14.1380,7.651951e-02
14.1400,7.647720e-02
14.1420,7.643493e-02
14.1440,7.639268e-02
14.1460,7.635047e-02
14.1480,7.630828e-02
14.1500,7.626613e-02
14.1520,7.622400e-02
14.1540,7.618190e-02
14.1560,7.613983e-02
14.1580,7.609779e-02
14.1600,7.605578e-02
14.1620,7.601380e-02
14.1640,7.597184e-02
14.1660,7.592992e-02
14.1680,7.588802e-02
14.1700,7.584615e-02
14.1720,7.580432e-02
14.1740,7.576251e-02
14.1760,7.572073e-02
14.1780,7.567897e-02
14.1800,7.563725e-02
14.1820,7.559556e-02
14.1840,7.555389e-02
14.1860,7.551226e-02
14.1880,7.547065e-02
14.1900,7.542907e-02
14.1920,7.538752e-02
14.1940,7.534599e-02
14.1960,7.530450e-02
14.1980,7.526304e-02
14.2000,7.522160e-02
14.2020,7.518019e-02
14.2040,7.513881e-02
14.2060,7.509746e-02
14.2080,7.505614e-02
14.2100,7.501484e-02
14.2120,7.497358e-02
14.2140,7.493234e-02
14.2160,7.489113e-02
14.2180,7.484995e-02
14.2200,7.480880e-02
14.2220,7.476767e-02
14.2240,7.472658e-02
14.2260,7.468551e-02
14.2280,7.464447e-02
14.2300,7.460346e-02
14.2320,7.456248e-02
14.2340,7.452152e-02
14.2360,7.448059e-02
14.2380,7.443969e-02
14.2400,7.439882e-02
14.2420,7.435798e-02
14.2440,7.431717e-02
14.2460,7.427638e-02
14.2480,7.423562e-02
14.2500,7.419489e-02
14.2520,7.415419e-02
14.2540,7.411351e-02
14.2560,7.407286e-02
14.2580,7.403224e-02
14.2600,7.399165e-02
14.2620,7.395109e-02
14.2640,7.391055e-02
14.2660,7.387005e-02
14.2680,7.382956e-02
14.2700,7.378911e-02
14.2720,7.374869e-02
14.2740,7.370829e-02
14.2760,7.366792e-02
14.2780,7.362758e-02
14.2800,7.358726e-02
14.2820,7.354698e-02
14.2840,7.350672e-02
14.2860,7.346649e-02
14.2880,7.342628e-02
14.2900,7.338610e-02
14.2920,7.334595e-02
14.2940,7.330583e-02
14.2960,7.326574e-02
14.2980,7.322567e-02
14.3000,7.318563e-02
14.3020,7.314562e-02
14.3040,7.310563e-02
14.3060,7.306568e-02
14.3080,7.302575e-02
14.3100,7.298584e-02
14.3120,7.294597e-02
14.3140,7.290612e-02
14.3160,7.286630e-02
14.3180,7.282650e-02
14.3200,7.278674e-02
14.3220,7.274700e-02
14.3240,7.270728e-02
14.3260,7.266760e-02
14.3280,7.262794e-02
14.3300,7.258831e-02
14.3320,7.254870e-02
14.3340,7.250913e-02
14.3360,7.246957e-02
14.3380,7.243005e-02
14.3400,7.239055e-02
14.3420,7.235108e-02
14.3440,7.231164e-02
14.3460,7.227223e-02
14.3480,7.223284e-02
14.3500,7.219347e-02
14.3520,7.215414e-02
14.3540,7.211483e-02
14.3560,7.207555e-02
14.3580,7.203629e-02
14.3600,7.199706e-02
14.3620,7.195786e-02
14.3640,7.191869e-02
14.3660,7.187954e-02
14.3680,7.184042e-02
14.3700,7.180132e-02
14.3720,7.176225e-02
14.3740,7.172321e-02
14.3760,7.168419e-02
14.3780,7.164520e-02
14.3800,7.160624e-02
14.3820,7.156731e-02
14.3840,7.152840e-02
14.3860,7.148951e-02
14.3880,7.145066e-02
14.3900,7.141182e-02
14.3920,7.137302e-02
14.3940,7.133424e-02
14.3960,7.129549e-02
14.3980,7.125677e-02
14.4000,7.121807e-02
14.4020,7.117940e-02
14.4040,7.114075e-02
14.4060,7.110213e-02
14.4080,7.106353e-02
14.4100,7.102497e-02
14.4120,7.098643e-02
14.4140,7.094791e-02
14.4160,7.090942e-02
14.4180,7.087096e-02
14.4200,7.083252e-02
14.4220,7.079411e-02
14.4240,7.075572e-02
14.4260,7.071736e-02
14.4280,7.067903e-02
14.4300,7.064072e-02
14.4320,7.060244e-02
14.4340,7.056419e-02
14.4360,7.052596e-02
14.4380,7.048775e-02
14.4400,7.044958e-02
14.4420,7.041143e-02
14.4440,7.037330e-02
14.4460,7.033520e-02
14.4480,7.029712e-02
14.4500,7.025908e-02
14.4520,7.022105e-02
14.4540,7.018306e-02
14.4560,7.014508e-02
14.4580,7.010714e-02
14.4600,7.006922e-02
14.4620,7.003132e-02
14.4640,6.999345e-02
14.4660,6.995561e-02
14.4680,6.991779e-02
14.4700,6.988000e-02
14.4720,6.984223e-02
14.4740,6.980449e-02
14.4760,6.976678e-02
14.4780,6.972909e-02
14.4800,6.969142e-02
14.4820,6.965378e-02
14.4840,6.961617e-02
14.4860,6.957858e-02
14.4880,6.954102e-02
14.4900,6.950348e-02
14.4920,6.946597e-02
14.4940,6.942848e-02
14.4960,6.939102e-02
14.4980,6.935358e-02
14.5000,6.931617e-02
14.5020,6.927878e-02
14.5040,6.924142e-02
14.5060,6.920408e-02
14.5080,6.916677e-02
14.5100,6.912949e-02
14.5120,6.909223e-02
14.5140,6.905499e-02
14.5160,6.901778e-02
14.5180,6.898060e-02
14.5200,6.894344e-02
14.5220,6.890630e-02
14.5240,6.886919e-02
14.5260,6.883210e-02
14.5280,6.879504e-02
14.5300,6.875801e-02
14.5320,6.872100e-02
14.5340,6.868401e-02
14.5360,6.864705e-02
14.5380,6.861012e-02
14.5400,6.857320e-02
14.5420,6.853632e-02
14.5440,6.849946e-02
14.5460,6.846262e-02
14.5480,6.842581e-02
14.5500,6.838902e-02
14.5520,6.835226e-02
14.5540,6.831552e-02
14.5560,6.827881e-02
14.5580,6.824212e-02
14.5600,6.820546e-02
14.5620,6.816882e-02
14.5640,6.813220e-02
14.5660,6.809561e-02
14.5680,6.805905e-02
14.5700,6.802250e-02
14.5720,6.798599e-02
14.5740,6.794950e-02
14.5760,6.791303e-02
14.5780,6.787659e-02
14.5800,6.784017e-02
14.5820,6.780377e-02
14.5840,6.776740e-02
14.5860,6.773106e-02
14.5880,6.769474e-02
14.5900,6.765844e-02
14.5920,6.762217e-02
14.5940,6.758592e-02
14.5960,6.754970e-02
14.5980,6.751350e-02
14.6000,6.747732e-02
14.6020,6.744117e-02
14.6040,6.740504e-02
14.6060,6.736894e-02
14.6080,6.733286e-02
14.6100,6.729681e-02
14.6120,6.726078e-02
14.6140,6.722477e-02
14.6160,6.718879e-02
14.6180,6.715283e-02
14.6200,6.711690e-02
14.6220,6.708099e-02
14.6240,6.704510e-02
14.6260,6.700924e-02
14.6280,6.697340e-02
14.6300,6.693759e-02
14.6320,6.690180e-02
14.6340,6.686603e-02
14.6360,6.683029e-02
14.6380,6.679457e-02
14.6400,6.675887e-02
14.6420,6.672320e-02
14.6440,6.668756e-02
14.6460,6.665193e-02
14.6480,6.661633e-02
14.6500,6.658076e-02
14.6520,6.654521e-02
14.6540,6.650968e-02
14.6560,6.647417e-02
14.6580,6.643869e-02
14.6600,6.640324e-02
14.6620,6.636780e-02
14.6640,6.633239e-02
14.6660,6.629701e-02
14.6680,6.626164e-02
14.6700,6.622630e-02
14.6720,6.619099e-02
14.6740,6.615570e-02
14.6760,6.612043e-02
14.6780,6.608518e-02
14.6800,6.604996e-02
14.6820,6.601476e-02
14.6840,6.597959e-02
14.6860,6.594444e-02
14.6880,6.590931e-02
14.6900,6.587421e-02
14.6920,6.583913e-02
14.6940,6.580407e-02
14.6960,6.576903e-02
14.6980,6.573402e-02
14.7000,6.569903e-02
14.7020,6.566407e-02
14.7040,6.562913e-02
14.7060,6.559421e-02
14.7080,6.555932e-02
14.7100,6.552444e-02
14.7120,6.548960e-02
14.7140,6.545477e-02
14.7160,6.541997e-02
14.7180,6.538519e-02
14.7200,6.535043e-02
14.7220,6.531570e-02
14.7240,6.528099e-02
14.7260,6.524630e-02
14.7280,6.521164e-02
14.7300,6.517700e-02
14.7320,6.514238e-02
14.7340,6.510779e-02
14.7360,6.507322e-02
14.7380,6.503867e-02
14.7400,6.500414e-02
14.7420,6.496964e-02
14.7440,6.493516e-02
14.7460,6.490070e-02
14.7480,6.486627e-02
14.7500,6.483185e-02
14.7520,6.479747e-02
14.7540,6.476310e-02
14.7560,6.472876e-02
14.7580,6.469444e-02
14.7600,6.466014e-02
14.7620,6.462586e-02
14.7640,6.459161e-02
14.7660,6.455738e-02
14.7680,6.452318e-02
14.7700,6.448899e-02
14.7720,6.445483e-02
14.7740,6.442069e-02
14.7760,6.438657e-02
14.7780,6.435248e-02
14.7800,6.431841e-02
14.7820,6.428436e-02
14.7840,6.425033e-02
14.7860,6.421633e-02
14.7880,6.418235e-02
14.7900,6.414839e-02
14.7920,6.411445e-02
14.7940,6.408054e-02
14.7960,6.404665e-02
14.7980,6.401278e-02
14.8000,6.397893e-02
14.8020,6.394511e-02
14.8040,6.391131e-02
14.8060,6.387753e-02
14.8080,6.384377e-02
14.8100,6.381003e-02
14.8120,6.377632e-02
14.8140,6.374263e-02
14.8160,6.370896e-02
14.8180,6.367532e-02
14.8200,6.364169e-02
14.8220,6.360809e-02
14.8240,6.357451e-02
14.8260,6.354095e-02
14.8280,6.350742e-02
14.8300,6.347391e-02
14.8320,6.344042e-02
14.8340,6.340695e-02
14.8360,6.337350e-02
14.8380,6.334007e-02
14.8400,6.330667e-02
14.8420,6.327329e-02
14.8440,6.323993e-02
14.8460,6.320660e-02
14.8480,6.317328e-02
14.8500,6.313999e-02
14.8520,6.310672e-02
14.8540,6.307347e-02
14.8560,6.304024e-02
14.8580,6.300704e-02
14.8600,6.297385e-02
14.8620,6.294069e-02
14.8640,6.290755e-02
14.8660,6.287443e-02
14.8680,6.284134e-02
14.8700,6.280826e-02
14.8720,6.277521e-02
14.8740,6.274218e-02
14.8760,6.270917e-02
14.8780,6.267618e-02
14.8800,6.264322e-02
14.8820,6.261027e-02
14.8840,6.257735e-02
14.8860,6.254445e-02
14.8880,6.251157e-02
14.8900,6.247871e-02
14.8920,6.244588e-02
14.8940,6.241306e-02
14.8960,6.238027e-02
14.8980,6.234750e-02
14.9000,6.231475e-02
14.9020,6.228202e-02
14.9040,6.224931e-02
14.9060,6.221663e-02
14.9080,6.218396e-02
14.9100,6.215132e-02
14.9120,6.211870e-02
14.9140,6.208610e-02
14.9160,6.205352e-02
14.9180,6.202096e-02
14.9200,6.198843e-02
14.9220,6.195591e-02
14.9240,6.192342e-02
14.9260,6.189095e-02
14.9280,6.185850e-02
14.9300,6.182607e-02
14.9320,6.179366e-02
14.9340,6.176127e-02
14.9360,6.172891e-02
14.9380,6.169656e-02
14.9400,6.166424e-02
14.9420,6.163194e-02
14.9440,6.159966e-02
14.9460,6.156740e-02
14.9480,6.153516e-02
14.9500,6.150294e-02
14.9520,6.147074e-02
14.9540,6.143857e-02
14.9560,6.140641e-02
14.9580,6.137428e-02
14.9600,6.134217e-02
14.9620,6.131008e-02
14.9640,6.127801e-02
14.9660,6.124596e-02
14.9680,6.121393e-02
14.9700,6.118192e-02
14.9720,6.114993e-02
14.9740,6.111797e-02
14.9760,6.108602e-02
14.9780,6.105410e-02
14.9800,6.102220e-02
14.9820,6.099031e-02
14.9840,6.095845e-02
14.9860,6.092661e-02
14.9880,6.089479e-02
14.9900,6.086299e-02
14.9920,6.083121e-02
14.9940,6.079946e-02
14.9960,6.076772e-02
14.9980,6.073600e-02
15.0000,6.070431e-02
15.0020,6.067263e-02
15.0040,6.064098e-02
15.0060,6.060935e-02
15.0080,6.057773e-02
15.0100,6.054614e-02
15.0120,6.051457e-02
15.0140,6.048302e-02
15.0160,6.045149e-02
15.0180,6.041998e-02
15.0200,6.038849e-02
15.0220,6.035702e-02
15.0240,6.032557e-02
15.0260,6.029414e-02
15.0280,6.026273e-02
15.0300,6.023135e-02
15.0320,6.019998e-02
15.0340,6.016863e-02
15.0360,6.013731e-02
15.0380,6.010600e-02
15.0400,6.007472e-02
15.0420,6.004345e-02
15.0440,6.001221e-02
15.0460,5.998098e-02
15.0480,5.994978e-02
15.0500,5.991859e-02
15.0520,5.988743e-02
15.0540,5.985629e-02
15.0560,5.982516e-02
15.0580,5.979406e-02
15.0600,5.976298e-02
15.0620,5.973192e-02
15.0640,5.970088e-02
15.0660,5.966985e-02
15.0680,5.963885e-02
15.0700,5.960787e-02
15.0720,5.957691e-02
15.0740,5.954597e-02
15.0760,5.951505e-02
15.0780,5.948414e-02
15.0800,5.945326e-02
15.0820,5.942240e-02
15.0840,5.939156e-02
15.0860,5.936074e-02
15.0880,5.932994e-02
15.0900,5.929916e-02
15.0920,5.926839e-02
15.0940,5.923765e-02
15.0960,5.920693e-02
15.0980,5.917623e-02
15.1000,5.914555e-02
15.1020,5.911489e-02
15.1040,5.908425e-02
15.1060,5.905362e-02
15.1080,5.902302e-02
15.1100,5.899244e-02
15.1120,5.896188e-02
15.1140,5.893133e-02
15.1160,5.890081e-02
15.1180,5.887031e-02
15.1200,5.883982e-02
15.1220,5.880936e-02
15.1240,5.877892e-02
15.1260,5.874849e-02
15.1280,5.871809e-02
15.1300,5.868770e-02
15.1320,5.865734e-02
15.1340,5.862699e-02
15.1360,5.859666e-02
15.1380,5.856636e-02
15.1400,5.853607e-02
15.1420,5.850580e-02
15.1440,5.847555e-02
15.1460,5.844533e-02
15.1480,5.841512e-02
15.1500,5.838493e-02
15.1520,5.835476e-02
15.1540,5.832461e-02
15.1560,5.829448e-02
15.1580,5.826437e-02
15.1600,5.823427e-02
15.1620,5.820420e-02
15.1640,5.817415e-02
15.1660,5.814411e-02
15.1680,5.811410e-02
15.1700,5.808410e-02
15.1720,5.805413e-02
15.1740,5.802417e-02
15.1760,5.799424e-02
15.1780,5.796432e-02
15.1800,5.793442e-02
15.1820,5.790454e-02
15.1840,5.787468e-02
15.1860,5.784484e-02
15.1880,5.781502e-02
15.1900,5.778522e-02
15.1920,5.775543e-02
15.1940,5.772567e-02
15.1960,5.769592e-02
15.1980,5.766620e-02
15.2000,5.763649e-02
15.2020,5.760680e-02
15.2040,5.757714e-02
15.2060,5.754749e-02
15.2080,5.751786e-02
15.2100,5.748825e-02
15.2120,5.745865e-02
15.2140,5.742908e-02
15.2160,5.739953e-02
15.2180,5.736999e-02
15.2200,5.734048e-02
15.2220,5.731098e-02
15.2240,5.728150e-02
15.2260,5.725204e-02
15.2280,5.722260e-02
15.2300,5.719318e-02
15.2320,5.716378e-02
15.2340,5.713440e-02
15.2360,5.710503e-02
15.2380,5.707569e-02
15.2400,5.704636e-02
15.2420,5.701705e-02
15.2440,5.698776e-02
15.2460,5.695849e-02
15.2480,5.692924e-02
15.2500,5.690001e-02
15.2520,5.687079e-02
15.2540,5.684160e-02
15.2560,5.681242e-02
15.2580,5.678326e-02
15.2600,5.675413e-02
15.2620,5.672501e-02
15.2640,5.669590e-02
15.2660,5.666682e-02
15.2680,5.663776e-02
15.2700,5.660871e-02
15.2720,5.657968e-02
15.2740,5.655067e-02
15.2760,5.652168e-02
15.2780,5.649271e-02
15.2800,5.646376e-02
15.2820,5.643483e-02
15.2840,5.640591e-02
15.2860,5.637701e-02
15.2880,5.634813e-02
15.2900,5.631927e-02
15.2920,5.629043e-02
15.2940,5.626161e-02
15.2960,5.623280e-02
15.2980,5.620402e-02
15.3000,5.617525e-02
15.3020,5.614650e-02
15.3040,5.611777e-02
15.3060,5.608905e-02
15.3080,5.606036e-02
15.3100,5.603168e-02
15.3120,5.600303e-02
15.3140,5.597439e-02
15.3160,5.594576e-02
15.3180,5.591716e-02
15.3200,5.588858e-02
15.3220,5.586001e-02
15.3240,5.583146e-02
15.3260,5.580293e-02
15.3280,5.577442e-02
15.3300,5.574593e-02
15.3320,5.571745e-02
15.3340,5.568899e-02
15.3360,5.566055e-02
15.3380,5.563213e-02
15.3400,5.560373e-02
15.3420,5.557535e-02
15.3440,5.554698e-02
15.3460,5.551863e-02
15.3480,5.549030e-02
15.3500,5.546199e-02
15.3520,5.543369e-02
15.3540,5.540542e-02
15.3560,5.537716e-02
15.3580,5.534892e-02
15.3600,5.532070e-02
15.3620,5.529249e-02
15.3640,5.526431e-02
15.3660,5.523614e-02
15.3680,5.520799e-02
15.3700,5.517986e-02
15.3720,5.515174e-02
15.3740,5.512364e-02
15.3760,5.509557e-02
15.3780,5.506751e-02
15.3800,5.503946e-02
15.3820,5.501144e-02
15.3840,5.498343e-02
15.3860,5.495544e-02
15.3880,5.492747e-02
15.3900,5.489951e-02
15.3920,5.487158e-02
15.3940,5.484366e-02
15.3960,5.481576e-02
15.3980,5.478788e-02
15.4000,5.476001e-02
15.4020,5.473216e-02
15.4040,5.470433e-02
15.4060,5.467652e-02
15.4080,5.464873e-02
15.4100,5.462095e-02
15.4120,5.459319e-02
15.4140,5.456545e-02
15.4160,5.453773e-02
15.4180,5.451002e-02
15.4200,5.448233e-02
15.4220,5.445466e-02
15.4240,5.442701e-02
15.4260,5.439937e-02
15.4280,5.437175e-02
15.4300,5.434415e-02
15.4320,5.431657e-02
15.4340,5.428900e-02
15.4360,5.426145e-02
15.4380,5.423392e-02
15.4400,5.420641e-02
15.4420,5.417891e-02
15.4440,5.415143e-02
15.4460,5.412397e-02
15.4480,5.409653e-02
15.4500,5.406910e-02
15.4520,5.404169e-02
15.4540,5.401430e-02
15.4560,5.398693e-02
15.4580,5.395957e-02
15.4600,5.393223e-02
15.4620,5.390491e-02
15.4640,5.387760e-02
15.4660,5.385032e-02
15.4680,5.382305e-02
15.4700,5.379579e-02
15.4720,5.376856e-02
15.4740,5.374134e-02
15.4760,5.371414e-02
15.4780,5.368695e-02
15.4800,5.365978e-02
15.4820,5.363263e-02
15.4840,5.360550e-02
15.4860,5.357839e-02
15.4880,5.355129e-02
15.4900,5.352421e-02
15.4920,5.349714e-02
15.4940,5.347009e-02
15.4960,5.344306e-02
15.4980,5.341605e-02
15.5000,5.338905e-02
15.5020,5.336208e-02
15.5040,5.333511e-02
15.5060,5.330817e-02
15.5080,5.328124e-02
15.5100,5.325433e-02
15.5120,5.322744e-02
15.5140,5.320056e-02
15.5160,5.317370e-02
15.5180,5.314686e-02
15.5200,5.312003e-02
15.5220,5.309322e-02
15.5240,5.306643e-02
15.5260,5.303965e-02
15.5280,5.301289e-02
15.5300,5.298615e-02
15.5320,5.295943e-02
15.5340,5.293272e-02
15.5360,5.290603e-02
15.5380,5.287935e-02
15.5400,5.285270e-02
15.5420,5.282606e-02
15.5440,5.279943e-02
15.5460,5.277283e-02
15.5480,5.274624e-02
15.5500,5.271966e-02
15.5520,5.269310e-02
15.5540,5.266656e-02
15.5560,5.264004e-02
15.5580,5.261353e-02
15.5600,5.258704e-02
15.5620,5.256057e-02
15.5640,5.253411e-02
15.5660,5.250767e-02
15.5680,5.248125e-02
15.5700,5.245484e-02
15.5720,5.242845e-02
15.5740,5.240208e-02
15.5760,5.237572e-02
15.5780,5.234938e-02
15.5800,5.232306e-02
15.5820,5.229675e-02
15.5840,5.227046e-02
15.5860,5.224418e-02
15.5880,5.221793e-02
15.5900,5.219169e-02
15.5920,5.216546e-02
15.5940,5.213925e-02
15.5960,5.211306e-02
15.5980,5.208688e-02
15.6000,5.206073e-02
15.6020,5.203458e-02
15.6040,5.200846e-02
15.6060,5.198235e-02
15.6080,5.195625e-02
15.6100,5.193018e-02
15.6120,5.190411e-02
15.6140,5.187807e-02
15.6160,5.185204e-02
15.6180,5.182603e-02
15.6200,5.180003e-02
15.6220,5.177406e-02
15.6240,5.174809e-02
15.6260,5.172215e-02
15.6280,5.169622e-02
15.6300,5.167030e-02
15.6320,5.164440e-02
15.6340,5.161852e-02
15.6360,5.159266e-02
15.6380,5.156681e-02
15.6400,5.154097e-02
15.6420,5.151516e-02
15.6440,5.148936e-02
15.6460,5.146357e-02
15.6480,5.143780e-02
15.6500,5.141205e-02
15.6520,5.138631e-02
15.6540,5.136059e-02
15.6560,5.133489e-02
15.6580,5.130920e-02
15.6600,5.128353e-02
15.6620,5.125787e-02
15.6640,5.123223e-02
15.6660,5.120661e-02
15.6680,5.118100e-02
15.6700,5.115541e-02
15.6720,5.112983e-02
15.6740,5.110427e-02
15.6760,5.107873e-02
15.6780,5.105320e-02
15.6800,5.102769e-02
15.6820,5.100219e-02
15.6840,5.097671e-02
15.6860,5.095125e-02
15.6880,5.092580e-02
15.6900,5.090037e-02
15.6920,5.087495e-02
15.6940,5.084955e-02
15.6960,5.082417e-02
15.6980,5.079880e-02
15.7000,5.077344e-02
15.7020,5.074811e-02
15.7040,5.072279e-02
15.7060,5.069748e-02
15.7080,5.067219e-02
15.7100,5.064691e-02
15.7120,5.062166e-02
15.7140,5.059641e-02
15.7160,5.057119e-02
15.7180,5.054598e-02
15.7200,5.052078e-02
15.7220,5.049560e-02
15.7240,5.047044e-02
15.7260,5.044529e-02
15.7280,5.042015e-02
15.7300,5.039504e-02
15.7320,5.036993e-02
15.7340,5.034485e-02
15.7360,5.031978e-02
15.7380,5.029472e-02
15.7400,5.026968e-02
15.7420,5.024466e-02
15.7440,5.021965e-02
15.7460,5.019466e-02
15.7480,5.016968e-02
15.7500,5.014472e-02
15.7520,5.011978e-02
15.7540,5.009484e-02
15.7560,5.006993e-02
15.7580,5.004503e-02
15.7600,5.002015e-02
15.7620,4.999528e-02
15.7640,4.997042e-02
15.7660,4.994559e-02
15.7680,4.992076e-02
15.7700,4.989596e-02
15.7720,4.987117e-02
15.7740,4.984639e-02
15.7760,4.982163e-02
15.7780,4.979688e-02
15.7800,4.977215e-02
15.7820,4.974744e-02
15.7840,4.972274e-02
15.7860,4.969806e-02
15.7880,4.967339e-02
15.7900,4.964874e-02
15.7920,4.962410e-02
15.7940,4.959947e-02
15.7960,4.957487e-02
15.7980,4.955028e-02
15.8000,4.952570e-02
15.8020,4.950114e-02
15.8040,4.947659e-02
15.8060,4.945206e-02
15.8080,4.942754e-02
15.8100,4.940304e-02
15.8120,4.937856e-02
15.8140,4.935409e-02
15.8160,4.932963e-02
15.8180,4.930519e-02
15.8200,4.928076e-02
15.8220,4.925635e-02
15.8240,4.923196e-02
15.8260,4.920758e-02
15.8280,4.918322e-02
15.8300,4.915887e-02
15.8320,4.913453e-02
15.8340,4.911021e-02
15.8360,4.908591e-02
15.8380,4.906162e-02
15.8400,4.903734e-02
15.8420,4.901308e-02
15.8440,4.898884e-02
15.8460,4.896461e-02
15.8480,4.894040e-02
15.8500,4.891620e-02
15.8520,4.889201e-02
15.8540,4.886784e-02
15.8560,4.884369e-02
15.8580,4.881955e-02
15.8600,4.879542e-02
15.8620,4.877131e-02
15.8640,4.874722e-02
15.8660,4.872314e-02
15.8680,4.869907e-02
15.8700,4.867502e-02
15.8720,4.865099e-02
15.8740,4.862697e-02
15.8760,4.860296e-02
15.8780,4.857897e-02
15.8800,4.855499e-02
15.8820,4.853103e-02
15.8840,4.850708e-02
15.8860,4.848315e-02
15.8880,4.845923e-02
15.8900,4.843533e-02
15.8920,4.841144e-02
15.8940,4.838757e-02
15.8960,4.836371e-02
15.8980,4.833987e-02
15.9000,4.831604e-02
15.9020,4.829223e-02
15.9040,4.826843e-02
15.9060,4.824464e-02
15.9080,4.822087e-02
15.9100,4.819711e-02
15.9120,4.817337e-02
15.9140,4.814965e-02
15.9160,4.812594e-02
15.9180,4.810224e-02
15.9200,4.807856e-02
15.9220,4.805489e-02
15.9240,4.803123e-02
15.9260,4.800759e-02
15.9280,4.798397e-02
15.9300,4.796036e-02
15.9320,4.793676e-02
15.9340,4.791318e-02
15.9360,4.788962e-02
15.9380,4.786607e-02
15.9400,4.784253e-02
15.9420,4.781900e-02
15.9440,4.779550e-02
15.9460,4.777200e-02
15.9480,4.774852e-02
15.9500,4.772506e-02
15.9520,4.770161e-02
15.9540,4.767817e-02
15.9560,4.765475e-02
15.9580,4.763134e-02
15.9600,4.760795e-02
15.9620,4.758457e-02
15.9640,4.756120e-02
15.9660,4.753785e-02
15.9680,4.751452e-02
15.9700,4.749120e-02
15.9720,4.746789e-02
15.9740,4.744460e-02
15.9760,4.742132e-02
15.9780,4.739805e-02
15.9800,4.737480e-02
15.9820,4.735157e-02
15.9840,4.732834e-02
15.9860,4.730514e-02
15.9880,4.728194e-02
15.9900,4.725876e-02
15.9920,4.723560e-02
15.9940,4.721245e-02
15.9960,4.718931e-02
15.9980,4.716619e-02
16.0000,4.714308e-02
16.0020,4.711999e-02
16.0040,4.709691e-02
16.0060,4.707384e-02
16.0080,4.705079e-02
16.0100,4.702775e-02
16.0120,4.700473e-02
16.0140,4.698172e-02
16.0160,4.695872e-02
16.0180,4.693574e-02
16.0200,4.691278e-02
16.0220,4.688982e-02
16.0240,4.686688e-02
16.0260,4.684396e-02
16.0280,4.682105e-02
16.0300,4.679815e-02
16.0320,4.677527e-02
16.0340,4.675240e-02
16.0360,4.672954e-02
16.0380,4.670670e-02
16.0400,4.668388e-02
16.0420,4.666106e-02
16.0440,4.663826e-02
16.0460,4.661548e-02
16.0480,4.659271e-02
16.0500,4.656995e-02
16.0520,4.654720e-02
16.0540,4.652447e-02
16.0560,4.650176e-02
16.0580,4.647906e-02
16.0600,4.645637e-02
16.0620,4.643369e-02
16.0640,4.641103e-02
16.0660,4.638839e-02
16.0680,4.636575e-02
16.0700,4.634313e-02
16.0720,4.632053e-02
16.0740,4.629794e-02
16.0760,4.627536e-02
16.0780,4.625280e-02
16.0800,4.623025e-02
16.0820,4.620771e-02
16.0840,4.618519e-02
16.0860,4.616268e-02
16.0880,4.614018e-02
16.0900,4.611770e-02
16.0920,4.609523e-02
16.0940,4.607278e-02
16.0960,4.605034e-02
16.0980,4.602791e-02
16.1000,4.600550e-02
16.1020,4.598310e-02
16.1040,4.596071e-02
16.1060,4.593834e-02
16.1080,4.591598e-02
16.1100,4.589363e-02
16.1120,4.587130e-02
16.1140,4.584898e-02
16.1160,4.582668e-02
16.1180,4.580439e-02
16.1200,4.578211e-02
16.1220,4.575985e-02
16.1240,4.573760e-02
16.1260,4.571536e-02
16.1280,4.569314e-02
16.1300,4.567093e-02
16.1320,4.564873e-02
16.1340,4.562655e-02
16.1360,4.560438e-02
16.1380,4.558222e-02
16.1400,4.556008e-02
16.1420,4.553795e-02
16.1440,4.551584e-02
16.1460,4.549373e-02
16.1480,4.547165e-02
16.1500,4.544957e-02
16.1520,4.542751e-02
16.1540,4.540546e-02
16.1560,4.538342e-02
16.1580,4.536140e-02
16.1600,4.533939e-02
16.1620,4.531740e-02
16.1640,4.529542e-02
16.1660,4.527345e-02
16.1680,4.525149e-02
16.1700,4.522955e-02
16.1720,4.520762e-02
16.1740,4.518571e-02
16.1760,4.516381e-02
16.1780,4.514192e-02
16.1800,4.512004e-02
16.1820,4.509818e-02
16.1840,4.507633e-02
16.1860,4.505449e-02
16.1880,4.503267e-02
16.1900,4.501086e-02
16.1920,4.498907e-02
16.1940,4.496728e-02
16.1960,4.494551e-02
16.1980,4.492376e-02
16.2000,4.490201e-02
16.2020,4.488028e-02
16.2040,4.485857e-02
16.2060,4.483686e-02
16.2080,4.481517e-02
16.2100,4.479349e-02
16.2120,4.477183e-02
16.2140,4.475018e-02
16.2160,4.472854e-02
16.2180,4.470691e-02
16.2200,4.468530e-02
16.2220,4.466370e-02
16.2240,4.464211e-02
16.2260,4.462054e-02
16.2280,4.459898e-02
16.2300,4.457743e-02
16.2320,4.455590e-02
16.2340,4.453438e-02
16.2360,4.451287e-02
16.2380,4.449138e-02
16.2400,4.446989e-02
16.2420,4.444842e-02
16.2440,4.442697e-02
16.2460,4.440552e-02
16.2480,4.438409e-02
16.2500,4.436268e-02
16.2520,4.434127e-02
16.2540,4.431988e-02
16.2560,4.429850e-02
16.2580,4.427713e-02
16.2600,4.425578e-02
16.2620,4.423444e-02
16.2640,4.421311e-02
16.2660,4.419180e-02
16.2680,4.417050e-02
16.2700,4.414921e-02
16.2720,4.412793e-02
16.2740,4.410667e-02
16.2760,4.408542e-02
16.2780,4.406418e-02
16.2800,4.404296e-02
16.2820,4.402175e-02
16.2840,4.400055e-02
16.2860,4.397936e-02
16.2880,4.395819e-02
16.2900,4.393703e-02
16.2920,4.391588e-02
16.2940,4.389474e-02
16.2960,4.387362e-02
16.2980,4.385251e-02
16.3000,4.383141e-02
16.3020,4.381033e-02
16.3040,4.378925e-02
16.3060,4.376819e-02
16.3080,4.374715e-02
16.3100,4.372611e-02
16.3120,4.370509e-02
16.3140,4.368408e-02
16.3160,4.366309e-02
16.3180,4.364210e-02
16.3200,4.362113e-02
16.3220,4.360017e-02
16.3240,4.357923e-02
16.3260,4.355830e-02
16.3280,4.353737e-02
16.3300,4.351647e-02
16.3320,4.349557e-02
16.3340,4.347469e-02
16.3360,4.345382e-02
16.3380,4.343296e-02
16.3400,4.341211e-02
16.3420,4.339128e-02
16.3440,4.337046e-02
16.3460,4.334965e-02
16.3480,4.332886e-02
16.3500,4.330807e-02
16.3520,4.328730e-02
16.3540,4.326654e-02
16.3560,4.324580e-02
16.3580,4.322507e-02
16.3600,4.320434e-02
16.3620,4.318364e-02
16.3640,4.316294e-02
16.3660,4.314226e-02
16.3680,4.312159e-02
16.3700,4.310093e-02
16.3720,4.308028e-02
16.3740,4.305965e-02
16.3760,4.303902e-02
16.3780,4.301841e-02
16.3800,4.299782e-02
16.3820,4.297723e-02
16.3840,4.295666e-02
16.3860,4.293610e-02
16.3880,4.291555e-02
16.3900,4.289502e-02
16.3920,4.287449e-02
16.3940,4.285398e-02
16.3960,4.283348e-02
16.3980,4.281300e-02
16.4000,4.279252e-02
16.4020,4.277206e-02
16.4040,4.275161e-02
16.4060,4.273117e-02
16.4080,4.271075e-02
16.4100,4.269033e-02
16.4120,4.266993e-02
16.4140,4.264954e-02
16.4160,4.262917e-02
16.4180,4.260880e-02
16.4200,4.258845e-02
16.4220,4.256811e-02
16.4240,4.254778e-02
16.4260,4.252747e-02
16.4280,4.250716e-02
16.4300,4.248687e-02
16.4320,4.246659e-02
16.4340,4.244632e-02
16.4360,4.242607e-02
16.4380,4.240582e-02
16.4400,4.238559e-02
16.4420,4.236537e-02
16.4440,4.234517e-02
16.4460,4.232497e-02
16.4480,4.230479e-02
16.4500,4.228462e-02
16.4520,4.226446e-02
16.4540,4.224431e-02
16.4560,4.222418e-02
16.4580,4.220405e-02
16.4600,4.218394e-02
16.4620,4.216384e-02
16.4640,4.214376e-02
16.4660,4.212368e-02
16.4680,4.210362e-02
16.4700,4.208357e-02
16.4720,4.206353e-02
16.4740,4.204350e-02
16.4760,4.202348e-02
16.4780,4.200348e-02
16.4800,4.198349e-02
16.4820,4.196351e-02
16.4840,4.194354e-02
16.4860,4.192359e-02
16.4880,4.190364e-02
16.4900,4.188371e-02
16.4920,4.186379e-02
16.4940,4.184388e-02
16.4960,4.182398e-02
16.4980,4.180410e-02
16.5000,4.178423e-02
16.5020,4.176436e-02
16.5040,4.174451e-02
16.5060,4.172468e-02
16.5080,4.170485e-02
16.5100,4.168504e-02
16.5120,4.166523e-02
16.5140,4.164544e-02
16.5160,4.162566e-02
16.5180,4.160590e-02
16.5200,4.158614e-02
16.5220,4.156640e-02
16.5240,4.154667e-02
16.5260,4.152695e-02
16.5280,4.150724e-02
16.5300,4.148754e-02
16.5320,4.146786e-02
16.5340,4.144818e-02
16.5360,4.142852e-02
16.5380,4.140887e-02
16.5400,4.138923e-02
16.5420,4.136960e-02
16.5440,4.134999e-02
16.5460,4.133038e-02
16.5480,4.131079e-02
16.5500,4.129121e-02
16.5520,4.127164e-02
16.5540,4.125209e-02
16.5560,4.123254e-02
16.5580,4.121301e-02
16.5600,4.119348e-02
16.5620,4.117397e-02
16.5640,4.115447e-02
16.5660,4.113498e-02
16.5680,4.111551e-02
16.5700,4.109604e-02
16.5720,4.107659e-02
16.5740,4.105715e-02
16.5760,4.103772e-02
16.5780,4.101830e-02
16.5800,4.099889e-02
16.5820,4.097950e-02
16.5840,4.096011e-02
16.5860,4.094074e-02
16.5880,4.092138e-02
16.5900,4.090203e-02
16.5920,4.088269e-02
16.5940,4.086336e-02
16.5960,4.084404e-02
16.5980,4.082474e-02
16.6000,4.080545e-02
16.6020,4.078617e-02
16.6040,4.076690e-02
16.6060,4.074764e-02
16.6080,4.072839e-02
16.6100,4.070915e-02
16.6120,4.068993e-02
16.6140,4.067071e-02
16.6160,4.065151e-02
16.6180,4.063232e-02
16.6200,4.061314e-02
16.6220,4.059397e-02
16.6240,4.057482e-02
16.6260,4.055567e-02
16.6280,4.053654e-02
16.6300,4.051741e-02
16.6320,4.049830e-02
16.6340,4.047920e-02
16.6360,4.046011e-02
16.6380,4.044104e-02
16.6400,4.042197e-02
16.6420,4.040291e-02
16.6440,4.038387e-02
16.6460,4.036484e-02
16.6480,4.034581e-02
16.6500,4.032680e-02
16.6520,4.030780e-02
16.6540,4.028882e-02
16.6560,4.026984e-02
16.6580,4.025087e-02
16.6600,4.023192e-02
16.6620,4.021298e-02
16.6640,4.019404e-02
16.6660,4.017512e-02
16.6680,4.015621e-02
16.6700,4.013731e-02
16.6720,4.011842e-02
16.6740,4.009955e-02
16.6760,4.008068e-02
16.6780,4.006183e-02
16.6800,4.004298e-02
16.6820,4.002415e-02
16.6840,4.000533e-02
16.6860,3.998652e-02
16.6880,3.996772e-02
16.6900,3.994893e-02
16.6920,3.993016e-02
16.6940,3.991139e-02
16.6960,3.989263e-02
16.6980,3.987389e-02
16.7000,3.985516e-02
16.7020,3.983643e-02
16.7040,3.981772e-02
16.7060,3.979902e-02
16.7080,3.978033e-02
16.7100,3.976166e-02
16.7120,3.974299e-02
16.7140,3.972433e-02
16.7160,3.970569e-02
16.7180,3.968705e-02
16.7200,3.966843e-02
16.7220,3.964982e-02
16.7240,3.963122e-02
16.7260,3.961262e-02
16.7280,3.959404e-02
16.7300,3.957548e-02
16.7320,3.955692e-02
16.7340,3.953837e-02
16.7360,3.951983e-02
16.7380,3.950131e-02
16.7400,3.948279e-02
16.7420,3.946429e-02
16.7440,3.944580e-02
16.7460,3.942732e-02
16.7480,3.940884e-02
16.7500,3.939038e-02
16.7520,3.937193e-02
16.7540,3.935350e-02
16.7560,3.933507e-02
16.7580,3.931665e-02
16.7600,3.929824e-02
16.7620,3.927985e-02
16.7640,3.926146e-02
16.7660,3.924309e-02
16.7680,3.922472e-02
16.7700,3.920637e-02
16.7720,3.918803e-02
16.7740,3.916970e-02
16.7760,3.915138e-02
16.7780,3.913307e-02
16.7800,3.911477e-02
16.7820,3.909648e-02
16.7840,3.907820e-02
16.7860,3.905994e-02
16.7880,3.904168e-02
16.7900,3.902343e-02
16.7920,3.900520e-02
16.7940,3.898697e-02
16.7960,3.896876e-02
16.7980,3.895056e-02
16.8000,3.893236e-02
16.8020,3.891418e-02
16.8040,3.889601e-02
16.8060,3.887785e-02
16.8080,3.885970e-02
16.8100,3.884156e-02
16.8120,3.882343e-02
16.8140,3.880531e-02
16.8160,3.878721e-02
16.8180,3.876911e-02
16.8200,3.875102e-02
16.8220,3.873295e-02
16.8240,3.871488e-02
16.8260,3.869682e-02
16.8280,3.867878e-02
16.8300,3.866075e-02
16.8320,3.864272e-02
16.8340,3.862471e-02
16.8360,3.860671e-02
16.8380,3.858871e-02
16.8400,3.857073e-02
16.8420,3.855276e-02
16.8440,3.853480e-02
16.8460,3.851685e-02
16.8480,3.849891e-02
16.8500,3.848098e-02
16.8520,3.846306e-02
16.8540,3.844515e-02
16.8560,3.842726e-02
16.8580,3.840937e-02
16.8600,3.839149e-02
16.8620,3.837363e-02
16.8640,3.835577e-02
16.8660,3.833792e-02
16.8680,3.832009e-02
16.8700,3.830226e-02
16.8720,3.828445e-02
16.8740,3.826664e-02
16.8760,3.824885e-02
16.8780,3.823106e-02
16.8800,3.821329e-02
16.8820,3.819553e-02
16.8840,3.817777e-02
16.8860,3.816003e-02
16.8880,3.814230e-02
16.8900,3.812458e-02
16.8920,3.810687e-02
16.8940,3.808916e-02
16.8960,3.807147e-02
16.8980,3.805379e-02
16.9000,3.803612e-02
16.9020,3.801846e-02
16.9040,3.800081e-02
16.9060,3.798317e-02
16.9080,3.796554e-02
16.9100,3.794792e-02
16.9120,3.793031e-02
16.9140,3.791271e-02
16.9160,3.789512e-02
16.9180,3.787755e-02
16.9200,3.785998e-02
16.9220,3.784242e-02
16.9240,3.782487e-02
16.9260,3.780733e-02
16.9280,3.778981e-02
16.9300,3.777229e-02
16.9320,3.775478e-02
16.9340,3.773728e-02
16.9360,3.771980e-02
16.9380,3.770232e-02
16.9400,3.768485e-02
16.9420,3.766740e-02
16.9440,3.764995e-02
16.9460,3.763251e-02
16.9480,3.761509e-02
16.9500,3.759767e-02
16.9520,3.758026e-02
16.9540,3.756287e-02
16.9560,3.754548e-02
16.9580,3.752810e-02
16.9600,3.751074e-02
16.9620,3.749338e-02
16.9640,3.747604e-02
16.9660,3.745870e-02
16.9680,3.744137e-02
16.9700,3.742406e-02
16.9720,3.740675e-02
16.9740,3.738946e-02
16.9760,3.737217e-02
16.9780,3.735489e-02
16.9800,3.733763e-02
16.9820,3.732037e-02
16.9840,3.730313e-02
16.9860,3.728589e-02
16.9880,3.726866e-02
16.9900,3.725145e-02
16.9920,3.723424e-02
16.9940,3.721705e-02
16.9960,3.719986e-02
16.9980,3.718268e-02
17.0000,3.716552e-02
17.0020,3.714836e-02
17.0040,3.713121e-02
17.0060,3.711408e-02
17.0080,3.709695e-02
17.0100,3.707983e-02
17.0120,3.706272e-02
17.0140,3.704563e-02
17.0160,3.702854e-02
17.0180,3.701146e-02
17.0200,3.699439e-02
17.0220,3.697734e-02
17.0240,3.696029e-02
17.0260,3.694325e-02
17.0280,3.692622e-02
17.0300,3.690920e-02
17.0320,3.689219e-02
17.0340,3.687519e-02
17.0360,3.685821e-02
17.0380,3.684123e-02
17.0400,3.682426e-02
17.0420,3.680730e-02
17.0440,3.679035e-02
17.0460,3.677341e-02
17.0480,3.675647e-02
17.0500,3.673955e-02
17.0520,3.672264e-02
17.0540,3.670574e-02
17.0560,3.668885e-02
17.0580,3.667197e-02
17.0600,3.665509e-02
17.0620,3.663823e-02
17.0640,3.662138e-02
17.0660,3.660454e-02
17.0680,3.658770e-02
17.0700,3.657088e-02
17.0720,3.655406e-02
17.0740,3.653726e-02
17.0760,3.652046e-02
17.0780,3.650368e-02
17.0800,3.648690e-02
17.0820,3.647014e-02
17.0840,3.645338e-02
17.0860,3.643663e-02
17.0880,3.641990e-02
17.0900,3.640317e-02
17.0920,3.638645e-02
17.0940,3.636974e-02
17.0960,3.635304e-02
17.0980,3.633635e-02
17.1000,3.631967e-02
17.1020,3.630300e-02
17.1040,3.628634e-02
17.1060,3.626969e-02
17.1080,3.625305e-02
17.1100,3.623642e-02
17.1120,3.621980e-02
17.1140,3.620318e-02
17.1160,3.618658e-02
17.1180,3.616999e-02
17.1200,3.615340e-02
17.1220,3.613683e-02
17.1240,3.612026e-02
17.1260,3.610371e-02
17.1280,3.608716e-02
17.1300,3.607062e-02
17.1320,3.605410e-02
17.1340,3.603758e-02
17.1360,3.602107e-02
17.1380,3.600457e-02
17.1400,3.598808e-02
17.1420,3.597160e-02
17.1440,3.595513e-02
17.1460,3.593867e-02
17.1480,3.592222e-02
17.1500,3.590578e-02
17.1520,3.588934e-02
17.1540,3.587292e-02
17.1560,3.585650e-02
17.1580,3.584010e-02
17.1600,3.582370e-02
17.1620,3.580732e-02
17.1640,3.579094e-02
17.1660,3.577457e-02
17.1680,3.575822e-02
17.1700,3.574187e-02
17.1720,3.572553e-02
17.1740,3.570920e-02
17.1760,3.569288e-02
17.1780,3.567657e-02
17.1800,3.566026e-02
17.1820,3.564397e-02
17.1840,3.562769e-02
17.1860,3.561141e-02
17.1880,3.559515e-02
17.1900,3.557889e-02
17.1920,3.556265e-02
17.1940,3.554641e-02
17.1960,3.553018e-02
17.1980,3.551396e-02
17.2000,3.549776e-02
17.2020,3.548156e-02
17.2040,3.546536e-02
17.2060,3.544918e-02
17.2080,3.543301e-02
17.2100,3.541685e-02
17.2120,3.540069e-02
17.2140,3.538455e-02
17.2160,3.536841e-02
17.2180,3.535229e-02
17.2200,3.533617e-02
17.2220,3.532006e-02
17.2240,3.530396e-02
17.2260,3.528787e-02
17.2280,3.527179e-02
17.2300,3.525572e-02
17.2320,3.523966e-02
17.2340,3.522361e-02
17.2360,3.520756e-02
17.2380,3.519153e-02
17.2400,3.517550e-02
17.2420,3.515949e-02
17.2440,3.514348e-02
17.2460,3.512748e-02
17.2480,3.511149e-02
17.2500,3.509551e-02
17.2520,3.507954e-02
17.2540,3.506358e-02
17.2560,3.504763e-02
17.2580,3.503168e-02
17.2600,3.501575e-02
17.2620,3.499982e-02
17.2640,3.498391e-02
17.2660,3.496800e-02
17.2680,3.495210e-02
17.2700,3.493621e-02
17.2720,3.492033e-02
17.2740,3.490446e-02
17.2760,3.488860e-02
17.2780,3.487275e-02
17.2800,3.485690e-02
17.2820,3.484107e-02
17.2840,3.482524e-02
17.2860,3.480942e-02
17.2880,3.479361e-02
17.2900,3.477781e-02
17.2920,3.476202e-02
17.2940,3.474624e-02
17.2960,3.473047e-02
17.2980,3.471471e-02
17.3000,3.469895e-02
17.3020,3.468321e-02
17.3040,3.466747e-02
17.3060,3.465174e-02
17.3080,3.463602e-02
17.3100,3.462031e-02
17.3120,3.460461e-02
17.3140,3.458892e-02
17.3160,3.457324e-02
17.3180,3.455756e-02
17.3200,3.454190e-02
17.3220,3.452624e-02
17.3240,3.451059e-02
17.3260,3.449495e-02
17.3280,3.447932e-02
17.3300,3.446370e-02
17.3320,3.444809e-02
17.3340,3.443249e-02
17.3360,3.441689e-02
17.3380,3.440130e-02
17.3400,3.438573e-02
17.3420,3.437016e-02
17.3440,3.435460e-02
17.3460,3.433905e-02
17.3480,3.432351e-02
17.3500,3.430797e-02
17.3520,3.429245e-02
17.3540,3.427693e-02
17.3560,3.426143e-02
17.3580,3.424593e-02
17.3600,3.423044e-02
17.3620,3.421496e-02
17.3640,3.419949e-02
17.3660,3.418403e-02
17.3680,3.416857e-02
17.3700,3.415313e-02
17.3720,3.413769e-02
17.3740,3.412226e-02
17.3760,3.410684e-02
17.3780,3.409143e-02
17.3800,3.407603e-02
17.3820,3.406064e-02
17.3840,3.404525e-02
17.3860,3.402988e-02
17.3880,3.401451e-02
17.3900,3.399915e-02
17.3920,3.398380e-02
17.3940,3.396846e-02
17.3960,3.395313e-02
17.3980,3.393780e-02
17.4000,3.392249e-02
17.4020,3.390718e-02
17.4040,3.389188e-02
17.4060,3.387659e-02
17.4080,3.386131e-02
17.4100,3.384604e-02
17.4120,3.383078e-02
17.4140,3.381552e-02
17.4160,3.380028e-02
17.4180,3.378504e-02
17.4200,3.376981e-02
17.4220,3.375459e-02
17.4240,3.373938e-02
17.4260,3.372417e-02
17.4280,3.370898e-02
17.4300,3.369379e-02
17.4320,3.367862e-02
17.4340,3.366345e-02
17.4360,3.364829e-02
17.4380,3.363313e-02
17.4400,3.361799e-02
17.4420,3.360285e-02
17.4440,3.358773e-02
17.4460,3.357261e-02
17.4480,3.355750e-02
17.4500,3.354240e-02
17.4520,3.352731e-02
17.4540,3.351222e-02
17.4560,3.349715e-02
17.4580,3.348208e-02
17.4600,3.346702e-02
17.4620,3.345197e-02
17.4640,3.343693e-02
17.4660,3.342190e-02
17.4680,3.340687e-02
17.4700,3.339186e-02
17.4720,3.337685e-02
17.4740,3.336185e-02
17.4760,3.334686e-02
17.4780,3.333187e-02
17.4800,3.331690e-02
17.4820,3.330193e-02
17.4840,3.328698e-02
17.4860,3.327203e-02
17.4880,3.325709e-02
17.4900,3.324215e-02
17.4920,3.322723e-02
17.4940,3.321232e-02
17.4960,3.319741e-02
17.4980,3.318251e-02
17.5000,3.316762e-02
17.5020,3.315274e-02
17.5040,3.313786e-02
17.5060,3.312300e-02
17.5080,3.310814e-02
17.5100,3.309329e-02
17.5120,3.307845e-02
17.5140,3.306362e-02
17.5160,3.304880e-02
17.5180,3.303398e-02
17.5200,3.301917e-02
17.5220,3.300437e-02
17.5240,3.298958e-02
17.5260,3.297480e-02
17.5280,3.296003e-02
17.5300,3.294526e-02
17.5320,3.293050e-02
17.5340,3.291575e-02
17.5360,3.290101e-02
17.5380,3.288628e-02
17.5400,3.287156e-02
17.5420,3.285684e-02
17.5440,3.284213e-02
17.5460,3.282743e-02
17.5480,3.281274e-02
17.5500,3.279806e-02
17.5520,3.278338e-02
17.5540,3.276871e-02
17.5560,3.275406e-02
17.5580,3.273941e-02
17.5600,3.272476e-02
17.5620,3.271013e-02
17.5640,3.269550e-02
17.5660,3.268089e-02
17.5680,3.266628e-02
17.5700,3.265167e-02
17.5720,3.263708e-02
17.5740,3.262250e-02
17.5760,3.260792e-02
17.5780,3.259335e-02
17.5800,3.257879e-02
17.5820,3.256424e-02
17.5840,3.254969e-02
17.5860,3.253516e-02
17.5880,3.252063e-02
17.5900,3.250611e-02
17.5920,3.249159e-02
17.5940,3.247709e-02
17.5960,3.246259e-02
17.5980,3.244811e-02
17.6000,3.243363e-02
17.6020,3.241916e-02
17.6040,3.240469e-02
17.6060,3.239024e-02
17.6080,3.237579e-02
17.6100,3.236135e-02
17.6120,3.234692e-02
17.6140,3.233250e-02
17.6160,3.231808e-02
17.6180,3.230367e-02
17.6200,3.228927e-02
17.6220,3.227488e-02
17.6240,3.226050e-02
17.6260,3.224612e-02
17.6280,3.223176e-02
17.6300,3.221740e-02
17.6320,3.220305e-02
17.6340,3.218870e-02
17.6360,3.217437e-02
17.6380,3.216004e-02
17.6400,3.214572e-02
17.6420,3.213141e-02
17.6440,3.211711e-02
17.6460,3.210281e-02
17.6480,3.208852e-02
17.6500,3.207424e-02
17.6520,3.205997e-02
17.6540,3.204571e-02
17.6560,3.203145e-02
17.6580,3.201721e-02
17.6600,3.200297e-02
17.6620,3.198873e-02
17.6640,3.197451e-02
17.6660,3.196029e-02
17.6680,3.194609e-02
17.6700,3.193189e-02
17.6720,3.191769e-02
17.6740,3.190351e-02
17.6760,3.188933e-02
17.6780,3.187516e-02
17.6800,3.186100e-02
17.6820,3.184685e-02
17.6840,3.183270e-02
17.6860,3.181857e-02
17.6880,3.180444e-02
17.6900,3.179032e-02
17.6920,3.177620e-02
17.6940,3.176210e-02
17.6960,3.174800e-02
17.6980,3.173391e-02
17.7000,3.171983e-02
17.7020,3.170575e-02
17.7040,3.169168e-02
17.7060,3.167762e-02
17.7080,3.166357e-02
17.7100,3.164953e-02
17.7120,3.163549e-02
17.7140,3.162147e-02
17.7160,3.160745e-02
17.7180,3.159343e-02
17.7200,3.157943e-02
17.7220,3.156543e-02
17.7240,3.155144e-02
17.7260,3.153746e-02
17.7280,3.152349e-02
17.7300,3.150952e-02
17.7320,3.149556e-02
17.7340,3.148161e-02
17.7360,3.146767e-02
17.7380,3.145374e-02
17.7400,3.143981e-02
17.7420,3.142589e-02
17.7440,3.141198e-02
17.7460,3.139807e-02
17.7480,3.138418e-02
17.7500,3.137029e-02
17.7520,3.135641e-02
17.7540,3.134253e-02
17.7560,3.132867e-02
17.7580,3.131481e-02
17.7600,3.130096e-02
17.7620,3.128711e-02
17.7640,3.127328e-02
17.7660,3.125945e-02
17.7680,3.124563e-02
17.7700,3.123182e-02
17.7720,3.121802e-02
17.7740,3.120422e-02
17.7760,3.119043e-02
17.7780,3.117665e-02
17.7800,3.116287e-02
17.7820,3.114911e-02
17.7840,3.113535e-02
17.7860,3.112160e-02
17.7880,3.110785e-02
17.7900,3.109412e-02
17.7920,3.108039e-02
17.7940,3.106667e-02
17.7960,3.105295e-02
17.7980,3.103925e-02
17.8000,3.102555e-02
17.8020,3.101186e-02
17.8040,3.099817e-02
17.8060,3.098450e-02
17.8080,3.097083e-02
17.8100,3.095717e-02
17.8120,3.094352e-02
17.8140,3.092987e-02
17.8160,3.091623e-02
17.8180,3.090260e-02
17.8200,3.088898e-02
17.8220,3.087536e-02
17.8240,3.086176e-02
17.8260,3.084816e-02
17.8280,3.083456e-02
17.8300,3.082098e-02
17.8320,3.080740e-02
17.8340,3.079383e-02
17.8360,3.078027e-02
17.8380,3.076671e-02
17.8400,3.075316e-02
17.8420,3.073962e-02
17.8440,3.072609e-02
17.8460,3.071256e-02
17.8480,3.069904e-02
17.8500,3.068553e-02
17.8520,3.067203e-02
17.8540,3.065853e-02
17.8560,3.064504e-02
17.8580,3.063156e-02
17.8600,3.061809e-02
17.8620,3.060462e-02
17.8640,3.059116e-02
17.8660,3.057771e-02
17.8680,3.056427e-02
17.8700,3.055083e-02
17.8720,3.053740e-02
17.8740,3.052398e-02
17.8760,3.051057e-02
17.8780,3.049716e-02
17.8800,3.048376e-02
17.8820,3.047037e-02
17.8840,3.045698e-02
17.8860,3.044360e-02
17.8880,3.043023e-02
17.8900,3.041687e-02
17.8920,3.040351e-02
17.8940,3.039016e-02
17.8960,3.037682e-02
17.8980,3.036349e-02
17.9000,3.035016e-02
17.9020,3.033684e-02
17.9040,3.032353e-02
17.9060,3.031023e-02
17.9080,3.029693e-02
17.9100,3.028364e-02
17.9120,3.027036e-02
17.9140,3.025708e-02
17.9160,3.024381e-02
17.9180,3.023055e-02
17.9200,3.021730e-02
17.9220,3.020405e-02
17.9240,3.019081e-02
17.9260,3.017758e-02
17.9280,3.016435e-02
17.9300,3.015114e-02
17.9320,3.013793e-02
17.9340,3.012472e-02
17.9360,3.011153e-02
17.9380,3.009834e-02
17.9400,3.008516e-02
17.9420,3.007198e-02
17.9440,3.005882e-02
17.9460,3.004566e-02
17.9480,3.003250e-02
17.9500,3.001936e-02
17.9520,3.000622e-02
17.9540,2.999309e-02
17.9560,2.997997e-02
17.9580,2.996685e-02
17.9600,2.995374e-02
17.9620,2.994064e-02
17.9640,2.992754e-02
17.9660,2.991445e-02
17.9680,2.990137e-02
17.9700,2.988830e-02
17.9720,2.987523e-02
17.9740,2.986217e-02
17.9760,2.984912e-02
17.9780,2.983608e-02
17.9800,2.982304e-02
17.9820,2.981001e-02
17.9840,2.979698e-02
17.9860,2.978397e-02
17.9880,2.977096e-02
17.9900,2.975796e-02
17.9920,2.974496e-02
17.9940,2.973197e-02
17.9960,2.971899e-02
17.9980,2.970602e-02
18.0000,2.969305e-02
18.0020,2.968009e-02
18.0040,2.966714e-02
18.0060,2.965419e-02
18.0080,2.964125e-02
18.0100,2.962832e-02
18.0120,2.961540e-02
18.0140,2.960248e-02
18.0160,2.958957e-02
18.0180,2.957667e-02
18.0200,2.956377e-02
18.0220,2.955088e-02
18.0240,2.953800e-02
18.0260,2.952512e-02
18.0280,2.951225e-02
18.0300,2.949939e-02
18.0320,2.948654e-02
18.0340,2.947369e-02
18.0360,2.946085e-02
18.0380,2.944802e-02
18.0400,2.943519e-02
18.0420,2.942237e-02
18.0440,2.940956e-02
18.0460,2.939675e-02
18.0480,2.938395e-02
18.0500,2.937116e-02
18.0520,2.935838e-02
18.0540,2.934560e-02
18.0560,2.933283e-02
18.0580,2.932007e-02
18.0600,2.930731e-02
18.0620,2.929456e-02
18.0640,2.928182e-02
18.0660,2.926908e-02
18.0680,2.925635e-02
18.0700,2.924363e-02
18.0720,2.923091e-02
18.0740,2.921821e-02
18.0760,2.920550e-02
18.0780,2.919281e-02
18.0800,2.918012e-02
18.0820,2.916744e-02
18.0840,2.915477e-02
18.0860,2.914210e-02
18.0880,2.912944e-02
18.0900,2.911679e-02
18.0920,2.910414e-02
18.0940,2.909150e-02
18.0960,2.907887e-02
18.0980,2.906624e-02
18.1000,2.905362e-02
18.1020,2.904101e-02
18.1040,2.902841e-02
18.1060,2.901581e-02
18.1080,2.900322e-02
18.1100,2.899063e-02
18.1120,2.897805e-02
18.1140,2.896548e-02
18.1160,2.895292e-02
18.1180,2.894036e-02
18.1200,2.892781e-02
18.1220,2.891527e-02
18.1240,2.890273e-02
18.1260,2.889020e-02
18.1280,2.887768e-02
18.1300,2.886516e-02
18.1320,2.885265e-02
18.1340,2.884015e-02
18.1360,2.882765e-02
18.1380,2.881516e-02
18.1400,2.880268e-02
18.1420,2.879020e-02
18.1440,2.877773e-02
18.1460,2.876527e-02
18.1480,2.875281e-02
18.1500,2.874036e-02
18.1520,2.872792e-02
18.1540,2.871549e-02
18.1560,2.870306e-02
18.1580,2.869064e-02
18.1600,2.867822e-02
18.1620,2.866581e-02
18.1640,2.865341e-02
18.1660,2.864101e-02
18.1680,2.862863e-02
18.1700,2.861624e-02
18.1720,2.860387e-02
18.1740,2.859150e-02
18.1760,2.857914e-02
18.1780,2.856678e-02
18.1800,2.855443e-02
18.1820,2.854209e-02
18.1840,2.852976e-02
18.1860,2.851743e-02
18.1880,2.850511e-02
18.1900,2.849279e-02
18.1920,2.848048e-02
18.1940,2.846818e-02
18.1960,2.845589e-02
18.1980,2.844360e-02
18.2000,2.843132e-02
18.2020,2.841904e-02
18.2040,2.840677e-02
18.2060,2.839451e-02
18.2080,2.838225e-02
18.2100,2.837000e-02
18.2120,2.835776e-02
18.2140,2.834553e-02
18.2160,2.833330e-02
18.2180,2.832108e-02
18.2200,2.830886e-02
18.2220,2.829665e-02
18.2240,2.828445e-02
18.2260,2.827225e-02
18.2280,2.826006e-02
18.2300,2.824788e-02
18.2320,2.823570e-02
18.2340,2.822353e-02
18.2360,2.821137e-02
18.2380,2.819921e-02
18.2400,2.818706e-02
18.2420,2.817492e-02
18.2440,2.816278e-02
18.2460,2.815065e-02
18.2480,2.813853e-02
18.2500,2.812641e-02
18.2520,2.811430e-02
18.2540,2.810219e-02
18.2560,2.809010e-02
18.2580,2.807800e-02
18.2600,2.806592e-02
18.2620,2.805384e-02
18.2640,2.804177e-02
18.2660,2.802970e-02
18.2680,2.801764e-02
18.2700,2.800559e-02
18.2720,2.799354e-02
18.2740,2.798151e-02
18.2760,2.796947e-02
18.2780,2.795745e-02
18.2800,2.794543e-02
18.2820,2.793341e-02
18.2840,2.792140e-02
18.2860,2.790940e-02
18.2880,2.789741e-02
18.2900,2.788542e-02
18.2920,2.787344e-02
18.2940,2.786146e-02
18.2960,2.784950e-02
18.2980,2.783753e-02
18.3000,2.782558e-02
18.3020,2.781363e-02
18.3040,2.780169e-02
18.3060,2.778975e-02
18.3080,2.777782e-02
18.3100,2.776589e-02
18.3120,2.775398e-02
18.3140,2.774207e-02
18.3160,2.773016e-02
18.3180,2.771826e-02
18.3200,2.770637e-02
18.3220,2.769449e-02
18.3240,2.768261e-02
18.3260,2.767073e-02
18.3280,2.765887e-02
18.3300,2.764701e-02
18.3320,2.763515e-02
18.3340,2.762331e-02
18.3360,2.761147e-02
18.3380,2.759963e-02
18.3400,2.758780e-02
18.3420,2.757598e-02
18.3440,2.756417e-02
18.3460,2.755236e-02
18.3480,2.754055e-02
18.3500,2.752876e-02
18.3520,2.751697e-02
18.3540,2.750518e-02
18.3560,2.749341e-02
18.3580,2.748163e-02
18.3600,2.746987e-02
18.3620,2.745811e-02
18.3640,2.744636e-02
18.3660,2.743461e-02
18.3680,2.742287e-02
18.3700,2.741114e-02
18.3720,2.739941e-02
18.3740,2.738769e-02
18.3760,2.737597e-02
18.3780,2.736427e-02
18.3800,2.735256e-02
18.3820,2.734087e-02
18.3840,2.732918e-02
18.3860,2.731749e-02
18.3880,2.730582e-02
18.3900,2.729415e-02
18.3920,2.728248e-02
18.3940,2.727082e-02
18.3960,2.725917e-02
18.3980,2.724752e-02
18.4000,2.723588e-02
18.4020,2.722425e-02
18.4040,2.721262e-02
18.4060,2.720100e-02
18.4080,2.718939e-02
18.4100,2.717778e-02
18.4120,2.716617e-02
18.4140,2.715458e-02
18.4160,2.714299e-02
18.4180,2.713140e-02
18.4200,2.711983e-02
18.4220,2.710825e-02
18.4240,2.709669e-02
18.4260,2.708513e-02
18.4280,2.707357e-02
18.4300,2.706203e-02
18.4320,2.705049e-02
18.4340,2.703895e-02
18.4360,2.702742e-02
18.4380,2.701590e-02
18.4400,2.700438e-02
18.4420,2.699287e-02
18.4440,2.698137e-02
18.4460,2.696987e-02
18.4480,2.695838e-02
18.4500,2.694689e-02
18.4520,2.693541e-02
18.4540,2.692394e-02
18.4560,2.691247e-02
18.4580,2.690101e-02
18.4600,2.688956e-02
18.4620,2.687811e-02
18.4640,2.686666e-02
18.4660,2.685523e-02
18.4680,2.684380e-02
18.4700,2.683237e-02
18.4720,2.682095e-02
18.4740,2.680954e-02
18.4760,2.679813e-02
18.4780,2.678673e-02
18.4800,2.677534e-02
18.4820,2.676395e-02
18.4840,2.675257e-02
18.4860,2.674119e-02
18.4880,2.672982e-02
18.4900,2.671846e-02
18.4920,2.670710e-02
18.4940,2.669575e-02
18.4960,2.668440e-02
18.4980,2.667306e-02
18.5000,2.666173e-02
18.5020,2.665040e-02
18.5040,2.663908e-02
18.5060,2.662776e-02
18.5080,2.661645e-02
18.5100,2.660515e-02
18.5120,2.659385e-02
18.5140,2.658256e-02
18.5160,2.657127e-02
18.5180,2.655999e-02
18.5200,2.654872e-02
18.5220,2.653745e-02
18.5240,2.652619e-02
18.5260,2.651493e-02
18.5280,2.650368e-02
18.5300,2.649244e-02
18.5320,2.648120e-02
18.5340,2.646996e-02
18.5360,2.645874e-02
18.5380,2.644752e-02
18.5400,2.643630e-02
18.5420,2.642510e-02
18.5440,2.641389e-02
18.5460,2.640270e-02
18.5480,2.639151e-02
18.5500,2.638032e-02
18.5520,2.636914e-02
18.5540,2.635797e-02
18.5560,2.634680e-02
18.5580,2.633564e-02
18.5600,2.632449e-02
18.5620,2.631334e-02
18.5640,2.630219e-02
18.5660,2.629106e-02
18.5680,2.627992e-02
18.5700,2.626880e-02
18.5720,2.625768e-02
18.5740,2.624656e-02
18.5760,2.623546e-02
18.5780,2.622435e-02
18.5800,2.621326e-02
18.5820,2.620217e-02
18.5840,2.619108e-02
18.5860,2.618000e-02
18.5880,2.616893e-02
18.5900,2.615786e-02
18.5920,2.614680e-02
18.5940,2.613575e-02
18.5960,2.612470e-02
18.5980,2.611366e-02
18.6000,2.610262e-02
18.6020,2.609159e-02
18.6040,2.608056e-02
18.6060,2.606954e-02
18.6080,2.605852e-02
18.6100,2.604752e-02
18.6120,2.603651e-02
18.6140,2.602552e-02
18.6160,2.601452e-02
18.6180,2.600354e-02
18.6200,2.599256e-02
18.6220,2.598159e-02
18.6240,2.597062e-02
18.6260,2.595966e-02
18.6280,2.594870e-02
18.6300,2.593775e-02
18.6320,2.592680e-02
18.6340,2.591586e-02
18.6360,2.590493e-02
18.6380,2.589400e-02
18.6400,2.588308e-02
18.6420,2.587217e-02
18.6440,2.586125e-02
18.6460,2.585035e-02
18.6480,2.583945e-02
18.6500,2.582856e-02
18.6520,2.581767e-02
18.6540,2.580679e-02
18.6560,2.579591e-02
18.6580,2.578504e-02
18.6600,2.577418e-02
18.6620,2.576332e-02
18.6640,2.575247e-02
18.6660,2.574162e-02
18.6680,2.573078e-02
18.6700,2.571994e-02
18.6720,2.570911e-02
18.6740,2.569829e-02
18.6760,2.568747e-02
18.6780,2.567666e-02
18.6800,2.566585e-02
18.6820,2.565505e-02
18.6840,2.564425e-02
18.6860,2.563346e-02
18.6880,2.562268e-02
18.6900,2.561190e-02
18.6920,2.560112e-02
18.6940,2.559036e-02
18.6960,2.557959e-02
18.6980,2.556884e-02
18.7000,2.555809e-02
18.7020,2.554734e-02
18.7040,2.553660e-02
18.7060,2.552587e-02
18.7080,2.551514e-02
18.7100,2.550442e-02
18.7120,2.549370e-02
18.7140,2.548299e-02
18.7160,2.547228e-02
18.7180,2.546158e-02
18.7200,2.545089e-02
18.7220,2.544020e-02
18.7240,2.542952e-02
18.7260,2.541884e-02
18.7280,2.540817e-02
18.7300,2.539750e-02
18.7320,2.538684e-02
18.7340,2.537618e-02
18.7360,2.536554e-02
18.7380,2.535489e-02
18.7400,2.534425e-02
18.7420,2.533362e-02
18.7440,2.532299e-02
18.7460,2.531237e-02
18.7480,2.530175e-02
18.7500,2.529114e-02
18.7520,2.528054e-02
18.7540,2.526994e-02
18.7560,2.525935e-02
18.7580,2.524876e-02
18.7600,2.523817e-02
18.7620,2.522760e-02
18.7640,2.521703e-02
18.7660,2.520646e-02
18.7680,2.519590e-02
18.7700,2.518534e-02
18.7720,2.517479e-02
18.7740,2.516425e-02
18.7760,2.515371e-02
18.7780,2.514318e-02
18.7800,2.513265e-02
18.7820,2.512213e-02
18.7840,2.511161e-02
18.7860,2.510110e-02
18.7880,2.509060e-02
18.7900,2.508010e-02
18.7920,2.506960e-02
18.7940,2.505911e-02
18.7960,2.504863e-02
18.7980,2.503815e-02
18.8000,2.502768e-02
18.8020,2.501721e-02
18.8040,2.500675e-02
18.8060,2.499629e-02
18.8080,2.498584e-02
18.8100,2.497540e-02
18.8120,2.496496e-02
18.8140,2.495452e-02
18.8160,2.494409e-02
18.8180,2.493367e-02
18.8200,2.492325e-02
18.8220,2.491284e-02
18.8240,2.490243e-02
18.8260,2.489203e-02
18.8280,2.488164e-02
18.8300,2.487124e-02
18.8320,2.486086e-02
18.8340,2.485048e-02
18.8360,2.484010e-02
18.8380,2.482974e-02
18.8400,2.481937e-02
18.8420,2.480901e-02
18.8440,2.479866e-02
18.8460,2.478831e-02
18.8480,2.477797e-02
18.8500,2.476763e-02
18.8520,2.475730e-02
18.8540,2.474698e-02
18.8560,2.473666e-02
18.8580,2.472634e-02
18.8600,2.471603e-02
18.8620,2.470573e-02
18.8640,2.469543e-02
18.8660,2.468513e-02
18.8680,2.467484e-02
18.8700,2.466456e-02
18.8720,2.465428e-02
18.8740,2.464401e-02
18.8760,2.463374e-02
18.8780,2.462348e-02
18.8800,2.461323e-02
18.8820,2.460298e-02
18.8840,2.459273e-02
18.8860,2.458249e-02
18.8880,2.457226e-02
18.8900,2.456203e-02
18.8920,2.455180e-02
18.8940,2.454158e-02
18.8960,2.453137e-02
18.8980,2.452116e-02
18.9000,2.451096e-02
18.9020,2.450076e-02
18.9040,2.449057e-02
18.9060,2.448038e-02
18.9080,2.447020e-02
18.9100,2.446002e-02
18.9120,2.444985e-02
18.9140,2.443968e-02
18.9160,2.442952e-02
18.9180,2.441937e-02
18.9200,2.440922e-02
18.9220,2.439907e-02
18.9240,2.438893e-02
18.9260,2.437880e-02
18.9280,2.436867e-02
18.9300,2.435855e-02
18.9320,2.434843e-02
18.9340,2.433831e-02
18.9360,2.432821e-02
18.9380,2.431810e-02
18.9400,2.430801e-02
18.9420,2.429791e-02
18.9440,2.428783e-02
18.9460,2.427774e-02
18.9480,2.426767e-02
18.9500,2.425760e-02
18.9520,2.424753e-02
18.9540,2.423747e-02
18.9560,2.422741e-02
18.9580,2.421736e-02
18.9600,2.420732e-02
18.9620,2.419728e-02
18.9640,2.418724e-02
18.9660,2.417721e-02
18.9680,2.416719e-02
18.9700,2.415717e-02
18.9720,2.414716e-02
18.9740,2.413715e-02
18.9760,2.412714e-02
18.9780,2.411714e-02
18.9800,2.410715e-02
18.9820,2.409716e-02
18.9840,2.408718e-02
18.9860,2.407720e-02
18.9880,2.406723e-02
18.9900,2.405726e-02
18.9920,2.404730e-02
18.9940,2.403734e-02
18.9960,2.402739e-02
18.9980,2.401744e-02
19.0000,2.400750e-02
19.0020,2.399756e-02
19.0040,2.398763e-02
19.0060,2.397771e-02
19.0080,2.396779e-02
19.0100,2.395787e-02
19.0120,2.394796e-02
19.0140,2.393805e-02
19.0160,2.392815e-02
19.0180,2.391826e-02
19.0200,2.390837e-02
19.0220,2.389848e-02
19.0240,2.388860e-02
19.0260,2.387872e-02
19.0280,2.386885e-02
19.0300,2.385899e-02
19.0320,2.384913e-02
19.0340,2.383928e-02
19.0360,2.382943e-02
19.0380,2.381958e-02
19.0400,2.380974e-02
19.0420,2.379991e-02
19.0440,2.379008e-02
19.0460,2.378025e-02
19.0480,2.377043e-02
19.0500,2.376062e-02
19.0520,2.375081e-02
19.0540,2.374101e-02
19.0560,2.373121e-02
19.0580,2.372141e-02
19.0600,2.371162e-02
19.0620,2.370184e-02
19.0640,2.369206e-02
19.0660,2.368229e-02
19.0680,2.367252e-02
19.0700,2.366276e-02
19.0720,2.365300e-02
19.0740,2.364324e-02
19.0760,2.363350e-02
19.0780,2.362375e-02
19.0800,2.361401e-02
19.0820,2.360428e-02
19.0840,2.359455e-02
19.0860,2.358483e-02
19.0880,2.357511e-02
19.0900,2.356540e-02
19.0920,2.355569e-02
19.0940,2.354598e-02
19.0960,2.353629e-02
19.0980,2.352659e-02
19.1000,2.351690e-02
19.1020,2.350722e-02
19.1040,2.349754e-02
19.1060,2.348787e-02
19.1080,2.347820e-02
19.1100,2.346854e-02
19.1120,2.345888e-02
19.1140,2.344922e-02
19.1160,2.343957e-02
19.1180,2.342993e-02
19.1200,2.342029e-02
19.1220,2.341066e-02
19.1240,2.340103e-02
19.1260,2.339141e-02
19.1280,2.338179e-02
19.1300,2.337217e-02
19.1320,2.336256e-02
19.1340,2.335296e-02
19.1360,2.334336e-02
19.1380,2.333377e-02
19.1400,2.332418e-02
19.1420,2.331459e-02
19.1440,2.330501e-02
19.1460,2.329544e-02
19.1480,2.328587e-02
19.1500,2.327630e-02
19.1520,2.326674e-02
19.1540,2.325719e-02
19.1560,2.324764e-02
19.1580,2.323809e-02
19.1600,2.322855e-02
19.1620,2.321902e-02
19.1640,2.320949e-02
19.1660,2.319996e-02
19.1680,2.319044e-02
19.1700,2.318093e-02
19.1720,2.317141e-02
19.1740,2.316191e-02
19.1760,2.315241e-02
19.1780,2.314291e-02
19.1800,2.313342e-02
19.1820,2.312393e-02
19.1840,2.311445e-02
19.1860,2.310497e-02
19.1880,2.309550e-02
19.1900,2.308604e-02
19.1920,2.307657e-02
19.1940,2.306712e-02
19.1960,2.305766e-02
19.1980,2.304822e-02
19.2000,2.303877e-02
19.2020,2.302933e-02
19.2040,2.301990e-02
19.2060,2.301047e-02
19.2080,2.300105e-02
19.2100,2.299163e-02
19.2120,2.298222e-02
19.2140,2.297281e-02
19.2160,2.296340e-02
19.2180,2.295400e-02
19.2200,2.294461e-02
19.2220,2.293522e-02
19.2240,2.292583e-02
19.2260,2.291645e-02
19.2280,2.290708e-02
19.2300,2.289771e-02
19.2320,2.288834e-02
19.2340,2.287898e-02
19.2360,2.286962e-02
19.2380,2.286027e-02
19.2400,2.285093e-02
19.2420,2.284158e-02
19.2440,2.283225e-02
19.2460,2.282291e-02
19.2480,2.281359e-02
19.2500,2.280426e-02
19.2520,2.279494e-02
19.2540,2.278563e-02
19.2560,2.277632e-02
19.2580,2.276702e-02
19.2600,2.275772e-02
19.2620,2.274843e-02
19.2640,2.273914e-02
19.2660,2.272985e-02
19.2680,2.272057e-02
19.2700,2.271129e-02
19.2720,2.270202e-02
19.2740,2.269276e-02
19.2760,2.268350e-02
19.2780,2.267424e-02
19.2800,2.266499e-02
19.2820,2.265574e-02
19.2840,2.264650e-02
19.2860,2.263726e-02
19.2880,2.262803e-02
19.2900,2.261880e-02
19.2920,2.260958e-02
19.2940,2.260036e-02
19.2960,2.259114e-02
19.2980,2.258193e-02
19.3000,2.257273e-02
19.3020,2.256353e-02
19.3040,2.255433e-02
19.3060,2.254514e-02
19.3080,2.253596e-02
19.3100,2.252678e-02
19.3120,2.251760e-02
19.3140,2.250843e-02
19.3160,2.249926e-02
19.3180,2.249010e-02
19.3200,2.248094e-02
19.3220,2.247179e-02
19.3240,2.246264e-02
19.3260,2.245349e-02
19.3280,2.244435e-02
19.3300,2.243522e-02
19.3320,2.242609e-02
19.3340,2.241696e-02
19.3360,2.240784e-02
19.3380,2.239873e-02
19.3400,2.238961e-02
19.3420,2.238051e-02
19.3440,2.237141e-02
19.3460,2.236231e-02
19.3480,2.235321e-02
19.3500,2.234413e-02
19.3520,2.233504e-02
19.3540,2.232596e-02
19.3560,2.231689e-02
19.3580,2.230782e-02
19.3600,2.229875e-02
19.3620,2.228969e-02
19.3640,2.228064e-02
19.3660,2.227159e-02
19.3680,2.226254e-02
19.3700,2.225350e-02
19.3720,2.224446e-02
19.3740,2.223543e-02
19.3760,2.222640e-02
19.3780,2.221737e-02
19.3800,2.220835e-02
19.3820,2.219934e-02
19.3840,2.219033e-02
19.3860,2.218132e-02
19.3880,2.217232e-02
19.3900,2.216332e-02
19.3920,2.215433e-02
19.3940,2.214534e-02
19.3960,2.213636e-02
19.3980,2.212738e-02
19.4000,2.211841e-02
19.4020,2.210944e-02
19.4040,2.210048e-02
19.4060,2.209152e-02
19.4080,2.208256e-02
19.4100,2.207361e-02
19.4120,2.206466e-02
19.4140,2.205572e-02
19.4160,2.204678e-02
19.4180,2.203785e-02
19.4200,2.202892e-02
19.4220,2.202000e-02
19.4240,2.201108e-02
19.4260,2.200216e-02
19.4280,2.199325e-02
19.4300,2.198435e-02
19.4320,2.197545e-02
19.4340,2.196655e-02
19.4360,2.195766e-02
19.4380,2.194877e-02
19.4400,2.193989e-02
19.4420,2.193101e-02
19.4440,2.192213e-02
19.4460,2.191326e-02
19.4480,2.190440e-02
19.4500,2.189554e-02
19.4520,2.188668e-02
19.4540,2.187783e-02
19.4560,2.186898e-02
19.4580,2.186014e-02
19.4600,2.185130e-02
19.4620,2.184246e-02
19.4640,2.183363e-02
19.4660,2.182481e-02
19.4680,2.181599e-02
19.4700,2.180717e-02
19.4720,2.179836e-02
19.4740,2.178955e-02
19.4760,2.178075e-02
19.4780,2.177195e-02
19.4800,2.176316e-02
19.4820,2.175437e-02
19.4840,2.174558e-02
19.4860,2.173680e-02
19.4880,2.172803e-02
19.4900,2.171925e-02
19.4920,2.171049e-02
19.4940,2.170172e-02
19.4960,2.169297e-02
19.4980,2.168421e-02
19.5000,2.167546e-02
19.5020,2.166672e-02
19.5040,2.165798e-02
19.5060,2.164924e-02
19.5080,2.164051e-02
19.5100,2.163178e-02
19.5120,2.162306e-02
19.5140,2.161434e-02
19.5160,2.160562e-02
19.5180,2.159691e-02
19.5200,2.158821e-02
19.5220,2.157951e-02
19.5240,2.157081e-02
19.5260,2.156212e-02
19.5280,2.155343e-02
19.5300,2.154474e-02
19.5320,2.153606e-02
19.5340,2.152739e-02
19.5360,2.151872e-02
19.5380,2.151005e-02
19.5400,2.150139e-02
19.5420,2.149273e-02
19.5440,2.148408e-02
19.5460,2.147543e-02
19.5480,2.146679e-02
19.5500,2.145815e-02
19.5520,2.144951e-02
19.5540,2.144088e-02
19.5560,2.143225e-02
19.5580,2.142363e-02
19.5600,2.141501e-02
19.5620,2.140640e-02
19.5640,2.139779e-02
19.5660,2.138918e-02
19.5680,2.138058e-02
19.5700,2.137198e-02
19.5720,2.136339e-02
19.5740,2.135480e-02
19.5760,2.134622e-02
19.5780,2.133764e-02
19.5800,2.132906e-02
19.5820,2.132049e-02
19.5840,2.131192e-02
19.5860,2.130336e-02
19.5880,2.129480e-02
19.5900,2.128625e-02
19.5920,2.127770e-02
19.5940,2.126916e-02
19.5960,2.126061e-02
19.5980,2.125208e-02
19.6000,2.124355e-02
19.6020,2.123502e-02
19.6040,2.122649e-02
19.6060,2.121797e-02
19.6080,2.120946e-02
19.6100,2.120095e-02
19.6120,2.119244e-02
19.6140,2.118394e-02
19.6160,2.117544e-02
19.6180,2.116695e-02
19.6200,2.115846e-02
19.6220,2.114997e-02
19.6240,2.114149e-02
19.6260,2.113301e-02
19.6280,2.112454e-02
19.6300,2.111607e-02
19.6320,2.110761e-02
19.6340,2.109915e-02
19.6360,2.109069e-02
19.6380,2.108224e-02
19.6400,2.107379e-02
19.6420,2.106535e-02
19.6440,2.105691e-02
19.6460,2.104848e-02
19.6480,2.104005e-02
19.6500,2.103162e-02
19.6520,2.102320e-02
19.6540,2.101478e-02
19.6560,2.100637e-02
19.6580,2.099796e-02
19.6600,2.098955e-02
19.6620,2.098115e-02
19.6640,2.097276e-02
19.6660,2.096436e-02
19.6680,2.095598e-02
19.6700,2.094759e-02
19.6720,2.093921e-02
19.6740,2.093084e-02
19.6760,2.092246e-02
19.6780,2.091410e-02
19.6800,2.090573e-02
19.6820,2.089738e-02
19.6840,2.088902e-02
19.6860,2.088067e-02
19.6880,2.087232e-02
19.6900,2.086398e-02
19.6920,2.085564e-02
19.6940,2.084731e-02
19.6960,2.083898e-02
19.6980,2.083065e-02
19.7000,2.082233e-02
19.7020,2.081402e-02
19.7040,2.080570e-02
19.7060,2.079739e-02
19.7080,2.078909e-02
19.7100,2.078079e-02
19.7120,2.077249e-02
19.7140,2.076420e-02
19.7160,2.075591e-02
19.7180,2.074763e-02
19.7200,2.073935e-02
19.7220,2.073107e-02
19.7240,2.072280e-02
19.7260,2.071453e-02
19.7280,2.070627e-02
19.7300,2.069801e-02
19.7320,2.068975e-02
19.7340,2.068150e-02
19.7360,2.067325e-02
19.7380,2.066501e-02
19.7400,2.065677e-02
19.7420,2.064854e-02
19.7440,2.064031e-02
19.7460,2.063208e-02
19.7480,2.062386e-02
19.7500,2.061564e-02
19.7520,2.060743e-02
19.7540,2.059922e-02
19.7560,2.059101e-02
19.7580,2.058281e-02
19.7600,2.057461e-02
19.7620,2.056642e-02
19.7640,2.055823e-02
19.7660,2.055004e-02
19.7680,2.054186e-02
19.7700,2.053368e-02
19.7720,2.052551e-02
19.7740,2.051734e-02
19.7760,2.050917e-02
19.7780,2.050101e-02
19.7800,2.049286e-02
19.7820,2.048470e-02
19.7840,2.047655e-02
19.7860,2.046841e-02
19.7880,2.046027e-02
19.7900,2.045213e-02
19.7920,2.044400e-02
19.7940,2.043587e-02
19.7960,2.042774e-02
19.7980,2.041962e-02
19.8000,2.041151e-02
19.8020,2.040339e-02
19.8040,2.039528e-02
19.8060,2.038718e-02
19.8080,2.037908e-02
19.8100,2.037098e-02
19.8120,2.036289e-02
19.8140,2.035480e-02
19.8160,2.034672e-02
19.8180,2.033864e-02
19.8200,2.033056e-02
19.8220,2.032249e-02
19.8240,2.031442e-02
19.8260,2.030635e-02
19.8280,2.029829e-02
19.8300,2.029024e-02
19.8320,2.028219e-02
19.8340,2.027414e-02
19.8360,2.026609e-02
19.8380,2.025805e-02
19.8400,2.025002e-02
19.8420,2.024198e-02
19.8440,2.023395e-02
19.8460,2.022593e-02
19.8480,2.021791e-02
19.8500,2.020989e-02
19.8520,2.020188e-02
19.8540,2.019387e-02
19.8560,2.018587e-02
19.8580,2.017787e-02
19.8600,2.016987e-02
19.8620,2.016188e-02
19.8640,2.015389e-02
19.8660,2.014590e-02
19.8680,2.013792e-02
19.8700,2.012994e-02
19.8720,2.012197e-02
19.8740,2.011400e-02
19.8760,2.010604e-02
19.8780,2.009808e-02
19.8800,2.009012e-02
19.8820,2.008216e-02
19.8840,2.007422e-02
19.8860,2.006627e-02
19.8880,2.005833e-02
19.8900,2.005039e-02
19.8920,2.004246e-02
19.8940,2.003453e-02
19.8960,2.002660e-02
19.8980,2.001868e-02
19.9000,2.001076e-02
19.9020,2.000285e-02
19.9040,1.999494e-02
19.9060,1.998703e-02
19.9080,1.997913e-02
19.9100,1.997123e-02
19.9120,1.996334e-02
19.9140,1.995544e-02
19.9160,1.994756e-02
19.9180,1.993967e-02
19.9200,1.993180e-02
19.9220,1.992392e-02
19.9240,1.991605e-02
19.9260,1.990818e-02
19.9280,1.990032e-02
19.9300,1.989246e-02
19.9320,1.988460e-02
19.9340,1.987675e-02
19.9360,1.986890e-02
19.9380,1.986106e-02
19.9400,1.985322e-02
19.9420,1.984538e-02
19.9440,1.983755e-02
19.9460,1.982972e-02
19.9480,1.982190e-02
19.9500,1.981408e-02
19.9520,1.980626e-02
19.9540,1.979845e-02
19.9560,1.979064e-02
19.9580,1.978283e-02
19.9600,1.977503e-02
19.9620,1.976723e-02
19.9640,1.975944e-02
19.9660,1.975165e-02
19.9680,1.974386e-02
19.9700,1.973608e-02
19.9720,1.972830e-02
19.9740,1.972053e-02
19.9760,1.971275e-02
19.9780,1.970499e-02
19.9800,1.969722e-02
19.9820,1.968947e-02
19.9840,1.968171e-02
19.9860,1.967396e-02
19.9880,1.966621e-02
19.9900,1.965847e-02
19.9920,1.965073e-02
19.9940,1.964299e-02
19.9960,1.963526e-02
19.9980,1.962753e-02
20.0000,1.961980e-02
